nSeg,nSegNum,CV,realCV,targetMean,realMean,Density,realDensity,L,numL,gurobiMinMax,greedyMinMax,greedyT1,greedyT2,improvedMinMax,improvedT1,improvedT2,errorGreedyAbs,errorGreedy,errorImprovedAbs,errorImproved,kGreedy,kImproved,timeGreedy,timeImproved,timeGurobi
0,3,1,0.6756547733430074,82.06085620114476,83.38,1,0.78,2,1354,1278.317804361564,1291.2663181057285,1,1,1291.2663181057285,1,1,12.94851374416453,0.0101293384946879,12.94851374416453,0.0101293384946879,1.010129338494688,1.010129338494688,0.0008005797863005,0.0008004456758498,107.72267734259368
0,6,1,0.6564179289814285,84.42717700816864,78.72,1,0.882,2,1587,1302.1414335440963,1324.4493290223718,1,1,1324.4493290223718,1,1,22.30789547827544,0.0171316992944146,22.30789547827544,0.0171316992944146,1.0171316992944146,1.0171316992944146,0.0014876276254653,0.0014958307147025,209.4131320267916
0,6,1,0.626374443366672,66.02435672694514,73.44,1,0.884,2,1481,1302.5954962686642,1307.570496893633,1,1,1307.570496893633,1,1,4.975000624968743,0.0038192981928924,4.975000624968743,0.0038192981928924,1.0038192981928924,1.0038192981928924,0.0008974745869635,0.0009068101644515,180.24156612157824
0,7,1,0.668763845937066,82.8281212836071,83.4,1,0.972,2,1294,2307.0993535036555,2320.346288082187,1,2,2307.151326482135,2,2,13.246934578531636,0.0057418136580959,0.0519729784796254,2.2527412354694288e-05,1.005741813658096,1.0000225274123546,0.0019456893205642,0.0020414292812347,1774.2800758853557
1,34,1,0.8548306815137594,12.576745747630929,12.08,1,0.808,2,1372,1305.682808918746,1348.442708153634,1,1,1348.442708153634,1,1,42.75989923488783,0.0327490711701243,42.75989923488783,0.0327490711701243,1.0327490711701244,1.0327490711701244,0.0110231339931487,0.0110250264406204,170.33167655020952
0,6,1,0.6904343373280096,76.52675903740707,80.66,1,0.696,2,1525,1280.800977571192,1345.8714304939224,1,1,1345.8714304939224,1,1,65.07045292273028,0.0508044997327568,65.07045292273028,0.0508044997327568,1.0508044997327568,1.0508044997327568,0.0010064691305159,0.0010129809379576,96.46584860980512
1,14,1,0.5857259134433207,22.95309311161112,28.8,1,0.808,2,1541,1303.239625295976,1319.495559793509,1,1,1319.495559793509,1,1,16.255934497532962,0.0124734808411316,16.255934497532962,0.0124734808411316,1.0124734808411318,1.0124734808411318,0.0031062513589858,0.0031115263700484,148.9145081564784
1,10,1,0.6935885888842426,42.310178849951946,43.32,1,0.838,2,1513,1290.002750524637,1309.0217470865734,1,1,1309.0217470865734,1,1,19.018996561936547,0.0147433767518725,19.018996561936547,0.0147433767518725,1.0147433767518723,1.0147433767518723,0.0021478533744811,0.0021436661481857,174.06898238509893
1,16,1,0.7700406801047446,25.76868379212904,24.92,1,0.804,2,1461,1301.2436252799764,1354.7229106234258,1,1,1354.7229106234258,1,1,53.47928534344942,0.0410985954547464,53.47928534344942,0.0410985954547464,1.0410985954547465,1.0410985954547465,0.0052329897880554,0.0052425041794776,166.28561854362488
0,3,1,0.822044146194448,94.9222047176043,94.88,1,0.87,2,1457,1287.8728988995108,1379.805933353754,1,1,1379.805933353754,1,1,91.93303445424316,0.0713836237510705,91.93303445424316,0.0713836237510705,1.0713836237510703,1.0713836237510703,0.0007323548197745,0.0007396489381789,236.1314214617014
0,9,1,0.6607040916996865,38.02471966839184,48.14,1,0.81,2,1509,1298.363595928925,1340.8782895147656,1,1,1340.8782895147656,1,1,42.51469358584063,0.0327448287360699,42.51469358584063,0.0327448287360699,1.03274482873607,1.03274482873607,0.0016820728778838,0.0016916245222091,158.8215625807643
1,14,1,0.6792067081647101,28.21339094269045,26.92,1,0.88,2,1329,1303.5864966376412,1307.570496893633,1,1,1307.570496893633,1,1,3.9840002559917593,0.0030561840478309,3.9840002559917593,0.0030561840478309,1.003056184047831,1.003056184047831,0.0035463422536849,0.0035596564412116,173.28473748266697
1,14,1,0.7896562726670601,31.80467976605601,28.86,1,0.93,2,1359,1307.570496893633,1337.410790799784,1,1,1337.410790799784,1,1,29.840293906151143,0.0228211740606277,29.840293906151143,0.0228211740606277,1.0228211740606277,1.0228211740606277,0.0031604170799254,0.0031682029366492,193.91219429671764
0,7,1,0.6585363337421251,51.778257105022405,57.22,1,0.858,2,1442,1297.978814018151,1357.5206966469214,1,1,1357.5206966469214,1,1,59.54188262877028,0.0458727692514846,59.54188262877028,0.0458727692514846,1.0458727692514846,1.0458727692514846,0.0012809485197066,0.0012858510017394,247.25855447351933
0,5,1,0.6882108890620805,75.18742470603024,73.42,1,0.81,2,1515,1275.6583135485582,1292.7954462914013,1,1,1292.7954462914013,1,1,17.13713274284305,0.0134339521491236,17.13713274284305,0.0134339521491236,1.0134339521491236,1.0134339521491236,0.0010681748390197,0.0011208951473235,144.10201985388994
0,4,1,0.683439579007882,98.149557282156,97.48,1,0.932,2,1467,1297.730806389108,1360.6625903429472,1,1,1360.6625903429472,1,1,62.93178395383916,0.0484937119809498,62.93178395383916,0.0484937119809498,1.04849371198095,1.04849371198095,0.0010967031121253,0.0011064931750297,218.288545191288
1,16,1,0.5880626903997563,25.44590345467313,26.7,1,0.854,2,1553,1303.3685958639262,1334.44741259985,1,1,1334.44741259985,1,1,31.078816735923738,0.023844994297506,31.078816735923738,0.023844994297506,1.023844994297506,1.023844994297506,0.0038783773779868,0.0038848221302032,183.34029882401228
1,16,1,0.5812229928723538,41.23966249869278,39.56,1,0.838,2,1381,1300.3595959449249,1332.6980779478672,1,1,1332.6980779478672,1,1,32.33848200294233,0.0248688763506552,32.33848200294233,0.0248688763506552,1.0248688763506553,1.0248688763506553,0.0028872564435005,0.0028936564922332,170.13360968232155
1,22,1,0.7040889301628102,18.754878754235,20.3,1,0.802,2,1459,1301.9307570035753,1301.9307570035753,1,1,1301.9307570035753,1,1,0.0,0.0,0.0,0.0,1.0,1.0,0.0056501626968383,0.0056554898619651,146.24119184166193
0,2,1,0.6174815610328277,95.22472728579385,110.8,1,0.658,2,1529,1239.5038100331856,1476.4026235345032,0,1,1239.503810157236,1,1,236.8988135013176,0.1911239090866328,1.2405052984831857e-07,1.0008079752897031e-10,1.1911239090866328,1.0000000001000808,0.0005833059549331,0.000660628080368,105.85227999836206
0,6,1,0.7811156528710412,63.527268242906594,60.3,1,0.874,2,1517,1287.2375485802254,1293.4054797449237,1,1,1293.4054797449237,1,1,6.167931164698302,0.0047916028952863,6.167931164698302,0.0047916028952863,1.0047916028952864,1.0047916028952864,0.0009927302598952,0.0009992793202399,194.53828813135624
0,7,1,0.6517875077866738,34.85047139525212,42.32,1,0.882,2,1428,1296.4863733437892,1313.7413078423224,1,1,1313.7413078423224,1,1,17.254934498533203,0.013308997960411,17.254934498533203,0.013308997960411,1.013308997960411,1.013308997960411,0.0014741569757461,0.00148157030344,189.6277751103044
0,6,1,0.8354758223326372,95.77265336082807,102.46,1,0.91,2,1606,1306.5714967618758,1379.5580313743194,1,1,1379.5580313743194,1,1,72.98653461244362,0.0558611103895415,72.98653461244362,0.0558611103895415,1.0558611103895414,1.0558611103895414,0.0026560574769973,0.0026782229542731,220.34219140559435
1,29,1,0.5576449128935921,14.426277798373544,16.44,1,0.824,2,1295,2301.6475222206323,2320.362576364256,1,2,2302.0027065902486,2,2,18.715054143623547,0.0081311556017783,0.3551843696163814,0.0001543174470405,1.0081311556017782,1.0001543174470406,0.0100626498460769,0.0101487338542937,389.9699571803212
0,5,1,0.6969163966029968,88.2692797608595,85.02,1,0.96,2,1273,2304.729703824425,2336.024028547936,1,2,2304.729703824425,2,2,31.294324723510726,0.0135783058080873,0.0,0.0,1.0135783058080874,1.0,0.0010995939373969,0.0011702552437781,402.79261673241854
1,18,1,0.6358287815586008,17.82796670093455,18.24,1,0.812,2,1249,2295.40289450781,2342.003665881404,1,2,2295.40289450781,2,2,46.60077137359394,0.0203017829615424,0.0,0.0,1.0203017829615424,1.0,0.0056539997458457,0.0057621896266936,257.09191451221704
0,3,1,0.6037680925672501,93.20100922967488,105.02,1,0.73,2,1552,1239.7185864004657,1477.5515827140373,0,1,1239.7185865245376,1,1,237.8329963135716,0.1918443418712644,1.240719029738102e-07,1.0008069922872908e-10,1.1918443418712643,1.0000000001000806,0.0007257312536239,0.0007879436016082,167.36660787463188
0,3,1,0.5318234539244251,96.91109640659752,116.62,1,0.73,2,1590,1251.6015853219892,1501.9740867654698,0,1,1251.6015853219892,1,1,250.3725014434806,0.2000416940819624,0.0,0.0,1.2000416940819625,1.0,0.0007056891918182,0.0007662698626517,115.66335451602936
0,5,1,0.8106190261800442,75.16522928030801,76.92,1,0.936,2,1469,1304.2406252949763,1329.9151689367654,1,1,1329.9151689367654,1,1,25.674543641789118,0.0196854346842496,25.674543641789118,0.0196854346842496,1.0196854346842497,1.0196854346842497,0.0009231716394423,0.0010467171669004,255.3640356659889
1,27,1,0.6609279860507886,17.498361999410548,17.74,1,0.844,2,1573,1305.574496877633,1329.0113025839764,1,1,1329.0113025839764,1,1,23.43680570634342,0.0179513354177751,23.43680570634342,0.0179513354177751,1.0179513354177752,1.0179513354177752,0.0124237090349196,0.0124376416206358,198.96667461842296
0,9,1,0.7409065405703484,56.933076961168624,48.5,1,0.91,2,1580,1305.1264339294023,1307.1264339294023,1,1,1307.1264339294023,1,1,2.0,0.0015324185826031,2.0,0.0015324185826031,1.0015324185826031,1.0015324185826031,0.0015848204493522,0.0015903636813163,210.26625555753708
0,2,1,0.8006486360661366,87.31659669669335,99.32,1,0.534,2,1301,1192.0789567166378,1192.0789567166378,1,1,1192.0789567166378,1,1,0.0,0.0,0.0,0.0,1.0,1.0,0.0005103945732115,0.0005200654268263,31.334748275578026
0,3,1,0.7475858906826807,93.36472175749668,88.46,1,0.93,2,1442,1292.185987164838,1293.1849871658378,1,1,1293.1849871658378,1,1,0.9990000009997856,0.0007731085237905,0.9990000009997856,0.0007731085237905,1.0007731085237903,1.0007731085237903,0.0006398037075995,0.0006418749690054,218.1661302819848
1,14,1,0.793950255916646,45.1915485141477,45.48,1,0.8,2,1250,2312.238169181406,2375.655412246073,1,2,2312.835075980688,2,2,63.41724306466676,0.0274267780499091,0.5969067992818964,0.0002581510880832,1.0274267780499091,1.0002581510880832,0.0029800981283187,0.0030536651611327,157.5289860367775
0,7,1,0.8310307148445212,96.45151576906612,81.34,1,0.898,2,1470,1299.3605958138885,1338.00406691463,1,1,1338.00406691463,1,1,38.64347110074141,0.0297403747852889,38.64347110074141,0.0297403747852889,1.029740374785289,1.029740374785289,0.0019116327166556,0.0019243881106376,201.21455645561213
0,7,1,0.7046253595009561,76.37272457148394,74.8,1,0.926,2,1418,1305.574496877633,1325.8943919856024,1,1,1325.8943919856024,1,1,20.319895107969387,0.0155639491707028,20.319895107969387,0.0155639491707028,1.015563949170703,1.015563949170703,0.0012544989585876,0.0012597516179084,224.8745243921876
1,17,1,0.6860612012848949,24.799256936183667,24.42,1,0.862,2,1500,1301.2436252799764,1325.723391266462,1,1,1325.723391266462,1,1,24.47976598648552,0.0188125924391894,24.47976598648552,0.0188125924391894,1.018812592439189,1.018812592439189,0.0047853216528892,0.0047919824719428,204.6592852026224
1,33,1,0.6920012893767286,11.042819891821146,11.5,1,0.824,2,1265,2307.9476647948804,2351.7036867450274,1,2,2308.8176214965742,2,2,43.75602195014699,0.0189588449589197,0.869956701693809,0.0003769395272535,1.0189588449589198,1.0003769395272537,0.0137390345335005,0.0138148590922354,236.0453024804592
0,7,1,0.6102736903057155,58.7840694535487,65.9,1,0.854,2,1272,2291.860779414521,2317.164286654003,1,2,2294.4608166966023,2,2,25.30350723948186,0.0110405952520143,2.6000372820813027,0.0011344656296031,1.0110405952520145,1.001134465629603,0.0034106522798538,0.0035151988267898,226.9705658629537
1,13,1,0.6939826217812111,31.087495940307587,34.44,1,0.83,2,1519,1302.7998864921394,1362.0373985329077,1,1,1362.0373985329077,1,1,59.23751204076825,0.0454693868605319,59.23751204076825,0.0454693868605319,1.045469386860532,1.045469386860532,0.0025068670511244,0.0025125145912169,154.5571172386408
0,3,1,0.7367617497652205,79.2406036414072,85.58,1,0.61,2,1448,1289.2383207762734,1362.6963437860056,1,1,1362.6963437860056,1,1,73.45802300973219,0.0569778463965466,73.45802300973219,0.0569778463965466,1.056977846396547,1.056977846396547,0.0009372383356093,0.0009336918592452,66.14168163388968
1,24,1,0.6178789675927645,15.338201818266338,15.82,1,0.84,2,1504,1307.1264339294023,1307.1264339294023,1,1,1307.1264339294023,1,1,0.0,0.0,0.0,0.0,1.0,1.0,0.0078159421682357,0.0078216418623923,186.2570635005832
1,29,1,0.7936524956684399,15.94668347173784,15.38,1,0.81,2,1292,2305.105833332316,2326.300254655447,1,2,2305.6788859379703,2,2,21.194421323131337,0.0091945545478457,0.5730526056545386,0.0002486014296472,1.0091945545478458,1.0002486014296472,0.0095679238438605,0.0096257030963897,580.1260107755661
0,2,1,0.6669920368647387,98.03635151458114,109.0,1,0.858,2,1456,1265.0734017236446,1281.275397555411,1,1,1281.275397555411,1,1,16.201995831766453,0.0128071587069109,16.201995831766453,0.0128071587069109,1.012807158706911,1.012807158706911,0.0004833340644835,0.0004896447062491,179.4661060795188
1,14,1,0.6258028002746063,39.68964614254984,44.08,1,0.97,2,1455,1307.570496893633,1322.7954462914013,1,1,1322.7954462914013,1,1,15.22494939776834,0.011643692966412,15.22494939776834,0.011643692966412,1.011643692966412,1.011643692966412,0.0030015781521796,0.0030087232589721,250.3348430916667
0,6,1,0.792594821028178,85.77334913432587,72.36,1,0.908,2,1558,1306.1254339304023,1306.1254339304023,1,1,1306.1254339304023,1,1,0.0,0.0,0.0,0.0,1.0,1.0,0.0014431029558181,0.0014415532350539,199.515015527606
1,17,1,0.6745286593979553,21.6830689107612,24.56,1,0.816,2,1337,1305.5744967469757,1317.6704868956324,1,1,1317.6704868956324,1,1,12.09599014865671,0.0092648793146584,12.09599014865671,0.0092648793146584,1.0092648793146586,1.0092648793146586,0.0040258318185805,0.0040330067276953,138.81654285639524
0,7,1,0.7443776871091774,82.3998340597398,78.66,1,0.91,2,1605,1303.6828087882775,1331.3573525605352,1,1,1331.3573525605352,1,1,27.67454377225772,0.0212279732352842,27.67454377225772,0.0212279732352842,1.0212279732352842,1.0212279732352842,0.0013259276747703,0.0013355836272239,210.33348527550697
0,8,1,0.63208445980283,47.522111867361545,59.74,1,0.902,2,1247,2305.6694696980103,2363.755782973637,1,2,2305.744231582691,2,2,58.08631327562671,0.025192818848937,0.0747618846808109,3.242523946444197e-05,1.025192818848937,1.0000324252394643,0.0020223632454871,0.0020977780222892,326.2237038165331
0,4,1,0.6435019776481411,78.47977551685334,81.58,1,0.708,2,1328,1299.255624909959,1303.239625295976,1,1,1303.239625295976,1,1,3.984000386017215,0.0030663714742765,3.984000386017215,0.0030663714742765,1.0030663714742765,1.0030663714742765,0.0007123351097106,0.0007123351097106,75.7429473772645
1,28,1,0.7430421573042406,15.834519299779448,15.7,1,0.812,2,1490,1307.570496893633,1316.6514903336956,1,1,1316.6514903336956,1,1,9.080993440062684,0.0069449360180856,9.080993440062684,0.0069449360180856,1.0069449360180855,1.0069449360180855,0.0092589333653449,0.0092611610889434,167.48329531401396
1,23,1,0.8290776872600496,22.86847492051785,19.44,1,0.808,2,1594,1307.570496893633,1332.1461654992895,1,1,1332.1461654992895,1,1,24.57566860565657,0.0187949090806503,24.57566860565657,0.0187949090806503,1.0187949090806503,1.0187949090806503,0.0063263550400733,0.0063308030366897,162.84327948093414
0,7,1,0.7424767861045565,55.114636864136216,53.36,1,0.822,2,1543,1301.9307570035753,1330.3064187822656,1,1,1330.3064187822656,1,1,28.3756617786903,0.0217950621613683,28.3756617786903,0.0217950621613683,1.0217950621613685,1.0217950621613685,0.001178205013275,0.0011835321784018,157.8785599246621
0,7,1,0.6309758025405828,56.77330524470131,63.7,1,0.906,2,1400,1290.2513198004394,1290.2513198004394,1,1,1290.2513198004394,1,1,0.0,0.0,0.0,0.0,1.0,1.0,0.0015170499682425,0.0015102997422217,192.02808762341732
0,5,1,0.6898493270091359,97.24546016432124,97.64,1,0.746,2,1505,1293.802794282288,1293.802794282288,1,1,1293.802794282288,1,1,0.0,0.0,0.0,0.0,1.0,1.0,0.0007521733641623,0.0007568076252936,109.70921944081783
0,6,1,0.6856894728001945,78.661804757697,79.94,1,0.854,2,1312,1282.8354516613938,1296.8215254412137,1,1,1296.8215254412137,1,1,13.98607377981989,0.0109024690280476,13.98607377981989,0.0109024690280476,1.0109024690280477,1.0109024690280477,0.0028590634465217,0.0028613656759261,140.5102599710226
0,8,1,0.6612083692136954,82.98002750043595,80.62,1,0.79,2,1251,2294.027905636427,2336.25139591703,1,2,2294.027905636427,2,2,42.22349028060307,0.0184058311482872,0.0,0.0,1.0184058311482873,1.0,0.0017444416880606,0.0018188953399657,225.90118747204545
0,3,1,0.849309519841127,91.03851404484192,88.36,1,0.676,2,1488,1254.6300644904716,1312.047387338842,1,1,1312.047387338842,1,1,57.41732284837053,0.0457643447845232,57.41732284837053,0.0457643447845232,1.0457643447845233,1.0457643447845233,0.0007053688168524,0.0007115453481673,84.45068900287151
1,10,1,0.7837814947810131,63.11276883771203,67.02,1,0.846,2,1257,2297.4108155405847,2337.850289930329,1,2,2297.4108155405843,2,2,40.43947438974419,0.0176021955308105,-4.547473508864641e-13,-1.979390659303836e-16,1.0176021955308103,0.9999999999999998,0.0020860880613326,0.0021871551871299,227.36736596375704
0,8,1,0.5081564854092935,35.81246388327103,46.88,1,0.808,2,1589,1301.6064955977265,1349.3137126144102,1,1,1349.3137126144102,1,1,47.70721701668367,0.0366525652553504,47.70721701668367,0.0366525652553504,1.0366525652553504,1.0366525652553504,0.0033389031887054,0.0033733397722243,154.72463923692703
0,6,1,0.7391851690629331,81.13339418914558,70.8,1,0.892,2,1580,1295.4893733287895,1326.268759650685,1,1,1326.268759650685,1,1,30.77938632189557,0.0237588875336022,30.77938632189557,0.0237588875336022,1.0237588875336023,1.0237588875336023,0.0010346323251723,0.0010400637984275,203.82954828441143
1,24,1,0.6625873035892598,14.815681660818122,17.94,1,0.846,2,1373,1305.682808918746,1328.2105293744266,1,1,1328.2105293744266,1,1,22.527720455680537,0.0172535935234806,22.527720455680537,0.0172535935234806,1.0172535935234808,1.0172535935234808,0.0076294019818305,0.0076824575662612,178.83280211687088
1,11,1,0.5955373670777974,34.02870036308384,40.66,1,0.82,2,1452,1291.754458221331,1291.754458221331,1,1,1291.754458221331,1,1,0.0,0.0,0.0,0.0,1.0,1.0,0.002001792192459,0.0020049139857291,146.93210185319185
0,8,1,0.635645712360423,79.44083289461082,79.82,1,0.858,2,1342,1294.269413200372,1294.269413200372,1,1,1294.269413200372,1,1,0.0,0.0,0.0,0.0,1.0,1.0,0.0010317936539649,0.0010367408394812,141.1386597007513
0,8,1,0.6881463927913735,40.306876615713975,39.44,1,0.884,2,1430,1302.7998864921394,1302.7998864921394,1,1,1302.7998864921394,1,1,0.0,0.0,0.0,0.0,1.0,1.0,0.00138720870018,0.0013906732201576,180.8954142779112
1,21,1,0.735370922752721,20.130750423426303,21.28,1,0.832,2,1614,1300.1614326344957,1603.6108072751915,0,1,1302.1414336744106,1,1,303.44937464069585,0.2333936133037121,1.980001039914896,0.0015228886123032,1.2333936133037122,1.001522888612303,0.0049088746309279,0.0049588829278945,187.61347199976444
1,38,1,0.7608778528713925,10.754934458420436,11.72,1,0.824,2,1365,1307.1264339294023,1322.7954462914013,1,1,1322.7954462914013,1,1,15.669012361998966,0.0119873731838593,15.669012361998966,0.0119873731838593,1.0119873731838591,1.0119873731838591,0.0135633721947669,0.0135615393519401,176.5938033759594
0,8,1,0.6567684615431009,73.10587539157615,81.46,1,0.86,2,1566,1291.4405893849876,1330.199889851076,1,1,1330.199889851076,1,1,38.75930046608846,0.0300124533677127,38.75930046608846,0.0300124533677127,1.0300124533677129,1.0300124533677129,0.0016076043248175,0.0016151145100592,186.06451545655727
1,21,1,0.7316706983609824,20.06370398114955,17.94,1,0.8,2,1556,1300.3595959449249,1312.503575214895,1,1,1312.503575214895,1,1,12.143979269970032,0.0093389392502198,12.143979269970032,0.0093389392502198,1.00933893925022,1.00933893925022,0.0053631886839865,0.0053683146834372,158.12806909531355
0,6,1,0.7071453034820702,55.90393845136264,47.9,1,0.778,2,1251,2272.1839736749225,2305.037295843342,1,2,2277.9023467083507,2,2,32.853322168419254,0.0144589181813846,5.718373033428179,0.0025166857524215,1.0144589181813848,1.0025166857524217,0.0013325810432433,0.0014083981513976,159.54909794032574
0,7,1,0.5740099961553248,43.25219120850148,52.02,1,0.86,2,1568,1299.059448076644,1346.6444802767255,1,1,1346.6444802767255,1,1,47.58503220008152,0.0366303730522377,47.58503220008152,0.0366303730522377,1.0366303730522377,1.0366303730522377,0.0012604445219039,0.0012635365128516,188.78592028468847
0,8,1,0.6935704722665175,48.78593224286767,50.0,1,0.784,2,1421,1294.111095344418,1298.1910787098636,1,1,1298.1910787098636,1,1,4.079983365445742,0.003152730380045,4.079983365445742,0.003152730380045,1.0031527303800452,1.0031527303800452,0.0021200478076934,0.0021197497844695,132.99196065217257
0,3,1,0.6310223668728322,89.26629683648899,107.24,1,0.844,2,1535,1282.2033222002042,1300.7633563605527,1,1,1300.7633563605527,1,1,18.56003416034855,0.0144751100227227,18.56003416034855,0.0144751100227227,1.0144751100227227,1.0144751100227227,0.000846967101097,0.0008704215288161,169.9587865397334
1,12,1,0.6190466243178759,43.71197332519497,50.48,1,0.934,2,1371,1304.8078864121408,1326.93136666664,1,1,1326.93136666664,1,1,22.123480254499327,0.0169553544892595,22.123480254499327,0.0169553544892595,1.0169553544892596,1.0169553544892596,0.0025718882679939,0.002582736313343,207.98826736211777
1,29,1,0.6321974658767855,12.20661798604409,14.46,1,0.804,2,1592,1307.12643379859,1345.9376278465904,1,1,1345.9376278465904,1,1,38.81119404800052,0.0296919969212257,38.81119404800052,0.0296919969212257,1.0296919969212257,1.0296919969212257,0.0114100500941276,0.0114160180091857,175.02437275648117
0,5,1,0.696344502747071,89.46276452254418,95.42,1,0.804,2,1445,1276.4744301339288,1276.4744301339288,1,1,1276.4744301339288,1,1,0.0,0.0,0.0,0.0,1.0,1.0,0.0013080313801764,0.001324027776718,146.57834618538618
1,18,1,0.8341379006694578,34.98696041865114,32.82,1,0.828,2,1308,1300.7998864921394,1301.9307570035753,1,1,1301.9307570035753,1,1,1.1308705114358872,0.0008693654751811,1.1308705114358872,0.0008693654751811,1.0008693654751812,1.0008693654751812,0.0036654546856879,0.0036693140864371,137.12869554758072
1,26,1,0.6849695166368114,18.21914820373396,19.14,1,0.81,2,1576,1303.134433849404,1303.134433849404,1,1,1303.134433849404,1,1,0.0,0.0,0.0,0.0,1.0,1.0,0.0072534531354904,0.0072580575942993,171.8338281735778
0,7,1,0.6968269452723074,71.56761502300628,74.88,1,0.85,2,1284,2290.356404712842,2297.40528480553,1,2,2290.3564047128425,2,2,7.048880092687796,0.0030776345891772,4.547473508864641e-13,1.9854872802797652e-16,1.0030776345891772,1.0000000000000002,0.0023171305656432,0.0024002417922019,261.2331772521138
0,9,1,0.6003311888087648,37.85509198441282,40.94,1,0.888,2,1422,1305.682808918746,1327.1655748902317,1,1,1327.1655748902317,1,1,21.482765971485605,0.0164532808617399,21.482765971485605,0.0164532808617399,1.01645328086174,1.01645328086174,0.0015006586909293,0.0015062764286994,230.71963216364384
0,7,1,0.6561117207582473,66.21487673842157,76.58,1,0.914,2,1282,2300.0814070191354,2350.5018689748417,1,2,2300.0814070191354,2,2,50.42046195570629,0.0219211640952527,0.0,0.0,1.0219211640952528,1.0,0.0020006895065307,0.0021035596728324,370.2673651501536
0,3,1,0.686068226491097,86.37917857524924,92.92,1,0.62,2,1580,1229.3611947250104,1445.0700121219534,0,1,1229.3611947250104,1,1,215.708817396943,0.175464150261546,0.0,0.0,1.1754641502615462,1.0,0.0008954778313636,0.0009960532188415,90.63420865684748
0,6,1,0.6847373210522614,58.829806842471456,64.24,1,0.94,2,1573,1301.2436252799764,1303.239625295976,1,1,1303.239625295976,1,1,1.996000015999698,0.0015339172290432,1.996000015999698,0.0015339172290432,1.0015339172290434,1.0015339172290434,0.0011269748210906,0.0011339783668517,227.883546628058
1,36,1,0.6355949309055154,10.291412501582869,11.06,1,0.814,2,1440,1307.1264339294023,1315.206427370465,1,1,1315.206427370465,1,1,8.079993441062697,0.0061814934128239,8.079993441062697,0.0061814934128239,1.006181493412824,1.006181493412824,0.0133724585175513,0.0133770257234572,176.90314672142267
0,6,1,0.6898185141974539,47.5641498439235,47.74,1,0.862,2,1519,1297.200986909846,1359.485822651504,1,1,1359.485822651504,1,1,62.28483574165784,0.0480147921333539,62.28483574165784,0.0480147921333539,1.048014792133354,1.048014792133354,0.001115471124649,0.0011246651411056,202.75603095442057
0,5,1,0.6361191635861313,73.70989521582727,74.48,1,0.752,2,1562,1276.2513198004394,1552.270873664364,0,1,1276.2513198004394,1,1,276.01955386392456,0.216273667718584,0.0,0.0,1.216273667718584,1.0,0.0010004341602325,0.0010614693164825,183.3268130049109
0,8,1,0.6984391795853465,49.886778921907286,53.2,1,0.9,2,1489,1294.7817989217451,1304.681808919746,1,1,1304.681808919746,1,1,9.900009998000767,0.0076460836924377,9.900009998000767,0.0076460836924377,1.0076460836924377,1.0076460836924377,0.001641847193241,0.00164907425642,213.29654295742512
1,31,1,0.7518998338321892,11.760999815224372,11.84,1,0.836,2,1442,1307.570496893633,1324.8594134208734,1,1,1324.8594134208734,1,1,17.288916527240417,0.0132221678053407,17.288916527240417,0.0132221678053407,1.0132221678053408,1.0132221678053408,0.0123266428709029,0.0123460590839385,246.54202158004043
1,12,1,0.6739437262057106,35.89539426117588,37.0,1,0.814,2,1433,1291.9707546838092,1321.4055230550598,1,1,1321.4055230550598,1,1,29.434768371250584,0.0227828441662012,29.434768371250584,0.0227828441662012,1.0227828441662012,1.0227828441662012,0.0021978467702865,0.0022023990750312,150.36271378397942
1,10,1,0.6070360921242375,51.56214153623223,55.5,1,0.84,2,1481,1300.697808663754,1362.6977132408715,1,1,1362.6977132408715,1,1,61.9999045771176,0.0476666479824487,61.9999045771176,0.0476666479824487,1.0476666479824488,1.0476666479824488,0.0016726478934287,0.0016773492097853,220.59117055684328
0,3,1,0.6411929651562688,93.75141947156672,97.26,1,0.84,2,1496,1292.7954462914013,1361.1647666580225,1,1,1361.1647666580225,1,1,68.3693203666212,0.0528848709691467,68.3693203666212,0.0528848709691467,1.0528848709691467,1.0528848709691467,0.0006792470812797,0.0006809532642364,171.3279660269618
1,14,1,0.6240272084462877,23.183676044968628,29.26,1,0.81,2,1491,1296.2886228952116,1296.2886228952116,1,1,1296.2886228952116,1,1,0.0,0.0,0.0,0.0,1.0,1.0,0.0064495876431464,0.006496526300907,151.15674267709255
1,27,1,0.7167493394440403,16.503305666456384,14.54,1,0.824,2,1492,1306.571496892633,1337.410790799784,1,1,1337.410790799784,1,1,30.83929390715116,0.0236032195562929,30.83929390715116,0.0236032195562929,1.023603219556293,1.023603219556293,0.016395054757595,0.0164105892181396,188.49041589349508
0,9,1,0.6859760126139178,53.59370540446498,58.04,1,0.95,2,1508,1307.570496893633,1324.8594134208734,1,1,1324.8594134208734,1,1,17.288916527240417,0.0132221678053407,17.288916527240417,0.0132221678053407,1.0132221678053408,1.0132221678053408,0.0015535354614257,0.0015585869550704,237.1239085122943
1,11,1,0.6549317100325482,33.4387982724426,38.08,1,0.806,2,1448,1302.937756828582,1382.9691856918143,1,1,1382.9691856918143,1,1,80.03142886323235,0.0614238312181796,80.03142886323235,0.0614238312181796,1.0614238312181796,1.0614238312181796,0.0022628679871559,0.0022699460387229,179.93988926708698
1,12,1,0.6516175293630985,33.3488576929992,39.22,1,0.81,2,1312,1295.5357146377096,1303.239625295976,1,1,1303.239625295976,1,1,7.703910658266523,0.0059465058131731,7.703910658266523,0.0059465058131731,1.0059465058131731,1.0059465058131731,0.0018203184008598,0.0018267035484313,128.62645363807678
0,8,1,0.7348227461428827,64.62815512816985,66.24,1,0.81,2,1469,1297.978814018151,1422.0314918314612,1,1,1422.0314918314612,1,1,124.05267781331008,0.0955737308448667,124.05267781331008,0.0955737308448667,1.0955737308448668,1.0955737308448668,0.0013032853603362,0.0013092905282974,236.4973686039448
0,8,1,0.4729935523182675,35.51293501183224,45.52,1,0.864,2,1411,1293.1849871658378,1302.2659806059005,1,1,1302.2659806059005,1,1,9.080993440062684,0.0070221921304273,9.080993440062684,0.0070221921304273,1.0070221921304272,1.0070221921304272,0.0013460069894789,0.0013513267040251,159.67611000686884
1,22,1,0.7318322393607121,22.895978710789088,20.7,1,0.826,2,1539,1302.9377566981882,1324.5463669470937,1,1,1324.5463669470937,1,1,21.608610248905507,0.0165845299499682,21.608610248905507,0.0165845299499682,1.0165845299499685,1.0165845299499685,0.0057269260287284,0.0057324022054672,177.6709715127945
0,8,1,0.7337198263300186,47.52554517988724,50.22,1,0.804,2,1396,1292.6209848091198,1300.6529836585753,1,1,1300.6529836585753,1,1,8.031998849455476,0.0062137308181187,8.031998849455476,0.0062137308181187,1.0062137308181187,1.0062137308181187,0.0045727863907813,0.0045724436640738,134.14902863651514
0,9,1,0.6331869770705232,68.39393421948135,73.44,1,0.936,2,1419,1305.682808918746,1307.6908088387472,1,1,1307.6908088387472,1,1,2.007999920001112,0.0015378925925079,2.007999920001112,0.0015378925925079,1.001537892592508,1.001537892592508,0.0016863718628882,0.0016779005527495,218.60073882341385
1,11,1,0.6803646693228036,33.66724602168402,36.28,1,0.884,2,1371,1299.2209858699312,1313.7628023598086,1,1,1313.7628023598086,1,1,14.54181648987742,0.0111927198282904,14.54181648987742,0.0111927198282904,1.0111927198282904,1.0111927198282904,0.0043393373489379,0.0043617114424705,171.70540418475866
1,22,1,0.6316761965478191,15.660901199740822,17.42,1,0.808,2,1417,1298.1894298349266,1308.6492966415458,1,1,1308.6492966415458,1,1,10.459866806619177,0.0080572731268881,10.459866806619177,0.0080572731268881,1.0080572731268882,1.0080572731268882,0.0065258443355559,0.0065312236547469,148.73695544153452
1,10,1,0.8559887352535359,71.92214862365668,57.76,1,0.808,2,1364,1301.9307570035753,1310.7178076238392,1,1,1310.7178076238392,1,1,8.787050620263926,0.0067492457436734,8.787050620263926,0.0067492457436734,1.0067492457436735,1.0067492457436735,0.0016443133354186,0.00165007263422,135.53218217939138
0,7,1,0.607354961386633,66.5684373515945,70.22,1,0.904,2,1537,1305.574496877633,1305.574496877633,1,1,1305.574496877633,1,1,0.0,0.0,0.0,0.0,1.0,1.0,0.0010057911276817,0.0010112226009368,205.1339174881577
0,7,1,0.6879437645666768,82.62030117737926,84.58,1,0.924,2,1548,1297.2756238702418,1341.6067562489336,1,1,1341.6067562489336,1,1,44.33113237869179,0.0341724854479543,44.33113237869179,0.0341724854479543,1.0341724854479544,1.0341724854479544,0.0014266818761824,0.0014320835471152,226.0686265975237
0,6,1,0.6538260729026266,54.31521609484966,51.54,1,0.842,2,1292,1287.2183219452122,1290.3254015495763,1,1,1290.3254015495763,1,1,3.1070796043641167,0.0024137937996941,3.1070796043641167,0.0024137937996941,1.0024137937996942,1.0024137937996942,0.0020516589283942,0.0020857453346251,128.6843331977725
0,5,1,0.7716383889446212,97.03941650785404,98.5,1,0.954,2,1326,1301.5013730887974,1304.681808919746,1,1,1304.681808919746,1,1,3.180435830948454,0.0024436669040159,3.180435830948454,0.0024436669040159,1.002443666904016,1.002443666904016,0.0008130446076392,0.0008101761341094,205.158528611064
0,6,1,0.6255468159613332,61.77717050890464,59.56,1,0.868,2,1484,1300.7998864921394,1302.7998864921394,1,1,1302.7998864921394,1,1,2.0,0.0015375155093174,2.0,0.0015375155093174,1.0015375155093174,1.0015375155093174,0.0010717213153838,0.0010773241519927,178.56175626814365
1,19,1,0.7491837545855757,21.558210206797867,18.54,1,0.836,2,1350,1301.2436252799764,1304.2406252949763,1,1,1304.2406252949763,1,1,2.9970000149999123,0.0023031813234474,2.9970000149999123,0.0023031813234474,1.0023031813234475,1.0023031813234475,0.0039778426289558,0.0039830356836318,141.46955774724483
0,3,1,0.615249406524841,97.65277321855274,106.44,1,0.866,2,1345,1292.9031564610627,1303.239625295976,1,1,1303.239625295976,1,1,10.336468834913376,0.0079947742282619,10.336468834913376,0.0079947742282619,1.007994774228262,1.007994774228262,0.0008354634046554,0.000827170908451,143.361224450171
0,7,1,0.6627866073479155,64.60091038236757,70.6,1,0.848,2,1317,1291.7266704770907,1302.1063774836953,1,1,1302.1063774836953,1,1,10.379707006604576,0.0080355289116782,10.379707006604576,0.0080355289116782,1.0080355289116782,1.0080355289116782,0.0010928511619567,0.0010993480682372,140.00691802054644
1,10,1,0.6828586475849024,41.044118632707054,46.86,1,0.968,2,1538,1307.570496893633,1307.570496893633,1,1,1307.570496893633,1,1,0.0,0.0,0.0,0.0,1.0,1.0,0.0018396228551864,0.0018385872244834,242.9685266688466
1,11,1,0.7044989402352978,59.21396311675026,58.24,1,0.904,2,1280,2308.140260131216,2336.477583474881,1,2,2308.140260131216,2,2,28.337323343665048,0.0122771236363487,0.0,0.0,1.0122771236363488,1.0,0.0023551806807517,0.002410940825939,414.2531307786703
0,7,1,0.6066967651860523,36.55886883043216,43.12,1,0.83,2,1421,1280.8129464253525,1351.5245311297208,1,1,1351.5245311297208,1,1,70.7115847043683,0.0552083619249155,70.7115847043683,0.0552083619249155,1.0552083619249155,1.0552083619249155,0.0027716159820556,0.0027862116694449,155.47276854515076
0,8,1,0.7546242798606968,44.48207429315752,43.58,1,0.856,2,1616,1296.225423932402,1592.1725333702962,0,1,1296.225423932402,1,1,295.94710943789414,0.2283145384851884,0.0,0.0,1.2283145384851886,1.0,0.0022295638918876,0.0023187696933746,305.9773448854685
1,11,1,0.7384101046591894,48.35298050264789,48.46,1,0.958,2,1535,1307.570496893633,1332.1461654992895,1,1,1332.1461654992895,1,1,24.57566860565657,0.0187949090806503,24.57566860565657,0.0187949090806503,1.0187949090806503,1.0187949090806503,0.0024280846118926,0.0024362951517104,263.5762708708644
0,3,1,0.6593442322593733,98.58792213959296,116.14,1,0.66,2,1563,1236.1483757229275,1471.7483039769972,0,1,1236.1483757229275,1,1,235.5999282540697,0.1905919490581262,0.0,0.0,1.1905919490581265,1.0,0.0009276643395422,0.0009998530149458,111.16248508542776
0,8,1,0.7467924490363547,63.53260228013805,68.0,1,0.906,2,1299,2305.155712607418,2311.2277061284794,1,2,2305.155712607418,2,2,6.071993521061359,0.0026340925638351,0.0,0.0,1.002634092563835,1.0,0.0017467066645621,0.0018099099397658,631.3221096619964
0,7,1,0.7135502938696267,60.86684506055698,56.24,1,0.8,2,1346,1295.0514480270376,1307.3809487648896,1,1,1307.3809487648896,1,1,12.32950073785196,0.009520471759354,12.32950073785196,0.009520471759354,1.009520471759354,1.009520471759354,0.0021761059761046,0.0021927654743193,119.09369722753765
0,6,0,0.1659934332492168,77.7403940953431,75.6,1,0.884,2,1403,1298.6329846984902,1334.0589058187034,1,1,1334.0589058187034,1,1,35.42592112021316,0.0272793942073157,35.42592112021316,0.0272793942073157,1.0272793942073155,1.0272793942073155,0.002177245914936,0.0021788701415061,180.7956675216556
0,6,0,0.2073211719282955,64.44040368017659,64.66,1,0.8,2,1568,1297.4853733447894,1303.5213720488823,1,1,1303.5213720488823,1,1,6.03599870409289,0.0046520745652281,6.03599870409289,0.0046520745652281,1.004652074565228,1.004652074565228,0.0014811009168623,0.0014868900179862,144.15377955138683
0,7,0,0.1767359425558046,64.2415495383039,61.06,1,0.896,2,1326,1304.681808919746,1304.681808919746,1,1,1304.681808919746,1,1,0.0,0.0,0.0,0.0,1.0,1.0,0.0013481304049491,0.0013469159603118,154.91003771871328
0,5,0,0.2097025856285801,99.38628622755616,96.46,1,0.938,2,1448,1300.3595959449249,1310.459585946924,1,1,1310.459585946924,1,1,10.099990001999233,0.007767074610358,10.099990001999233,0.007767074610358,1.007767074610358,1.007767074610358,0.000927299261093,0.0009280666708945,218.70245642960072
0,6,0,0.2133703070519422,64.76258267604378,67.06,1,0.818,2,1454,1290.755458220331,1351.3667868510852,1,1,1351.3667868510852,1,1,60.61132863075409,0.0469580262045328,60.61132863075409,0.0469580262045328,1.0469580262045328,1.0469580262045328,0.0014625117182731,0.0014705359935759,150.68546080589294
1,25,0,0.1844888366627497,18.13128633852625,17.02,1,0.828,2,1265,2302.145891228136,2340.3657025593207,1,2,2302.2938856484034,2,2,38.2198113311847,0.0166018198398344,0.1479944202674232,6.428542206266173e-05,1.0166018198398346,1.0000642854220627,0.0090080574154853,0.0090965926647185,271.6205495744944
1,25,0,0.2028306122404262,15.549923428162275,15.74,1,0.806,2,1325,1306.1254339304023,1312.1614326344957,1,1,1312.1614326344957,1,1,6.035998704093345,0.0046213009465176,6.035998704093345,0.0046213009465176,1.0046213009465177,1.0046213009465177,0.0064231008291243,0.0064249411225317,132.7955636754632
0,5,0,0.1951536085807121,90.8972130728094,92.4,1,0.914,2,1521,1294.111095344418,1307.487905130237,1,1,1307.487905130237,1,1,13.376809785819203,0.0103366780749677,13.376809785819203,0.0103366780749677,1.010336678074968,1.010336678074968,0.0009571388363837,0.0009671822190283,225.10051649808884
1,12,0,0.2147543235910733,37.1390047852391,35.62,1,0.81,2,1290,2296.396394682052,2326.1787809889474,1,2,2296.396394682052,2,2,29.78238630689566,0.0129691835328887,0.0,0.0,1.012969183532889,1.0,0.0028885304927825,0.0029614940285682,545.4747553169727
0,4,0,0.2193861389969839,96.30622708371769,93.94,1,0.932,2,1490,1294.95114254717,1307.570496893633,1,1,1307.570496893633,1,1,12.619354346462842,0.0097450428296781,12.619354346462842,0.0097450428296781,1.009745042829678,1.009745042829678,0.0007698610424995,0.0007745772600173,216.6528358757496
0,6,0,0.2091192476390488,65.61971312669581,64.84,1,0.882,2,1376,1302.7998864921394,1365.3860189737063,1,1,1365.3860189737063,1,1,62.58613248156689,0.0480397128756922,62.58613248156689,0.0480397128756922,1.0480397128756922,1.0480397128756922,0.0009645521640777,0.0009700208902358,168.389892347157
1,11,0,0.2265520811902567,40.17772230302292,40.26,1,0.844,2,1388,1298.363595928925,1305.384595319956,1,1,1305.384595319956,1,1,7.020999391030955,0.0054075756691312,7.020999391030955,0.0054075756691312,1.0054075756691312,1.0054075756691312,0.0018595755100249,0.0018649175763129,158.2188732549548
0,7,0,0.1796696745981382,52.653655838619535,54.98,1,0.828,2,1293,2288.8615696089264,2293.419376825381,1,2,2293.419376825381,2,2,4.557807216454421,0.001991298764841,4.557807216454421,0.001991298764841,1.0019912987648412,1.0019912987648412,0.001215174794197,0.001285895705223,309.230764105916
1,10,0,0.2043516728754121,36.7680887685474,37.34,1,0.826,2,1371,1305.5744967469757,1355.6820382865787,1,1,1355.6820382865787,1,1,50.10754153960306,0.0383796877653884,50.10754153960306,0.0383796877653884,1.0383796877653884,1.0383796877653884,0.0017931088805198,0.0017511248588561,141.84280786663294
0,8,0,0.2227965331385982,60.991080262141935,60.46,1,0.856,2,1392,1290.086446861736,1315.4113179306496,1,1,1315.4113179306496,1,1,25.32487106891358,0.019630367507944,25.32487106891358,0.019630367507944,1.019630367507944,1.019630367507944,0.001437172293663,0.0014429315924644,256.4672896936536
1,31,0,0.2239736490474839,12.519489953476944,12.54,1,0.804,2,1270,2304.57465056719,2341.5138143029267,1,2,2305.5993082796267,2,2,36.939163735736656,0.0160286253806729,1.0246577124366922,0.0004446190155673,1.016028625380673,1.0004446190155674,0.017889805138111,0.0179946944117545,218.03691566735503
0,6,0,0.2047683445986814,94.61869692717376,90.52,1,0.95,2,1283,2301.4314903485097,2319.935211428159,1,2,2301.467370730777,2,2,18.50372107964949,0.0080400920719336,0.0358803822673508,1.5590462900078493e-05,1.0080400920719337,1.0000155904629,0.0014785230159758,0.0015414133667945,581.9262052699924
0,9,0,0.2214794108791749,53.73131236465523,51.9,1,0.862,2,1415,1300.652983658575,1366.3639459701708,1,1,1366.3639459701708,1,1,65.71096231159572,0.0505215173741107,65.71096231159572,0.0505215173741107,1.0505215173741107,1.0505215173741107,0.001691587269306,0.0017000585794447,195.28225786983967
0,5,0,0.2020392644942683,88.90846867756548,88.82,1,0.968,2,1319,1304.375595688933,1307.570496893633,1,1,1307.570496893633,1,1,3.194901204700045,0.0024493721097354,3.194901204700045,0.0024493721097354,1.0024493721097354,1.0024493721097354,0.0013358071446418,0.0013471171259879,197.93362494558096
1,13,0,0.1749503517466037,33.090882642435545,32.9,1,0.856,2,1274,2304.3943326414083,2359.510088627615,1,2,2305.2042137084227,2,2,55.11575598620675,0.0239176755494926,0.8098810670144303,0.0003514507285244,1.0239176755494923,1.0003514507285245,0.0036755576729774,0.003754176199436,238.03732574731112
0,8,0,0.1898709945912919,57.89016878736677,57.06,1,0.874,2,1520,1285.9874113430542,1345.917808995447,1,1,1345.917808995447,1,1,59.93039765239291,0.0466026316616918,59.93039765239291,0.0466026316616918,1.046602631661692,1.046602631661692,0.0014063566923141,0.0014121457934379,203.2116761654616
1,20,0,0.1945676332352124,19.80963470233538,19.72,1,0.816,2,1440,1303.5864966376412,1341.5999407840443,1,1,1341.5999407840443,1,1,38.01344414640312,0.0291606611793323,38.01344414640312,0.0291606611793323,1.0291606611793322,1.0291606611793322,0.0049213394522666,0.0049272775650023,167.03618647903204
0,6,0,0.2131332272245761,79.68618395360551,79.98,1,0.854,2,1571,1304.8078864121408,1321.1597562661464,1,1,1321.1597562661464,1,1,16.3518698540056,0.0125320133517652,16.3518698540056,0.0125320133517652,1.0125320133517652,1.0125320133517652,0.0030655190348624,0.003103844821453,167.94582229852676
0,7,0,0.2289412617616607,78.83860352445194,77.92,1,0.936,2,1473,1305.682808918746,1329.654154385083,1,1,1329.654154385083,1,1,23.97134546633697,0.0183592410825933,23.97134546633697,0.0183592410825933,1.0183592410825937,1.0183592410825937,0.001260034739971,0.0012654215097426,253.20701900869608
0,8,0,0.1899474737214308,55.66251504806666,55.68,1,0.872,2,1276,2299.153872053173,2325.355244841813,1,2,2300.501299928169,2,2,26.20137278864013,0.0113960936269315,1.3474278749959012,0.0005860538049994,1.0113960936269315,1.000586053804999,0.0018386915326118,0.0018946081399917,289.57383608818054
1,31,0,0.1907748381955904,12.515588151095027,13.38,1,0.822,2,1311,1307.1264337985897,1307.570496893633,1,1,1307.570496893633,1,1,0.4440630950432478,0.0003397246689846,0.4440630950432478,0.0003397246689846,1.000339724668985,1.000339724668985,0.0101676881313323,0.0101608112454414,149.9554805830121
0,6,0,0.1904277360100636,68.39913272350293,68.08,1,0.802,2,1447,1294.3233074342138,1362.6977132408715,1,1,1362.6977132408715,1,1,68.3744058066577,0.0528263729888314,68.3744058066577,0.0528263729888314,1.0528263729888314,1.0528263729888314,0.0010915026068686,0.0010930746793746,139.2435242831707
1,11,0,0.1976876943319868,36.466441908005805,36.1,1,0.824,2,1385,1301.2436252799764,1370.1929961548285,1,1,1370.1929961548285,1,1,68.9493708748521,0.0529872881106463,68.9493708748521,0.0529872881106463,1.0529872881106463,1.0529872881106463,0.0015977472066879,0.0016026571393012,139.2882532849908
0,9,0,0.1781728320908407,41.26556977647386,42.54,1,0.836,2,1361,1300.4943732637907,1318.9261790351327,1,1,1318.9261790351327,1,1,18.431805771341946,0.0141729223518933,18.431805771341946,0.0141729223518933,1.0141729223518934,1.0141729223518934,0.0014855340123176,0.0014919787645339,140.86520621180534
1,11,0,0.1874432438959069,35.778138114128126,36.42,1,0.81,2,1294,2294.9351864792525,2308.907189278821,1,2,2294.9351864792525,2,2,13.9720027995686,0.0060881905867692,0.0,0.0,1.0060881905867691,1.0,0.0033650919795035,0.0034689456224441,237.72725089639425
1,16,0,0.1922218028269329,27.03221886934216,26.94,1,0.814,2,1599,1307.1264339294023,1321.350383328171,1,1,1321.350383328171,1,1,14.223949398768582,0.0108818466443291,14.223949398768582,0.0108818466443291,1.0108818466443292,1.0108818466443292,0.0038594678044318,0.0038634762167929,166.13181632757187
0,6,0,0.1932392709359904,63.57552450596969,65.46,1,0.842,2,1359,1292.7954462914013,1295.8546039700084,1,1,1295.8546039700084,1,1,3.0591576786071077,0.0023663122324438,3.0591576786071077,0.0023663122324438,1.002366312232444,1.002366312232444,0.0009568333625792,0.0009621456265448,143.44861391931772
0,5,0,0.2380336162854281,73.12746974727366,72.44,1,0.83,2,1263,2264.5115060306084,2281.256590596048,1,2,2264.7449178949155,2,2,16.74508456543981,0.0073945681092129,0.2334118643070724,0.0001030738257171,1.007394568109213,1.000103073825717,0.0010767430067061,0.0011394172906874,243.0899155884981
0,9,0,0.1900114800963311,51.30608825651497,50.74,1,0.866,2,1251,2293.7716967453034,2340.657566744086,1,2,2295.972057500494,2,2,46.88586999878271,0.0204405129182256,2.200360755190559,0.0009592762689995,1.0204405129182257,1.0009592762689996,0.0021440759301185,0.0022199377417564,256.95860935747623
0,8,0,0.1796478449539363,55.58179852340979,55.42,1,0.932,2,1518,1294.847884092375,1313.9428657631092,1,1,1313.9428657631092,1,1,19.09498167073434,0.014746891820516,19.09498167073434,0.014746891820516,1.014746891820516,1.014746891820516,0.0017163157463073,0.0017219632863997,234.13236866891384
1,10,0,0.1949842496523133,38.44585939979821,39.76,1,0.84,2,1410,1297.200986780026,1307.3809487648896,1,1,1307.3809487648896,1,1,10.179961984863668,0.0078476366334972,10.179961984863668,0.0078476366334972,1.0078476366334972,1.0078476366334972,0.0020451545715331,0.0020460039377212,156.71676887571812
1,12,0,0.2066129395193215,34.964057862933586,35.38,1,0.856,2,1415,1296.691482256175,1311.5864966376412,1,1,1311.5864966376412,1,1,14.895014381466126,0.0114869377838046,14.895014381466126,0.0114869377838046,1.0114869377838047,1.0114869377838047,0.0023999214172362,0.0024056881666183,228.8816688209772
0,6,0,0.2132126551005826,63.66352758665856,62.02,1,0.814,2,1332,1297.206427370465,1297.206427370465,1,1,1297.206427370465,1,1,0.0,0.0,0.0,0.0,1.0,1.0,0.0008269324898719,0.0008325353264808,115.13860731571911
0,7,0,0.1896065181747467,62.994053774189126,62.94,1,0.862,2,1483,1291.826431391166,1308.7917441057866,1,1,1308.7917441057866,1,1,16.965312714620723,0.0131328112681134,16.965312714620723,0.0131328112681134,1.0131328112681135,1.0131328112681135,0.0024946704506873,0.0024806484580039,179.179368019104
0,7,0,0.2173345251312377,66.62938366665652,62.3,1,0.82,2,1373,1301.243625149752,1350.2605411949055,1,1,1350.2605411949055,1,1,49.01691604515349,0.0376692842891064,49.01691604515349,0.0376692842891064,1.0376692842891064,1.0376692842891064,0.0013539567589759,0.0013617947697638,136.3783209696412
0,9,0,0.1828479261901388,45.35382325039455,45.6,1,0.896,2,1575,1303.3685958639262,1326.5252740582746,1,1,1326.5252740582746,1,1,23.156678194348387,0.0177667915797826,23.156678194348387,0.0177667915797826,1.0177667915797828,1.0177667915797828,0.0035989060997961,0.0036327093839644,199.5008151382208
0,6,0,0.1871061168343906,78.44870745698628,81.34,1,0.926,2,1239,2300.5698198779696,2361.39477417786,1,2,2300.569819877982,2,2,60.82495429989012,0.0264390820805936,1.2278178473934531e-11,5.337016233041695e-15,1.0264390820805935,1.000000000000005,0.0013556331396102,0.0014301985502242,243.9386380910873
1,11,0,0.2048716344147505,39.79718413042926,39.0,1,0.85,2,1585,1302.5954962686642,1325.8943919856024,1,1,1325.8943919856024,1,1,23.298895716938205,0.0178865164079553,23.298895716938205,0.0178865164079553,1.0178865164079554,1.0178865164079554,0.0025118663907051,0.0025184750556945,174.3515766710043
0,6,0,0.1910692006545502,75.54681170131988,73.74,1,0.926,2,1612,1305.5744967469757,1610.810122189609,0,1,1305.574496877633,1,1,305.23562544263336,0.2337941084198345,1.3065732673567254e-07,1.0007650046873911e-10,1.2337941084198345,1.0000000001000764,0.0011244565248489,0.0011863037943839,234.57173901051283
0,9,0,0.19506912302808,48.35569089772361,48.72,1,0.87,2,1590,1298.2646246710074,1332.023011601872,1,1,1332.023011601872,1,1,33.75838693086462,0.0260027010590535,33.75838693086462,0.0260027010590535,1.0260027010590536,1.0260027010590536,0.0022179782390594,0.0022187530994415,214.48198076337576
0,4,0,0.183704739105576,98.57012246170906,94.7,1,0.898,2,1542,1294.763458140333,1302.510372719821,1,1,1302.510372719821,1,1,7.746914579488019,0.0059832663107552,7.746914579488019,0.0059832663107552,1.0059832663107553,1.0059832663107553,0.0007311925292014,0.0007729604840278,203.9633433446288
1,31,0,0.213414194279066,12.523374761602842,12.74,1,0.806,2,1356,1304.8078864121408,1351.331396127521,1,1,1351.331396127521,1,1,46.52350971538021,0.035655447978098,46.52350971538021,0.035655447978098,1.0356554479780982,1.0356554479780982,0.0163588523864745,0.0163692012429236,146.48168631643057
1,14,0,0.1871550285953307,32.99451572239926,32.54,1,0.862,2,1358,1307.12643379859,1323.4143504576427,1,1,1323.4143504576427,1,1,16.287916659052826,0.0124608578312651,16.287916659052826,0.0124608578312651,1.012460857831265,1.012460857831265,0.0024324506521224,0.0024374425411223,160.55411057919264
0,7,0,0.2120781852956882,61.69992234443811,61.0,1,0.874,2,1549,1302.086446861736,1336.5691417274836,1,1,1336.5691417274836,1,1,34.48269486574759,0.02648264633186,34.48269486574759,0.02648264633186,1.02648264633186,1.02648264633186,0.0027011707425117,0.002713955938816,175.082536354661
0,5,0,0.1864310444479036,88.00796500972851,89.62,1,0.798,2,1598,1304.375595688933,1400.9125905543108,1,1,1400.9125905543108,1,1,96.53699486537788,0.0740101203859076,96.53699486537788,0.0740101203859076,1.0740101203859076,1.0740101203859076,0.000962734222412,0.0009582564234733,146.23933136463165
0,7,0,0.2043439403666798,53.79029673976144,53.12,1,0.802,2,1591,1295.8348851972328,1358.7064326683785,1,1,1358.7064326683785,1,1,62.87154747114573,0.0485181778862021,62.87154747114573,0.0485181778862021,1.0485181778862025,1.0485181778862025,0.0016477853059767,0.0016626268625258,170.0323117747903
0,5,0,0.225754984303108,96.95382251133462,100.24,1,0.97,2,1331,1307.570496893633,1307.570496893633,1,1,1307.570496893633,1,1,0.0,0.0,0.0,0.0,1.0,1.0,0.0008409842848777,0.0008399859070777,197.4751935824752
1,13,0,0.1823993620824288,32.985272929724715,33.04,1,0.874,2,1401,1302.2406252949763,1323.8883163996056,1,1,1323.8883163996056,1,1,21.647691104629303,0.0166234186556158,21.647691104629303,0.0166234186556158,1.0166234186556158,1.0166234186556158,0.0023295879364013,0.0023343935608863,203.81347066164017
0,8,0,0.2270968288196869,45.34617789838234,46.52,1,0.812,2,1555,1297.200986780026,1299.3605959439246,1,1,1299.3605959439246,1,1,2.159609163898722,0.0016648223258443,2.159609163898722,0.0016648223258443,1.0016648223258444,1.0016648223258444,0.0012395456433295,0.001242883503437,156.95368406176567
0,9,0,0.210290925124122,52.07629097460647,52.56,1,0.882,2,1510,1296.2886228952116,1353.605076829177,1,1,1353.605076829177,1,1,57.31645393396548,0.0442158119122818,57.31645393396548,0.0442158119122818,1.0442158119122815,1.0442158119122815,0.0015407726168632,0.0015457570552825,209.8265119493008
1,13,0,0.2457165840903442,37.98387690878116,35.82,1,0.864,2,1429,1303.134433849404,1343.3963346525177,1,1,1343.3963346525177,1,1,40.261900803113576,0.0308961990085563,40.261900803113576,0.0308961990085563,1.0308961990085563,1.0308961990085563,0.0022984743118285,0.0023053586483,226.47635758668184
0,8,0,0.2361029253612377,55.3833951972934,52.86,1,0.818,2,1470,1283.6440850382994,1295.0507821953065,1,1,1295.0507821953065,1,1,11.406697157007102,0.0088861837093003,11.406697157007102,0.0088861837093003,1.0088861837093004,1.0088861837093004,0.0013917610049246,0.0013972744345664,167.3120044246316
0,9,0,0.1857440834732776,47.37164176030238,46.84,1,0.846,2,1355,1302.1414335440963,1312.7103227425578,1,1,1312.7103227425578,1,1,10.56888919846142,0.0081165447363852,10.56888919846142,0.0081165447363852,1.0081165447363851,1.0081165447363851,0.0051200091838836,0.0051558315753936,151.92680084705353
0,7,0,0.194427522140011,63.47361087237295,61.72,1,0.852,2,1524,1296.225423932402,1315.206427370465,1,1,1315.206427370465,1,1,18.981003438063,0.0146432889585514,18.981003438063,0.0146432889585514,1.0146432889585515,1.0146432889585515,0.0012652277946471,0.0012700781226157,170.84691052883863
1,27,0,0.1786453829978616,14.745169188060425,14.78,1,0.824,2,1350,1302.2406252949763,1347.0005245298644,1,1,1347.0005245298644,1,1,44.75989923488805,0.034371450533383,44.75989923488805,0.034371450533383,1.034371450533383,1.034371450533383,0.0068292468786239,0.0068338438868522,149.03569708764553
0,6,0,0.223008525045685,70.83977300785978,70.84,1,0.844,2,1366,1296.8238858681707,1317.0238358909078,1,1,1317.0238358909078,1,1,20.199950022737085,0.0155764789983136,20.199950022737085,0.0155764789983136,1.0155764789983135,1.0155764789983135,0.0010101497173308,0.0010139122605323,143.3781351223588
1,11,0,0.2343316665616854,39.19243739531932,39.3,1,0.83,2,1296,2292.2586850221696,2303.65133506477,1,2,2293.75132506677,2,2,11.392650042600508,0.0049700542600366,1.4926400446001935,0.0006511656185897,1.0049700542600366,1.0006511656185897,0.0017724707722662,0.0018339008092879,916.2686422914268
0,5,0,0.2382809394296413,85.25284525676501,85.42,1,0.856,2,1270,2288.3343155760394,2329.0862148909264,1,2,2288.33431557604,2,2,40.75189931488694,0.0178085426755611,4.547473508864641e-13,1.9872417583004742e-16,1.0178085426755612,1.0000000000000002,0.0017287656664848,0.0018252804875373,234.77422853559256
1,15,0,0.2000391336088779,28.096100953534968,29.02,1,0.812,2,1441,1305.574496877633,1316.6514903336956,1,1,1316.6514903336956,1,1,11.07699345606261,0.0084843825324054,11.07699345606261,0.0084843825324054,1.0084843825324057,1.0084843825324057,0.0045483708381652,0.0045562684535979,144.41282268613577
1,18,0,0.190295380779461,22.88559619747381,23.06,1,0.824,2,1587,1307.1264339294023,1327.5662396207458,1,1,1327.5662396207458,1,1,20.43980569134351,0.015637206287611,20.43980569134351,0.015637206287611,1.0156372062876111,1.0156372062876111,0.0050062313675879,0.0050120875239371,173.3621850311756
0,4,0,0.1534780774847171,96.84346310663383,95.94,1,0.836,2,1351,1288.4727187321855,1307.2217156700578,1,1,1307.2217156700578,1,1,18.74899693787233,0.0145513340447912,18.74899693787233,0.0145513340447912,1.0145513340447911,1.0145513340447911,0.0007654428482054,0.0007709786295889,140.08874706178904
0,6,0,0.2325413966882649,84.63719882526127,83.34,1,0.976,2,1271,2308.8596958363173,2347.226826789275,1,2,2308.8596958363178,2,2,38.36713095295772,0.0166173505571374,4.547473508864641e-13,1.969575508232626e-16,1.0166173505571374,1.0000000000000002,0.001460589468479,0.0015336051583288,314.212801873684
0,5,0,0.2023599245594781,82.16472117453213,83.42,1,0.918,2,1332,1304.1294337838897,1322.1987266210117,1,1,1322.1987266210117,1,1,18.06929283712202,0.0138554443823068,18.06929283712202,0.0138554443823068,1.013855444382307,1.013855444382307,0.0008436888456343,0.0008485168218611,177.44917903840542
0,5,0,0.1824979244482555,80.23189744463225,78.6,1,0.886,2,1418,1294.3206187360388,1314.4642600280013,1,1,1314.4642600280013,1,1,20.143641291962467,0.0155631000544777,20.143641291962467,0.0155631000544777,1.0155631000544778,1.0155631000544778,0.0008586198091506,0.0008642151951789,219.2094948068261
1,11,0,0.1764516592345258,37.28372021914924,38.44,1,0.862,2,1318,1302.2406251646523,1311.4805813074668,1,1,1311.4805813074668,1,1,9.239956142814435,0.0070954291889382,9.239956142814435,0.0070954291889382,1.0070954291889382,1.0070954291889382,0.0064312890172004,0.0064590051770209,151.340416893363
0,7,0,0.1695885884451456,64.73854238278389,66.32,1,0.836,2,1297,2290.7039620692144,2290.703962069214,1,2,2290.703962069214,1,2,-4.547473508864641e-13,-1.9851860319641067e-16,-4.547473508864641e-13,-1.9851860319641067e-16,0.9999999999999998,0.9999999999999998,0.0017174184322356,0.0017205029726027,429.16885378211737
0,9,0,0.2185937886931953,46.40155653933482,46.7,1,0.886,2,1476,1295.051448156643,1308.1944274276125,1,1,1308.1944274276125,1,1,13.14297927096959,0.0101486155547543,13.14297927096959,0.0101486155547543,1.0101486155547543,1.0101486155547543,0.0016929358243941,0.0016949176788329,198.46576579660177
0,4,0,0.1834246742435604,90.90552910137184,91.88,1,0.828,2,1283,2280.777108144712,2294.497191536473,1,2,2280.777108144712,2,2,13.720083391760909,0.0060155301203112,0.0,0.0,1.0060155301203113,1.0,0.0008145868778228,0.0008749887347221,260.351318448782
0,5,0,0.1620256170223599,92.72880013677162,89.12,1,0.918,2,1459,1295.051448156643,1335.8631708653088,1,1,1335.8631708653088,1,1,40.81172270866591,0.0315135918088479,40.81172270866591,0.0315135918088479,1.031513591808848,1.031513591808848,0.0017086789011954,0.0017156377434729,204.3347399160266
0,5,0,0.2091182924321813,97.44422242765737,95.68,1,0.89,2,1555,1294.9377566989883,1312.0907285332232,1,1,1312.0907285332232,1,1,17.152971834234904,0.0132461747643845,17.152971834234904,0.0132461747643845,1.0132461747643846,1.0132461747643846,0.0009581446647643,0.0009627565741538,195.22940854728225
0,5,0,0.2301929833394736,92.6089042929638,96.52,1,0.924,2,1606,1298.6329845685268,1596.4158714476214,0,1,1298.6329846984902,1,1,297.7828868790946,0.229304884765447,1.299633822782198e-07,1.0007706859640591e-10,1.229304884765447,1.000000000100077,0.001560442149639,0.0016305744647979,347.13582763820887
1,12,0,0.1724137931034483,31.377570666470945,31.9,1,0.8,2,1522,1297.200986780026,1300.2339847650733,1,1,1300.2339847650733,1,1,3.032997985047359,0.0023381095265553,3.032997985047359,0.0023381095265553,1.002338109526555,1.002338109526555,0.0023687109351157,0.0023734122514724,151.83652883023024
0,5,0,0.1971849198994971,80.93418810848043,80.52,1,0.84,2,1568,1285.9874113430542,1348.0852190795622,1,1,1348.0852190795622,1,1,62.097807736508,0.0482880370280254,62.097807736508,0.0482880370280254,1.0482880370280254,1.0482880370280254,0.0009607598185539,0.0009651109576225,191.3965360820293
1,10,0,0.1965541467297069,41.31796339729638,41.46,1,0.864,2,1451,1284.1226146100894,1296.7458048242702,1,1,1296.7458048242702,1,1,12.623190214180797,0.0098302062984956,12.623190214180797,0.0098302062984956,1.0098302062984956,1.0098302062984956,0.0015322118997573,0.0015929341316222,187.57990401238203
1,11,0,0.2333333333333333,36.84704111911452,36.0,1,0.838,2,1380,1301.7988864931394,1301.7988864931394,1,1,1301.7988864931394,1,1,0.0,0.0,0.0,0.0,1.0,1.0,0.0018781647086142,0.0018810331821441,144.6671405956149
1,12,0,0.1839150888195198,35.793242723364976,37.06,1,0.85,2,1389,1301.501372958547,1327.3256672509406,1,1,1327.3256672509406,1,1,25.82429429239346,0.0198419262775652,25.82429429239346,0.0198419262775652,1.019841926277565,1.019841926277565,0.0069535002112388,0.0070635974407195,158.6923222243786
0,5,0,0.1891148228290426,88.45189784302413,92.56,1,0.8,2,1529,1297.051448156643,1304.114444062167,1,1,1304.114444062167,1,1,7.062995905524076,0.0054454246325864,7.062995905524076,0.0054454246325864,1.0054454246325863,1.0054454246325863,0.0008802041411399,0.0008919835090636,138.10207764059305
0,9,0,0.2089673596138946,49.48136291370577,48.64,1,0.882,2,1544,1295.4893731991406,1341.2462725786777,1,1,1341.2462725786777,1,1,45.75689937953712,0.0353201657428828,45.75689937953712,0.0353201657428828,1.035320165742883,1.035320165742883,0.0019287765026092,0.0019281804561614,198.998415067792
1,22,0,0.1790797975008351,18.72512423977401,18.46,1,0.822,2,1456,1302.7998864921394,1331.6391803992906,1,1,1331.6391803992906,1,1,28.83929390715116,0.0221363957781747,28.83929390715116,0.0221363957781747,1.0221363957781748,1.0221363957781748,0.0058292672038078,0.0058400109410285,181.4570920020342
0,7,0,0.1749403833877456,68.84562381287806,69.38,1,0.908,2,1385,1292.825788060333,1347.3599926192169,1,1,1347.3599926192169,1,1,54.53420455888386,0.0421821757134835,54.53420455888386,0.0421821757134835,1.0421821757134837,1.0421821757134837,0.0013384073972701,0.0013447999954222,197.08057052642107
1,32,0,0.2205782310656585,12.235181949722282,11.9,1,0.8,2,1373,1302.1414335440963,1331.750043792922,1,1,1331.750043792922,1,1,29.6086102488257,0.0227383980619053,29.6086102488257,0.0227383980619053,1.0227383980619054,1.0227383980619054,0.0110894441604614,0.0110905766487121,150.08430029451847
0,6,0,0.1880761033347571,69.29011668884425,69.84,1,0.88,2,1380,1306.1254339304023,1378.7282480327417,1,1,1378.7282480327417,1,1,72.60281410233938,0.0555864025125538,72.60281410233938,0.0555864025125538,1.055586402512554,1.055586402512554,0.0010563135147093,0.0010646954178809,162.92748924344778
1,30,0,0.2111965700028291,12.99921674091154,13.3,1,0.8,2,1534,1304.375595688933,1317.6704868956324,1,1,1317.6704868956324,1,1,13.294891206699504,0.010192532925823,13.294891206699504,0.010192532925823,1.010192532925823,1.010192532925823,0.0098283216357231,0.0098326206207275,177.59327962994576
0,5,0,0.2065014100038242,84.04883182265371,84.86,1,0.876,2,1460,1292.1153324694312,1304.5709708833017,1,1,1304.5709708833017,1,1,12.455638413870474,0.009639726501864,12.455638413870474,0.009639726501864,1.0096397265018642,1.0096397265018642,0.0009126290678977,0.0009086802601813,199.36454647779465
0,7,0,0.1362666591465232,54.79749883753848,56.58,1,0.8,2,1283,1281.9468181773236,1282.9338192821815,1,1,1282.9338192821815,1,1,0.9870011048578816,0.0007699235965663,0.9870011048578816,0.0007699235965663,1.0007699235965664,1.0007699235965664,0.0024794414639472,0.0024765208363532,109.55362974107264
1,20,0,0.2062567085761834,20.627201871097803,21.2,1,0.834,2,1581,1301.7988864931394,1327.4234963556592,1,1,1327.4234963556592,1,1,25.62460986251972,0.0196840004461432,25.62460986251972,0.0196840004461432,1.0196840004461432,1.0196840004461432,0.0059875845909118,0.0060019865632057,174.71600895375013
0,5,0,0.1931823932364426,84.0262155127055,81.38,1,0.876,2,1343,1280.082989551067,1325.5161764092095,1,1,1325.5161764092095,1,1,45.43318685814256,0.0354923760638958,45.43318685814256,0.0354923760638958,1.035492376063896,1.035492376063896,0.002966210246086,0.0028275549411773,156.34114567935467
0,8,0,0.1618573660556418,57.17538180449426,56.1,1,0.906,2,1272,2299.235190357932,2333.030128664578,1,2,2302.310659251148,2,2,33.794938306646145,0.0146983390165427,3.075468893216112,0.0013376051767619,1.0146983390165427,1.001337605176762,0.0017260611057281,0.0018127337098121,275.1368650048971
1,14,0,0.1789020845005954,30.69529547370289,30.96,1,0.844,2,1259,2297.870563089055,2362.940922001577,1,2,2297.962956169288,2,2,65.0703589125219,0.028317678096301,0.0923930802327959,4.0208130830742174e-05,1.028317678096301,1.0000402081308308,0.0048471465706825,0.0049168169498443,247.82690962404013
1,12,0,0.181611539098726,33.12194884873334,33.96,1,0.814,2,1526,1299.059448076644,1299.059448076644,1,1,1299.059448076644,1,1,0.0,0.0,0.0,0.0,1.0,1.0,0.0026076287031173,0.0026085227727889,151.46997360885143
0,6,0,0.2157814973856098,85.01674274190837,87.08,1,0.94,2,1365,1306.1254339304023,1324.4493290223718,1,1,1324.4493290223718,1,1,18.32389509196946,0.014029200118115,18.32389509196946,0.014029200118115,1.014029200118115,1.014029200118115,0.0018743947148322,0.0018593966960906,200.81412194669247
0,9,0,0.1691370469720416,50.79705528702533,50.28,1,0.898,2,1469,1303.239625295976,1317.435586895028,1,1,1317.435586895028,1,1,14.195961599051998,0.010892825328134,14.195961599051998,0.010892825328134,1.0108928253281342,1.0108928253281342,0.0015816912055014,0.0015877559781073,196.0101911649108
0,6,0,0.2366699936344925,66.500163929271,67.92,1,0.928,2,1437,1302.2406252949763,1323.8883163996056,1,1,1323.8883163996056,1,1,21.647691104629303,0.0166234186556158,21.647691104629303,0.0166234186556158,1.0166234186556158,1.0166234186556158,0.0012311190366744,0.0012234523892401,253.4788643866777
0,7,0,0.1941777898995763,59.837397457125455,59.12,1,0.862,2,1548,1300.7998864921394,1326.374555098796,1,1,1326.374555098796,1,1,25.574668606656587,0.0196607248141938,25.574668606656587,0.0196607248141938,1.0196607248141938,1.0196607248141938,0.0014926046133041,0.0014998540282249,192.65421657264235
0,4,0,0.207304150333875,90.42020875373208,90.68,1,0.722,2,1611,1265.9191979354623,1572.2427951762938,0,1,1286.5555575439764,1,1,306.32359724083153,0.2419772112946881,20.636359608514116,0.0163014824659971,1.241977211294688,1.016301482465997,0.0011486485600471,0.0012461617588996,111.04179518669844
0,8,0,0.1883796890769782,49.4545579470332,49.92,1,0.862,2,1614,1302.086446861736,1603.6209450512756,0,1,1302.086446861736,1,1,301.5344981895396,0.2315779408627532,0.0,0.0,1.2315779408627532,1.0,0.0022179260849951,0.0022655278444289,280.9409759044647
0,5,0,0.2197631726574175,83.77344175755522,85.48,1,0.82,2,1602,1289.8943919856024,1579.453696125002,0,1,1290.2070943233384,1,1,289.5593041393995,0.2244829545259636,0.3127023377360274,0.0002424247594833,1.2244829545259637,1.0002424247594834,0.0009146034717558,0.0009737014770506,261.63145399838686
0,4,0,0.1887509364141995,94.47153699880874,93.9,1,0.84,2,1478,1279.428982798556,1285.7904569254245,1,1,1285.7904569254245,1,1,6.361474126868416,0.0049721197599835,6.361474126868416,0.0049721197599835,1.0049721197599837,1.0049721197599837,0.0006830245256423,0.000690035521984,156.99516800791025
0,9,0,0.1701571840758096,43.63413669840703,46.12,1,0.87,2,1591,1297.051448156643,1297.051448156643,1,1,1297.051448156643,1,1,0.0,0.0,0.0,0.0,1.0,1.0,0.0022835358977317,0.0022871792316436,184.73836839199063
1,10,0,0.2155588199341786,48.7401088381258,47.96,1,0.842,2,1249,2301.0111524165945,2354.39912547973,1,2,2302.009139214582,2,2,53.38797306313563,0.0232019618883923,0.9979867979873234,0.0004337166279873,1.0232019618883923,1.0004337166279873,0.0026049688458442,0.0026795342564582,184.6264653801918
1,11,0,0.1706856511365218,36.68673120557881,36.88,1,0.8,2,1586,1305.682808918746,1312.7458048242702,1,1,1312.7458048242702,1,1,7.062995905524076,0.005409427050183,7.062995905524076,0.005409427050183,1.005409427050183,1.005409427050183,0.0022118836641311,0.0022155344486236,153.10798367112875
1,11,0,0.1776363789355972,38.96826203147474,36.62,1,0.852,2,1336,1287.048099310089,1312.047387338842,1,1,1312.047387338842,1,1,24.9992880287532,0.0194237402954511,24.9992880287532,0.0194237402954511,1.0194237402954511,1.0194237402954511,0.0024399682879447,0.0024445503950118,153.0742863342166
1,37,0,0.2555633472397977,11.768199186299606,11.16,1,0.82,2,1451,1299.059448076644,1303.8028864771395,1,1,1303.8028864771395,1,1,4.743438400495506,0.0036514405922827,4.743438400495506,0.0036514405922827,1.0036514405922827,1.0036514405922827,0.023228496313095,0.0232329815626143,188.14050222933287
0,5,0,0.2093971584228502,92.76032024468203,92.52,1,0.828,2,1592,1282.9623606363937,1564.9934604606756,0,1,1282.96236076479,1,1,282.0310998242819,0.2198280389803366,1.2839632290706504e-07,1.0007801229911064e-10,1.2198280389803366,1.000000000100078,0.0009013563394546,0.0009567290544509,245.8860760480165
0,5,0,0.2015886807816392,89.80199524034126,92.0,1,0.794,2,1571,1294.0544481416428,1298.8034558205663,1,1,1298.8034558205663,1,1,4.74900767892359,0.0036698669717827,4.74900767892359,0.0036698669717827,1.0036698669717827,1.0036698669717827,0.0009802058339118,0.0009881481528281,138.71347215771675
0,9,0,0.1936145896418479,48.6913453456387,49.14,1,0.844,2,1340,1294.9338191525885,1315.5845453426932,1,1,1315.5845453426932,1,1,20.650726190104702,0.0159473216968096,20.650726190104702,0.0159473216968096,1.0159473216968098,1.0159473216968098,0.0014601573348045,0.0014650672674179,144.1175234392285
0,8,0,0.1919015792375875,53.822245492136304,52.74,1,0.88,2,1497,1298.4863733437892,1355.733406352021,1,1,1355.733406352021,1,1,57.24703300823171,0.0440875115699615,57.24703300823171,0.0440875115699615,1.0440875115699615,1.0440875115699615,0.0014125034213065,0.0014157518744468,225.6074066162109
0,7,0,0.2121087051634211,54.01977004154494,55.72,1,0.832,2,1384,1280.7742898720296,1299.6811090923295,1,1,1299.6811090923295,1,1,18.90681922029989,0.0147620227621753,18.90681922029989,0.0147620227621753,1.0147620227621754,1.0147620227621754,0.0011527389287948,0.0011580362915992,199.7781551554799
0,6,0,0.2065387525207275,70.12437870661827,67.86,1,0.846,2,1264,2298.311244998231,2334.0234480335307,1,2,2299.146511404572,2,2,35.71220303529981,0.0155384537725338,0.8352664063409065,0.0003634261495951,1.0155384537725338,1.000363426149595,0.0014912858605384,0.0015754997730254,317.69738701730967
0,5,0,0.1990724396123945,93.51408889062714,94.06,1,0.904,2,1294,2290.598351983892,2296.5623532797986,1,2,2292.496718108217,2,2,5.964001295906655,0.0026036870631384,1.8983661243250936,0.0008287642932602,1.0026036870631383,1.0008287642932605,0.0012400150299071,0.0013025030493735,1237.7225181907415
1,27,0,0.170257267851154,15.291601372810849,15.02,1,0.808,2,1598,1304.1294337838897,1310.879879933202,1,1,1310.879879933202,1,1,6.750446149312211,0.0051762087216496,6.750446149312211,0.0051762087216496,1.0051762087216496,1.0051762087216496,0.0091322734951972,0.0091385766863822,174.78402653336525
0,8,0,0.2125623357359006,50.31783314051376,48.8,1,0.814,2,1472,1295.1280928799565,1346.285611479662,1,1,1346.285611479662,1,1,51.157518599705554,0.0394999682895823,51.157518599705554,0.0394999682895823,1.0394999682895825,1.0394999682895825,0.0086559057235717,0.0087944790720939,216.40049804002047
1,13,0,0.1803388963369746,33.23138902946063,32.3,1,0.87,2,1535,1301.5013730887974,1325.213842677221,1,1,1325.213842677221,1,1,23.712469588423573,0.0182193196862695,23.712469588423573,0.0182193196862695,1.0182193196862694,1.0182193196862694,0.0025362744927406,0.0025420188903808,211.11062512546772
1,10,0,0.206334439542465,37.85987649308166,38.12,1,0.802,2,1439,1296.8238858681707,1335.8867031480647,1,1,1335.8867031480647,1,1,39.062817279894034,0.030121913781487,39.062817279894034,0.030121913781487,1.030121913781487,1.030121913781487,0.0015521571040153,0.0015602111816405,189.0774503499269
1,13,0,0.1923484649900529,33.68637479325035,33.02,1,0.812,2,1613,1305.682808918746,1610.8072428501482,0,1,1305.682808918746,1,1,305.1244339314021,0.2336895544976041,0.0,0.0,1.233689554497604,1.0,0.002642698585987,0.0027004852890968,244.0625206157565
0,5,0,0.1927359984364442,83.05154097454462,83.16,1,0.928,1,1144,3375.840349277271,3412.8201025121416,3,3,3412.8201025121416,3,3,36.97975323487072,0.0109542364000678,36.97975323487072,0.0109542364000678,1.010954236400068,1.010954236400068,0.0014145821332931,0.001427300274372,158.0970834195614
0,9,0,0.2352169107286605,46.82623019479394,43.96,1,0.866,1,1148,3380.978067786864,3411.0498846977807,3,3,3411.0498846977807,3,3,30.071816910916823,0.0088944134827237,30.071816910916823,0.0088944134827237,1.0088944134827238,1.0088944134827238,0.0034241974353789,0.0034387484192847,109.96413177251816
0,4,0,0.2020237039605999,96.310678842932,98.32,1,0.832,1,1231,2295.8446963313027,2359.8344849165187,1,2,2295.8446963313027,2,2,63.98978858521605,0.0278720022689121,0.0,0.0,1.027872002268912,1.0,0.0014819800853728,0.0015817284584045,162.13103634864092
1,10,0,0.2094154118461265,44.0160346627359,42.86,1,0.846,1,1145,3382.031716322106,3414.4814686857176,3,3,3414.4814686857176,3,3,32.449752363611424,0.009594751050679,32.449752363611424,0.009594751050679,1.009594751050679,1.009594751050679,0.002566136419773,0.0025885477662085,105.21676614135504
0,6,0,0.209211917387101,76.14738523574518,74.62,1,0.942,1,1224,2316.5195013391444,2408.849053780781,1,2,2316.6955227415274,2,2,92.32955244163668,0.0398570149693375,0.1760214023829576,7.598528839545807e-05,1.0398570149693376,1.0000759852883954,0.0013217031955718,0.0014009177684783,553.1419193744659
0,5,0,0.23001208625188,87.38337799802895,86.28,1,0.776,1,1225,2294.5809298598265,2368.3034829431654,1,2,2297.4685087230428,2,2,73.72255308333888,0.0321289836082802,2.8875788632162767,0.0012584340894843,1.0321289836082803,1.0012584340894843,0.0013070404529571,0.0013867989182471,151.3551820591092
1,15,0,0.1852504840215842,25.78319817971144,26.78,1,0.82,1,1210,2323.8281924868206,2346.555022503742,2,2,2328.242658826804,2,2,22.726830016921213,0.009779909758561,4.414466339983392,0.0018996526310575,1.0097799097585611,1.0018996526310575,0.0048030838370322,0.0048868730664251,141.54760429263115
0,7,0,0.2101112694791266,64.04236541579813,65.0,1,0.842,1,1165,3337.380329061647,3344.627745320768,2,3,3337.8483065471974,3,3,7.24741625912111,0.0021715883550973,0.4679774855503638,0.0001402230010991,1.0021715883550972,1.0001402230010992,0.0017084106802939,0.0017793923616408,143.98034371435642
0,5,0,0.2220251897663047,90.5676207753242,88.1,1,0.834,1,1201,2310.9194648693774,2361.207627632,2,2,2314.026737439117,2,2,50.288162762622505,0.0217611057101312,3.107272569739507,0.0013446044386125,1.0217611057101312,1.0013446044386125,0.0014493316411971,0.0015348568558692,143.92569476366043
0,8,0,0.1961075232102926,52.69362538392085,52.58,1,0.83,1,1205,2315.4604645380014,2315.4604645380027,2,2,2315.4604645380027,2,2,1.3642420526593924e-12,5.891882299668618e-16,1.3642420526593924e-12,5.891882299668618e-16,1.0000000000000009,1.0000000000000009,0.0022930949926375,0.0023431181907653,124.02365949749948
1,10,0,0.2180317314502819,38.20123722538135,38.78,1,0.814,1,1134,3378.8130393383835,3392.961038430201,3,3,3379.520536313983,3,3,14.147999091817384,0.0041872689986385,0.7074969755994971,0.000209392164456,1.0041872689986386,1.000209392164456,0.0043310895562171,0.0044262930750846,90.18318534642458
1,18,0,0.2290907536290394,23.44669752218299,23.98,1,0.844,1,1160,3369.341418921511,3420.061731578869,2,3,3369.7630156736823,3,3,50.720312657358136,0.0150534797015593,0.4215967521713537,0.0001251273467876,1.0150534797015591,1.0001251273467875,0.0077219530940055,0.0078275576233863,174.15555834770203
0,5,0,0.1564651294306246,85.61095363462418,83.5,1,0.858,1,1178,2324.21492377514,2326.5245562287564,2,2,2326.5245562287564,2,2,2.3096324536163597,0.0009937258512499,2.3096324536163597,0.0009937258512499,1.00099372585125,1.00099372585125,0.0009201765060424,0.0009297877550124,107.33500170707704
1,15,0,0.1725680003658748,29.400463737240763,29.36,1,0.844,1,1139,4410.749082788352,4442.4385571709,3,4,4413.543365700172,4,4,31.68947438254781,0.0071846014787389,2.794282911820119,0.0006335166338806,1.007184601478739,1.000633516633881,0.0080879628658293,0.008181795477867,2302.55819016695
1,11,0,0.1705598056289309,35.66403137013312,35.98,1,0.8,1,1142,3404.1088937822524,3404.755255461501,3,3,3404.755255461501,3,3,0.6463616792484572,0.0001898769103506,0.6463616792484572,0.0001898769103506,1.0001898769103506,1.0001898769103506,0.003919556736946,0.0039268434047698,84.1280122473836
0,6,0,0.2031780596733444,63.22547184079548,62.84,1,0.814,1,1174,2322.303160433778,2326.20718883673,2,2,2322.303160433782,2,2,3.904028402952008,0.001681101963545,4.092726157978177e-12,1.7623565379869289e-15,1.001681101963545,1.0000000000000018,0.0014691278338431,0.0015555471181868,105.56183904409409
0,8,0,0.1819238331516659,54.34454221896849,55.88,1,0.802,1,1205,2321.289895616427,2349.3417135672594,2,2,2349.3417135672594,2,2,28.051817950832174,0.012084581940328,28.051817950832174,0.012084581940328,1.012084581940328,1.012084581940328,0.0023311451077461,0.002387560904026,119.29293241351844
0,8,0,0.1896345508129757,51.21021768014343,50.32,1,0.872,1,1171,3344.1953605815133,3348.67627648947,2,3,3345.6031640251003,3,3,4.480915907956842,0.0013399085354803,1.4078034435869995,0.0004209692592068,1.0013399085354804,1.0004209692592068,0.0028525888919829,0.0029533132910727,172.23471295833588
0,5,0,0.1917812434819263,83.52557287178327,84.0,1,0.854,1,1142,3380.218895558489,3409.3697843922155,3,3,3409.3697843922155,3,3,29.15088883372664,0.008623964818382,29.15088883372664,0.008623964818382,1.008623964818382,1.008623964818382,0.0021699666976928,0.0021923631429671,109.0312287285924
0,5,0,0.1996747089754304,96.74296795854256,93.36,1,0.864,1,1226,2312.6669943711568,2401.4499495086966,1,2,2313.742930465634,2,2,88.78295513753983,0.0383898569718988,1.0759360944771288,0.0004652360660206,1.0383898569718988,1.000465236066021,0.0015398338437079,0.0016300007700919,219.2501286715269
1,19,0,0.2008528085331365,23.02378248098466,22.32,1,0.832,1,1175,2338.845567205737,2346.172877215043,2,2,2346.172877215043,2,2,7.327310009306075,0.0031328746592106,7.327310009306075,0.0031328746592106,1.0031328746592107,1.0031328746592107,0.0072396174073218,0.0072451755404471,124.597257822752
0,6,0,0.1829656124239091,79.98419312849043,81.48,1,0.896,1,1205,2320.984883233723,2328.103863128664,2,2,2328.103863128664,2,2,7.118979894941276,0.0030672237231561,7.118979894941276,0.0030672237231561,1.0030672237231562,1.0030672237231562,0.00155920535326,0.0015680640935897,157.85713747888803
1,29,0,0.1651981123828031,13.802893674830194,13.96,1,0.804,1,1206,2324.1488499706943,2324.7606463205234,2,2,2324.7606463205234,2,2,0.6117963498290919,0.0002632345814842,0.6117963498290919,0.0002632345814842,1.000263234581484,1.000263234581484,0.0157002583146094,0.0157096311450004,110.55974804610014
0,5,0,0.2162331862162494,90.95928516692688,90.54,1,0.768,1,1188,2302.067531406893,2319.68496274189,2,2,2319.68496274189,2,2,17.617431334997036,0.0076528733821419,17.617431334997036,0.0076528733821419,1.007652873382142,1.007652873382142,0.0014120340347289,0.0014222860336303,78.76914732903242
1,16,0,0.1876366062246887,24.43859576078016,25.52,1,0.822,1,1228,2320.804930711751,2413.982469804517,1,2,2320.944380220644,2,2,93.17753909276644,0.0401488026243508,0.1394495088929943,6.008669968235012e-05,1.0401488026243508,1.0000600866996825,0.0042632073163985,0.004331663250923,219.1554236486554
0,9,0,0.2132859315974079,47.632802611975855,46.96,1,0.878,1,1178,2342.716582711016,2348.2506625799656,2,2,2348.2506625799656,2,2,5.534079868949448,0.0023622489847002,5.534079868949448,0.0023622489847002,1.0023622489847002,1.0023622489847002,0.0022396072745322,0.0022846236824989,116.80822244286536
0,9,0,0.1962170119313906,42.52829903700941,44.86,1,0.824,1,1225,2311.513051390067,2417.137350414192,1,2,2321.135128270172,2,2,105.62429902412488,0.0456948746019867,9.622076880104942,0.0041626746923702,1.0456948746019867,1.0041626746923702,0.0016835182905196,0.0017528310418128,174.86178515851498
0,6,0,0.1775938051091205,65.01431213407159,68.06,1,0.84,1,1161,3320.651685884554,3321.21312748106,2,3,3321.21312748106,2,3,0.5614415965060289,0.0001690757265787,0.5614415965060289,0.0001690757265787,1.0001690757265789,1.0001690757265789,0.0016302838921546,0.0016504824161528,172.16086468100548
0,6,0,0.1982230440556519,78.17940522701964,74.68,1,0.966,1,1157,3374.376805743652,3436.9226722440785,2,3,3375.4345443173697,3,3,62.545866500426655,0.0185355311813325,1.0577385737178702,0.0003134619026296,1.0185355311813324,1.0003134619026297,0.0019573047757147,0.0020617470145224,348.8427399173379
1,33,0,0.1809674280005307,11.67760971455472,11.8,1,0.8,1,1226,2316.337884560806,2406.8080248818173,1,2,2316.474931140141,2,2,90.47014032101151,0.0390574021709122,0.1370465793352195,5.916519357934889e-05,1.0390574021709122,1.0000591651935793,0.0186256542801856,0.0187050476670264,225.819311529398
1,14,0,0.2005046803906518,30.471201583777862,30.14,1,0.832,1,1205,2322.5844073276853,2332.9938313533416,2,2,2332.9938313533416,2,2,10.409424025656335,0.0044818280846176,10.409424025656335,0.0044818280846176,1.0044818280846175,1.0044818280846175,0.0039775818586348,0.0039695575833319,146.56550876051188
0,9,0,0.1862106761299944,49.655972992378544,50.46,1,0.918,1,1174,3351.4266364753184,3366.591607939968,2,3,3351.4266364753184,3,3,15.164971464649623,0.0045249301594733,0.0,0.0,1.0045249301594734,1.0,0.0025590956211089,0.0027342140674589,187.07372123748064
0,5,0,0.2302172886644267,81.87392981192546,80.0,1,0.862,1,1201,2314.290580537101,2350.085366734404,2,2,2350.085366734404,2,2,35.79478619730298,0.0154668504025953,35.79478619730298,0.0154668504025953,1.0154668504025954,1.0154668504025954,0.0020008981227874,0.0019949153065681,152.0617026016116
1,10,0,0.1771267341462994,45.836438406252284,46.72,1,0.88,1,1211,2317.1157955046274,2319.490818179084,2,2,2317.1157955046274,2,2,2.375022674456432,0.0010249909301313,0.0,0.0,1.0010249909301314,1.0,0.0027501881122588,0.0028405934572219,171.116333886981
1,13,0,0.1881001473929061,30.308061340879004,29.6,1,0.8,1,1225,2308.6464038296663,2399.155912950562,1,2,2308.6464038296663,2,2,90.50950912089591,0.039204578479734,0.0,0.0,1.039204578479734,1.0,0.0039068311452865,0.0039916038513182,201.79523192346096
0,4,0,0.2006514225622127,97.51261024736236,92.76,1,0.83,1,1235,2272.604355491956,2313.632516301981,1,2,2274.792054550251,2,2,41.02816081002493,0.0180533671472012,2.1876990582950384,0.0009626396486516,1.0180533671472012,1.0009626396486515,0.0012517720460891,0.0013296902179717,208.8800143152476
1,18,0,0.1925404324567933,22.62694268082624,23.24,1,0.84,1,1172,3339.523498395321,3368.073303264008,2,3,3342.008274098132,3,3,28.54980486868681,0.0085490654227782,2.484775702811021,0.0007440509713451,1.0085490654227782,1.0007440509713452,0.0079784542322157,0.008090704679489,175.7264875471592
0,8,0,0.1758357683326687,53.49242258284377,54.98,1,0.898,1,1212,2327.116159607217,2373.196051864737,2,2,2373.196051864737,2,2,46.07989225751999,0.0198012858392498,46.07989225751999,0.0198012858392498,1.01980128583925,1.01980128583925,0.0202872976660728,0.0203340053558349,177.19465745985508
0,5,0,0.2138010041490157,93.39411985830856,92.44,1,0.984,1,1146,3407.4955162002234,3407.159955192799,3,3,3407.159955192799,3,3,-0.3355610074245305,-9.84773144466885e-05,-0.3355610074245305,-9.84773144466885e-05,0.9999015226855532,0.9999015226855532,0.0016327649354934,0.0016418620944023,150.628830447793
1,14,0,0.205707772328487,31.315942841049523,30.14,1,0.836,1,1169,3355.146697998579,3374.4210277923216,2,3,3355.953261565844,3,3,19.27432979374271,0.0057447055311293,0.8065635672651297,0.0002403959170388,1.0057447055311293,1.0002403959170387,0.0051764249801635,0.0052974894642829,145.35758507996798
0,6,0,0.1874067232260543,83.46603687105548,81.26,1,0.932,1,1189,2339.2177629320213,2342.146399821151,2,2,2342.146399821151,2,2,2.928636889129848,0.0012519727472738,2.928636889129848,0.0012519727472738,1.001251972747274,1.001251972747274,0.0012803971767425,0.0013093575835227,153.7021873742342
0,4,0,0.1968854518947042,95.120148971778,99.18,1,0.836,1,1219,2276.2833743103392,2365.0942564561456,1,2,2292.417841343948,2,2,88.81088214580632,0.0390157408115823,16.13446703360887,0.0070880748924756,1.0390157408115823,1.0070880748924758,0.000774711370468,0.0008424818515776,154.80344551801682
1,24,0,0.2215306359236334,17.74663885721006,16.74,1,0.802,1,1217,2319.7040932496,2425.853471089328,1,2,2321.475922487176,2,2,106.14937783972846,0.0457598786623802,1.7718292375761848,0.0007638169207582,1.0457598786623803,1.0007638169207582,0.0150844454765319,0.0153643563389777,277.7753028869629
1,14,0,0.2108708822298273,30.80634726742361,30.08,1,0.808,1,1234,2308.295258855741,2389.267912397638,1,2,2311.718558073468,2,2,80.97265354189722,0.0350789844718723,3.4232992177271626,0.00148304217348,1.0350789844718724,1.0014830421734802,0.0044526904821394,0.0045202448964118,172.48783790320158
1,15,0,0.1876127782464222,26.9936377019458,27.86,1,0.834,1,1188,2324.791990787128,2360.5720122152547,2,2,2360.5720122152547,2,2,35.78002142812693,0.0153906334716907,35.78002142812693,0.0153906334716907,1.015390633471691,1.015390633471691,0.0049308091402053,0.0049396082758902,134.64865869283676
1,17,0,0.2024369320006653,23.51467568210264,23.12,1,0.826,1,1238,2312.0990683184154,2385.9123326042145,1,2,2312.10552998718,2,2,73.81326428579905,0.0319247844079117,0.0064616687645866,2.794719678377019e-06,1.0319247844079118,1.0000027947196783,0.0059215947985648,0.0060102492570876,179.69243109226227
0,4,0,0.185046226188741,96.32118689458792,98.82,1,0.81,1,1236,2287.1856098748644,2337.883046236184,1,2,2287.1856098748644,2,2,50.69743636131943,0.0221658601481377,0.0,0.0,1.0221658601481378,1.0,0.0015496239066123,0.0016608759760856,185.4416994303465
0,6,0,0.1679465644196359,72.5278059776989,71.6,1,0.876,1,1236,2311.465024879328,2386.777214297668,1,2,2311.465024879328,2,2,75.31218941833959,0.0325820155648997,0.0,0.0,1.0325820155648997,1.0,0.0012005046010017,0.0012768805027007,204.22247526794672
0,9,0,0.2097423484395259,58.34402618371862,55.64,1,0.888,1,1195,2336.167036033562,2349.6803918878595,2,2,2349.6803918878595,2,2,13.513355854297515,0.0057844133770678,13.513355854297515,0.0057844133770678,1.005784413377068,1.005784413377068,0.0020783618092536,0.0020854771137237,159.0771187916398
1,14,0,0.2078335759561287,30.49293803306161,29.46,1,0.806,1,1211,2298.759423277661,2388.7845365379326,1,2,2299.6233792221897,2,2,90.02511326027161,0.0391624770946714,0.8639559445286977,0.0003758357380855,1.0391624770946717,1.0003758357380856,0.0049041360616683,0.0049937069416045,223.02389695495367
0,6,0,0.1577703072500794,79.72876847428192,79.62,1,0.942,1,1215,2318.076679990045,2423.586173448564,1,2,2319.337580118232,2,2,105.50949345851905,0.0455159634576765,1.2609001281871317,0.0005439423721705,1.0455159634576765,1.0005439423721707,0.0023874416947364,0.0024797320365905,343.471009850502
0,4,0,0.178458431128828,98.08844530350603,100.06,1,0.808,1,1222,2257.4444386830564,2311.3180663692347,1,2,2268.103089513569,2,2,53.873627686178224,0.0238648742635751,10.65865083051267,0.0047215562198867,1.0238648742635752,1.0047215562198868,0.0011500939726829,0.0012292861938475,193.888788163662
0,5,0,0.2234761663942595,83.14394371422685,84.6,1,0.9,1,1144,3381.916584338548,3390.3223854866374,3,3,3390.3223854866374,3,3,8.405801148089267,0.002485514038701,8.405801148089267,0.002485514038701,1.002485514038701,1.002485514038701,0.0014854073524474,0.0015099942684173,127.13295270502567
1,25,0,0.2096139588575937,16.596766792511783,16.96,1,0.83,1,1144,3391.7399776539955,3397.982083832394,3,3,3397.982083832394,3,3,6.242106178398444,0.0018403846460883,6.242106178398444,0.0018403846460883,1.0018403846460884,1.0018403846460884,0.0163717195391654,0.0163886696100234,105.49219395965338
1,11,0,0.2535862643008199,37.67917878103871,36.66,1,0.866,1,1179,2338.70413285876,2352.560503765918,2,2,2352.560503765918,2,2,13.856370907157723,0.0059248071239435,13.856370907157723,0.0059248071239435,1.0059248071239435,1.0059248071239435,0.0082500651478766,0.0082985833287238,140.16124775260687
0,8,0,0.2061931139857924,49.83895714891631,48.84,1,0.814,1,1148,3323.000131358156,3350.079425008927,2,3,3323.646093695582,3,3,27.07929365077098,0.0081490498285666,0.6459623374257717,0.0001943913066177,1.0081490498285666,1.0001943913066178,0.0028403028845786,0.0029284954071044,241.62596209347248
0,6,0,0.1904737092846358,74.77002594949671,79.02,1,0.884,1,1135,4417.534657938089,4441.867527567048,3,4,4423.5169037216765,4,4,24.33286962895818,0.0055082464571575,5.982245783587132,0.0013542046065982,1.0055082464571576,1.0013542046065982,0.0023100301623343,0.0024127438664435,142.52881936728954
0,4,0,0.1935477326859464,97.32891308210613,94.96,1,0.852,1,1150,3318.454108864664,3354.418855104209,2,3,3319.282047854843,3,3,35.96474623954509,0.0108378012953295,0.8279389901790637,0.0002494953864112,1.0108378012953296,1.0002494953864112,0.0011138841509818,0.0012323856353759,182.1182277649641
0,9,0,0.197078598627847,49.9663744528125,50.26,1,0.824,1,1141,3353.529104454757,3363.2166478477643,3,3,3363.2166478477643,3,3,9.687543393007218,0.002888760792366,9.687543393007218,0.002888760792366,1.002888760792366,1.002888760792366,0.0021730214357375,0.0021930560469627,90.88375943899156
0,5,0,0.2155886861692022,99.89956747352764,102.56,1,0.888,1,1137,3398.019617911292,3406.902056817561,3,3,3406.902056817561,3,3,8.882438906269272,0.002614004598281,8.882438906269272,0.002614004598281,1.002614004598281,1.002614004598281,0.0016197189688681,0.0016400516033171,110.14086672663689
1,10,0,0.1936867539472391,43.818024939519546,45.14,1,0.88,1,1210,2325.451634092905,2348.241897534377,2,2,2348.241897534377,2,2,22.790263441472234,0.0098003601138589,22.790263441472234,0.0098003601138589,1.009800360113859,1.009800360113859,0.0025896579027175,0.0026025697588919,135.09877946972847
1,19,0,0.2036512560841783,21.06080764989112,21.2,1,0.824,1,1220,2320.588960312286,2427.717556024142,1,2,2320.588960312286,2,2,107.12859571185618,0.0461643994451476,0.0,0.0,1.0461643994451475,1.0,0.0083528086543082,0.0084872990846633,201.11222707480192
1,41,0,0.2076698473876722,10.085295016839854,9.66,1,0.816,1,1216,2326.5233961073595,2329.53839585237,2,2,2329.53839585237,2,2,3.0149997450103,0.0012959249625664,3.0149997450103,0.0012959249625664,1.0012959249625664,1.0012959249625664,0.0672996640205382,0.0673043802380561,131.86208260059357
0,8,0,0.1950205654858474,56.94073498976277,58.7,1,0.88,1,1134,4391.121814529575,4410.645896157595,3,4,4396.381214729143,4,4,19.524081628020213,0.004446262812254,5.259400199567608,0.0011977349801968,1.004446262812254,1.0011977349801968,0.0036817863583564,0.003780461847782,954.9415857046844
1,28,0,0.1622186793988803,13.076275898527102,13.76,1,0.8,1,1172,3349.839622313003,3363.008685256959,2,3,3349.8396223130026,3,3,13.16906294395585,0.0039312517698572,-4.547473508864641e-13,-1.3575197685806503e-16,1.003931251769857,1.0,0.0275646895170211,0.027685523033142,141.04118122160435
0,5,0,0.1768034860324572,80.8261311974766,82.06,1,0.884,1,1182,2325.661759556768,2337.211798599905,2,2,2337.211798599905,2,2,11.550039043137076,0.0049663451684987,11.550039043137076,0.0049663451684987,1.0049663451684987,1.0049663451684987,0.0012071058154105,0.001223787665367,141.15377444773912
0,6,0,0.1873865603378344,67.08335656491639,68.32,1,0.874,1,1204,2305.789373428728,2307.441468416877,2,2,2307.441468416877,2,2,1.6520949881487468,0.0007164986564631,1.6520949881487468,0.0007164986564631,1.0007164986564632,1.0007164986564632,0.0010408386588095,0.0010944753885268,161.62775676697493
0,6,0,0.2135573999243163,69.41995375651331,70.06,1,0.846,1,1189,2313.758855183375,2355.5070048403018,2,2,2355.5070048403018,2,2,41.74814965692667,0.0180434316062803,41.74814965692667,0.0180434316062803,1.0180434316062803,1.0180434316062803,0.0015959963202475,0.0016020983457564,145.13472057133913
1,19,0,0.1833062157601424,21.81006307258417,22.2,1,0.842,1,1193,2338.373742176562,2347.436738082086,2,2,2347.436738082086,2,2,9.062995905524076,0.0038757687627334,9.062995905524076,0.0038757687627334,1.0038757687627335,1.0038757687627335,0.0084893703460693,0.0085035189986228,136.41261114925146
0,9,0,0.1954671626215389,46.61723763131389,47.2,1,0.828,1,1230,2307.397078934211,2405.624320229105,1,2,2313.72334179594,2,2,98.2272412948937,0.042570584054074,6.326262861728992,0.0027417313298546,1.042570584054074,1.0027417313298546,0.0022841170430183,0.0023677274584768,261.60762698948383
1,34,0,0.2011851587884155,12.101986705424313,12.42,1,0.822,1,1174,3348.546940883092,3362.7841064998515,2,3,3349.545940884092,3,3,14.23716561675974,0.0042517443739358,0.9990000010002404,0.0002983383594846,1.0042517443739358,1.0002983383594846,0.0303968936204909,0.030470885336399,177.3644002377987
0,4,0,0.1920820998739912,94.42284353332704,96.8,1,0.762,1,1151,2288.040735204907,2290.674496826624,2,2,2290.674496826624,2,2,2.633761621716985,0.0011510990959175,2.633761621716985,0.0011510990959175,1.0011510990959176,1.0011510990959176,0.0013263300061225,0.0013591572642325,78.81092771142721
1,16,0,0.2068454387808612,22.724086005935845,23.64,1,0.812,1,1200,2334.383406403864,2348.50505761824,2,2,2348.50505761824,2,2,14.121651214376016,0.0060494138090754,14.121651214376016,0.0060494138090754,1.0060494138090754,1.0060494138090754,0.0056746676564216,0.0056831762194633,130.99361161142588
0,8,0,0.2343521845577501,50.18736063698854,48.26,1,0.852,1,1147,3344.573882687253,3396.7323887771845,2,3,3345.3683278336293,3,3,52.15850608993151,0.0155949630414574,0.7944451463763471,0.0002375325450242,1.0155949630414574,1.0002375325450243,0.0028330609202384,0.0029352754354476,180.52992629259825
0,5,0,0.1942369608956842,75.94164667036478,73.66,1,0.814,1,1195,2277.668056384573,2357.668056384573,1,2,2277.668056384573,2,2,80.0,0.0351236431383188,0.0,0.0,1.0351236431383188,1.0,0.0013623163104056,0.0014505982398985,156.90120461583138
0,5,0,0.2122279685543542,90.5579954255366,89.32,1,0.886,1,1145,3357.681108679984,3431.329106552821,2,3,3361.009287329114,3,3,73.6479978728371,0.0219341847808145,3.3281786491302228,0.0009912134420765,1.0219341847808143,1.0009912134420766,0.0019101500511168,0.0020080506801604,141.66520553827286
0,5,0,0.2066064044215494,93.5569447535162,90.76,1,0.912,1,1217,2320.563990209598,2428.0242151446764,1,2,2322.6004874012133,2,2,107.46022493507826,0.0463078050803383,2.036497191615126,0.0008775871728627,1.0463078050803385,1.0008775871728628,0.0013380274176597,0.0013978332281112,251.2865270972252
1,13,0,0.1965786238790512,31.10395267839896,29.92,1,0.836,1,1165,3349.2217615282084,3404.259143680815,2,3,3354.817665544877,3,3,55.03738215260682,0.0164328868230851,5.595904016668555,0.0016708072546725,1.0164328868230852,1.0016708072546725,0.0051600709557533,0.0052721798419952,196.2744245752692
1,11,0,0.2247897964466925,34.98116897538691,34.96,1,0.812,1,1191,2315.800811443357,2317.694201721287,2,2,2317.694201721287,2,2,1.8933902779299387,0.0008175963444584,1.8933902779299387,0.0008175963444584,1.0008175963444583,1.0008175963444583,0.0030313283205031,0.0030455514788626,126.10855171829462
0,5,0,0.1913130733680333,82.96794831298324,85.0,1,0.856,1,1178,2309.0039530957865,2345.4222137217143,2,2,2315.917498959212,2,2,36.418260625927815,0.0157722816269327,6.913545863425497,0.0029941680498884,1.0157722816269328,1.0029941680498884,0.0014934241771697,0.0016683340072631,135.95588739216328
0,6,0,0.1848309198019766,81.61285269291419,78.26,1,0.954,1,1142,3404.620605393859,3410.37609362232,3,3,3410.37609362232,3,3,5.755488228460763,0.0016904932723906,5.755488228460763,0.0016904932723906,1.001690493272391,1.001690493272391,0.0021391287446021,0.0021688267588614,137.65757421404123
0,5,0,0.1634641822668643,77.33551004235439,76.12,1,0.82,1,1176,2332.2030828167426,2333.704850106058,2,2,2333.704850106058,2,2,1.5017672893154668,0.000643926466087,1.5017672893154668,0.000643926466087,1.0006439264660871,1.0006439264660871,0.0013629794120788,0.0013581812381743,99.53616005182266
1,12,0,0.2029041075194575,37.18164439844388,36.64,1,0.832,1,1138,3375.296063498401,3388.47325974038,3,3,3388.47325974038,3,3,13.17719624197889,0.0039040119723071,13.17719624197889,0.0039040119723071,1.003904011972307,1.003904011972307,0.003990240395069,0.0040061846375465,102.39038192480804
1,39,0,0.1899257153303628,10.422759863432113,10.24,1,0.81,1,1142,3391.923746123671,3401.7829386281514,3,3,3401.7829386281514,3,3,9.859192504480234,0.0029066669071636,9.859192504480234,0.0029066669071636,1.0029066669071636,1.0029066669071636,0.0464539155364035,0.0465299189090727,107.02234058082104
1,33,0,0.1975781219793546,11.942230558631447,12.34,1,0.83,1,1201,2326.3377301841865,2330.1479322692767,2,2,2326.3377301841865,2,2,3.810202085090168,0.0016378542271196,0.0,0.0,1.0016378542271196,1.0,0.0231944769620895,0.0232695192098617,149.07563640922308
1,15,0,0.209431186551565,25.79043029604337,27.28,1,0.814,1,1199,2319.264758241045,2321.527126154737,2,2,2321.527126154737,2,2,2.2623679136918327,0.0009754677234037,2.2623679136918327,0.0009754677234037,1.0009754677234035,1.0009754677234035,0.0066429078578948,0.0066597834229468,102.09002032876016
0,7,0,0.2115774582060667,69.19326828466649,65.6,1,0.938,1,1208,2323.9540011464983,2365.6532073595663,2,2,2365.6532073595663,2,2,41.69920621306801,0.017943214965742,41.69920621306801,0.017943214965742,1.017943214965742,1.017943214965742,0.0013311356306075,0.001340977847576,203.9248194694519
0,4,0,0.2365238270083444,84.85601548918463,86.3,1,0.9,1,1134,3382.4888006192296,3399.42014434085,3,3,3391.4027813997227,3,3,16.93134372162058,0.0050055875184334,8.913980780493148,0.0026353319422258,1.0050055875184334,1.002635331942226,0.0022853761911391,0.0023856088519095,112.24530544877052
0,9,0,0.1959853508450568,45.86944886723741,43.64,1,0.81,1,1200,2323.5835723242344,2385.2909030290207,2,2,2330.1587512340507,2,2,61.70733070478627,0.0265569663341446,6.575178909816259,0.0028297578740579,1.0265569663341447,1.002829757874058,0.0193269699811935,0.0194322988390922,129.08914332091808
0,6,0,0.2351757828940923,81.18879378906439,79.64,1,0.88,1,1180,2327.2257576472075,2357.3440053248205,2,2,2333.456244351437,2,2,30.118247677613,0.0129416957416551,6.230486704229406,0.0026772162880013,1.012941695741655,1.002677216288001,0.0017459094524382,0.0018254294991492,143.59052466601133
1,12,0,0.1838871541849616,34.913853423905095,34.92,1,0.85,1,1163,3348.519403260382,3393.782850703421,2,3,3354.26515713258,3,3,45.26344744303879,0.0135174511454127,5.745753872197838,0.0017159087884046,1.0135174511454128,1.0017159087884049,0.003641903400421,0.0038283243775365,190.90029174089432
1,29,0,0.2261146429460338,14.222923738577862,14.04,1,0.826,1,1207,2326.913752254642,2347.393518241128,2,2,2347.393518241128,2,2,20.479765986485745,0.0088012570154961,20.479765986485745,0.0088012570154961,1.0088012570154965,1.0088012570154965,0.0198057666420936,0.0198217630386352,159.68643648177385
1,29,0,0.2350255338789732,14.436532164414889,14.36,1,0.812,1,1157,3368.628207324892,3423.738732428673,2,3,3369.117496341129,3,3,55.11052510378113,0.0163599310199761,0.4892890162373078,0.0001452487440357,1.0163599310199762,1.0001452487440357,0.0392141118645667,0.0394069850444793,187.5142333805561
0,6,0,0.2091523770403767,73.07568434345208,72.8,1,0.846,1,1234,2296.028113956155,2395.6312842647467,1,2,2297.6733785579227,2,2,99.60317030859188,0.0433806405519013,1.645264601767849,0.0007165698850842,1.0433806405519013,1.0007165698850844,0.001639001071453,0.0017497763037681,433.7370552495122
0,5,0,0.2098771913828119,84.65511321949703,83.48,1,0.918,1,1150,3382.848245402023,3409.845881709813,3,3,3409.845881709813,3,3,26.99763630778989,0.0079807411829617,26.99763630778989,0.0079807411829617,1.0079807411829618,1.0079807411829618,0.0017644315958022,0.0017794519662856,138.94957327842712
1,12,0,0.2099200221228011,38.718099119757824,38.48,1,0.84,1,1193,2330.578121617261,2370.854885571719,2,2,2339.099878690107,2,2,40.27676395445815,0.0172818767930889,8.521757072845958,0.0036564992152815,1.017281876793089,1.0036564992152817,0.0037754401564597,0.0038626343011855,142.8647660240531
1,29,0,0.1915089996719955,12.925260485405603,13.58,1,0.8,1,1139,4416.360638904279,4421.351527250172,3,4,4417.231525239569,4,4,4.990888345892927,0.0011300907588767,0.8708863352903791,0.0001971954753012,1.0011300907588767,1.0001971954753013,0.0224670469760894,0.0225527510046958,854.6612692475319
1,25,0,0.1809178729442462,15.96061557073569,16.44,1,0.806,1,1145,3398.9477034152083,3420.4341049864142,3,3,3420.4341049864142,3,3,21.486401571205988,0.0063214863675651,21.486401571205988,0.0063214863675651,1.0063214863675651,1.0063214863675651,0.0154849514365195,0.0155103355646132,101.8839617073536
0,4,0,0.1780745500464895,96.93567750355795,98.58,1,0.822,1,1148,3338.986757720684,3401.201001079961,2,3,3348.632910305526,3,3,62.21424335927668,0.0186326714879655,9.64615258484173,0.0028889460440467,1.0186326714879654,1.0028889460440469,0.0010474547743796,0.0011582523584364,143.63336910307407
0,6,0,0.2018549467970718,69.29769440766484,68.28,1,0.804,1,1148,3374.0726856269057,3403.433569058694,3,3,3403.433569058694,3,3,29.360883431788352,0.0087019119525378,29.360883431788352,0.0087019119525378,1.0087019119525378,1.0087019119525378,0.0015857219696044,0.0016111806035041,85.56955361366272
0,8,0,0.187717526679011,65.06935364491221,65.0,1,0.86,1,1234,2312.924776297288,2397.126304936777,1,2,2312.924776297288,2,2,84.20152863948897,0.0364047847566773,0.0,0.0,1.0364047847566773,1.0,0.0017109364271163,0.0018314719200132,352.0033887773752
1,14,0,0.1883637437526873,29.41116772971782,30.2,1,0.856,1,1184,2336.470821335384,2364.627805421731,2,2,2364.627805421731,2,2,28.156984086347165,0.0120510745647807,28.156984086347165,0.0120510745647807,1.0120510745647808,1.0120510745647808,0.0036659762263297,0.0036834701895713,141.43022634088993
0,8,0,0.1799061646366777,56.69653010228157,58.48,1,0.884,1,1162,3348.6716721537405,3377.1103186916644,2,3,3350.4867088281444,3,3,28.438646537923887,0.0084925156366951,1.8150366744039277,0.0005420169106147,1.0084925156366953,1.0005420169106147,0.0027010291814803,0.002784714102745,179.95140033215284
0,5,0,0.2049972829540991,92.9845495782003,96.06,1,0.942,1,1186,2341.0162988741668,2342.589832774176,2,2,2342.589832774176,2,2,1.5735339000093518,0.0006721584556101,1.5735339000093518,0.0006721584556101,1.0006721584556102,1.0006721584556102,0.0011979341506957,0.0012105703353881,152.8422339335084
0,9,0,0.2147921912855124,44.09025951578643,44.34,1,0.858,1,1210,2315.7974190636146,2336.3582888760484,2,2,2315.7974190636187,2,2,20.560869812433797,0.0088785269571409,4.092726157978177e-12,1.7673075046577509e-15,1.008878526957141,1.0000000000000018,0.003268852829933,0.0033602714538573,159.09492141753435
0,7,0,0.2136840413092127,52.25545050963397,52.76,1,0.82,1,1139,4400.668420103011,4430.549836980933,3,4,4408.773538979306,4,4,29.881416877921765,0.006790199584549,8.10511887629491,0.0018417926784188,1.0067901995845492,1.0018417926784189,0.0029994770884513,0.0031141415238378,1105.3174879476428
0,7,0,0.2046511475589693,56.404814216200464,55.56,1,0.83,1,1219,2318.3821283669376,2433.306152277728,1,2,2325.9850537967973,2,2,114.92402391079032,0.0495707858099055,7.602925429859624,0.0032794099543956,1.0495707858099057,1.0032794099543958,0.0018997713923453,0.0019743219017981,200.39666859805584
0,6,0,0.1931597713463276,76.9789459422548,74.6,1,0.86,1,1198,2299.203022567955,2380.557176073232,2,2,2380.557176073232,2,2,81.35415350527683,0.0353836319397376,81.35415350527683,0.0353836319397376,1.0353836319397376,1.0353836319397376,0.0014053657650947,0.0014232024550437,121.97921403497458
0,9,0,0.2443160012027573,52.44154626351939,50.64,1,0.882,1,1145,3392.516229805864,3407.979511078422,3,3,3407.979511078422,3,3,15.463281272558106,0.0045580566827363,15.463281272558106,0.0045580566827363,1.0045580566827363,1.0045580566827363,0.0046437978744506,0.0047022476792334,116.89743936806916
0,5,0,0.2391160746442441,98.49961654657388,99.6,1,0.922,1,1199,2334.4684181426333,2337.863659056713,2,2,2337.863659056713,2,2,3.39524091407975,0.0014543957363882,3.39524091407975,0.0014543957363882,1.0014543957363884,1.0014543957363884,0.0009751692414283,0.0009877681732177,139.01550259441137
0,8,0,0.2087205037995101,58.39976472159434,55.9,1,0.892,1,1226,2309.5192542194645,2392.9488747646874,1,2,2309.672973685346,2,2,83.42962054522286,0.0361242368483388,0.153719465881295,6.655907527094713e-05,1.0361242368483388,1.0000665590752709,0.0017473995685577,0.0018278062343597,299.9808716252446
1,16,0,0.1929242973917473,25.00817820398736,25.02,1,0.83,1,1140,3412.190295828564,3415.1106087847925,3,3,3415.1106087847925,3,3,2.920312956228372,0.000855847037546,2.920312956228372,0.000855847037546,1.0008558470375462,1.0008558470375462,0.0080862715840339,0.0081095770001411,97.75998110324144
1,20,0,0.1864091971790284,20.8256207325836,20.86,1,0.834,1,1188,2339.529421445306,2354.5744161812754,2,2,2354.5744161812754,2,2,15.04499473596934,0.0064307781719089,15.04499473596934,0.0064307781719089,1.006430778171909,1.006430778171909,0.0117917880415915,0.0118036791682242,136.43086689710617
0,7,0,0.2187151427235604,58.81255748360073,59.64,1,0.83,1,1224,2276.495434972495,2326.8333511795,1,2,2276.495434972495,2,2,50.33791620700504,0.0221120215897174,0.0,0.0,1.0221120215897177,1.0,0.0017194226384162,0.0018034204840658,199.66714148968452
1,35,0,0.2093247505470702,11.666954756421095,11.68,1,0.808,1,1145,3399.986952192804,3402.8417499495936,3,3,3402.8417499495936,3,3,2.854797756789594,0.000839649621287,2.854797756789594,0.000839649621287,1.000839649621287,1.000839649621287,0.0424985662102698,0.0425235927104949,102.48941406607628
0,7,0,0.2051866797910596,67.57815262656155,67.36,1,0.888,1,1158,3353.188611204673,3414.9109389610167,2,3,3365.472580589091,3,3,61.72232775634348,0.0184070551683548,12.283969384418016,0.0036633696486297,1.0184070551683548,1.0036633696486297,0.0017197951674461,0.0018224939703941,173.41341050714254
0,8,0,0.1801055662043748,55.18984342792061,53.14,1,0.858,1,1208,2309.891176265194,2411.885072839152,1,2,2309.972118366199,2,2,101.99389657395795,0.0441552821284288,0.0809421010048936,3.504152136542073e-05,1.0441552821284288,1.0000350415213657,0.0017434507608413,0.0018224120140074,210.56092739850283
0,8,0,0.235305302964713,52.13339974877506,50.62,1,0.812,1,1152,3348.943583917021,3409.143594893776,2,3,3357.247454363688,3,3,60.20001097675504,0.0179758211711477,8.303870446667133,0.002479549218609,1.0179758211711478,1.002479549218609,0.0023737549781798,0.0024811923503875,143.07944723963735
0,9,0,0.2041406521974809,45.53464702493822,44.48,1,0.87,1,1223,2311.163713511738,2409.136475700328,1,2,2316.1700405331503,2,2,97.97276218858995,0.0423910957133034,5.0063270214122895,0.0021661498889688,1.0423910957133036,1.002166149888969,0.0022235065698623,0.002307966351509,208.42716398835185
0,6,0,0.1773472429210134,67.72709909383708,67.1,1,0.812,1,1206,2310.0833125715267,2344.9264845330003,2,2,2344.9264845330003,2,2,34.84317196147367,0.015083080238646,34.84317196147367,0.015083080238646,1.015083080238646,1.015083080238646,0.0014734789729117,0.0014772415161132,104.25057566910982
1,18,0,0.2246704313237807,23.351865144875013,23.24,1,0.828,1,1226,2316.545449208975,2408.8339932537256,1,2,2316.8280899466663,2,2,92.28854404475078,0.0398388661341672,0.2826407376915085,0.0001220095801651,1.039838866134167,1.000122009580165,0.009967692196369,0.0100702270865439,229.05893617868423
0,6,0,0.1865044183251988,72.66350258923299,74.02,1,0.876,1,1223,2298.9295032494783,2374.045282265478,1,2,2298.9295032494783,2,2,75.11577901599958,0.0326742420373592,0.0,0.0,1.0326742420373594,1.0,0.0017362311482429,0.0019319131970405,219.24874119460583
0,5,0,0.2250557084878263,94.77373671101562,93.78,1,0.816,1,1236,2289.824066387892,2343.8064156282926,1,2,2289.824066387892,2,2,53.98234924040071,0.0235748894567064,0.0,0.0,1.0235748894567065,1.0,0.0020362362265586,0.0021449252963065,157.64110108464956
0,4,0,0.1957487748245291,97.09061330377112,96.06,1,0.782,1,1200,2273.9293194589254,2347.27730036938,1,2,2273.9293194589254,2,2,73.34798091045468,0.0322560513569118,0.0,0.0,1.032256051356912,1.0,0.0009911283850669,0.0010985657572745,179.2150097861886
0,5,0,0.2328999962140547,84.61677081566158,83.06,1,0.802,1,1230,2300.117327214535,2369.4358432467934,1,2,2300.267958423728,2,2,69.31851603225823,0.0301369478904815,0.1506312091928521,6.548848939600311e-05,1.0301369478904816,1.000065488489396,0.0014481246471404,0.0015185400843619,382.0451170131564
0,5,0,0.1777426291949769,75.38147307649851,72.4,1,0.842,1,1203,2295.1671141948577,2385.5709600183463,1,2,2295.223211448821,2,2,90.4038458234886,0.0393887857944506,0.0560972539633439,2.444146816865788e-05,1.0393887857944506,1.0000244414681687,0.0012528002262114,0.0013301074504851,173.56363233178854
0,8,0,0.2402188137226643,57.499442459146245,56.1,1,0.9,1,1138,3390.137415275221,3409.550436320902,3,3,3409.550436320902,3,3,19.413021045681035,0.0057263227614934,19.413021045681035,0.0057263227614934,1.0057263227614934,1.0057263227614934,0.0026961490511893,0.0027556419372558,118.70416267961264
0,7,0,0.2256608052640813,56.55178754205434,54.78,1,0.86,1,1202,2312.344315961556,2331.657030892497,2,2,2331.657030892497,2,2,19.312714930941183,0.0083520065751584,19.312714930941183,0.0083520065751584,1.0083520065751586,1.0083520065751586,0.0017345845699309,0.0017606317996978,142.6399267911911
0,4,0,0.1613085186249648,99.91509570919554,101.12,1,0.842,1,1200,2290.0666990453897,2380.078004142912,1,2,2290.06669904539,2,2,90.01130509752238,0.0393051019584029,4.547473508864641e-13,1.9857384550241475e-16,1.039305101958403,1.0000000000000002,0.0008974969387054,0.0009670779109001,152.26822428405285
1,27,0,0.1871259376958853,14.992772996797193,14.58,1,0.81,1,1193,2339.372742177562,2360.813547867905,2,2,2360.813547867905,2,2,21.44080569034304,0.0091651942863903,21.44080569034304,0.0091651942863903,1.0091651942863904,1.0091651942863904,0.016256347298622,0.0162677615880965,122.07498056441544
0,6,0,0.1947554857803283,66.71394576954239,69.56,1,0.88,1,1194,2335.4366555313964,2382.3679218791613,2,2,2382.3679218791613,2,2,46.9312663477649,0.0200952854947317,46.9312663477649,0.0200952854947317,1.0200952854947318,1.0200952854947318,0.0016457960009574,0.0016542449593543,151.69494923949242
0,9,0,0.1669303631774653,44.80947399714485,43.74,1,0.804,1,1232,2292.9890389426587,2358.0658670194243,1,2,2295.661532440177,2,2,65.07682807676565,0.0283807846315627,2.672493497518189,0.0011655064425212,1.028380784631563,1.0011655064425211,0.0021597445011138,0.0023143962025641,187.9934406057
0,5,0,0.235105157520801,86.16001089306434,85.98,1,0.936,1,1160,3356.488330468773,3392.641997214485,2,3,3356.488330468776,3,3,36.153666745712144,0.0107712773548248,3.183231456205249e-12,9.483815055482922e-16,1.0107712773548247,1.0000000000000009,0.0013713538646697,0.0014700219035148,226.9154063984752
1,28,0,0.2277947148174545,15.810055094311464,14.4,1,0.802,1,1215,2323.174926612031,2347.702647068483,2,2,2327.6248228311715,2,2,24.527720456452244,0.0105578448594148,4.449896219140555,0.0019154374335599,1.0105578448594148,1.00191543743356,0.016068860888481,0.0162383019924163,141.41027027368546
1,12,0,0.2120748431174344,34.31223222469426,33.88,1,0.808,1,1136,4397.147860109189,4403.726536037644,3,4,4402.731535972645,4,4,6.578675928454686,0.0014961234276737,5.583675863455937,0.0012698403695065,1.0014961234276738,1.0012698403695066,0.0047664642333984,0.0048486888408659,422.2236849814653
1,14,0,0.1713898720233446,29.34968663540144,29.38,1,0.854,1,1166,3349.281414076081,3376.181500416198,2,3,3353.9615646227585,3,3,26.900086340117014,0.0080315993236828,4.680150546677396,0.0013973596028712,1.0080315993236828,1.0013973596028714,0.0126730725169181,0.0129313692450522,189.6582895591855
0,8,0,0.1727196996969103,58.61914077305223,57.24,1,0.842,1,1207,2311.482737723329,2314.227517305437,2,2,2314.227517305437,2,2,2.74477958210764,0.0011874540689025,2.74477958210764,0.0011874540689025,1.0011874540689023,1.0011874540689023,0.0020130276679991,0.0020252615213393,110.12724565714598
0,5,0,0.2203545341911223,96.16459447716538,90.9,1,0.894,1,1161,3334.47804207148,3353.986649900904,2,3,3334.5878097720315,3,3,19.50860782942391,0.0058505731881516,0.1097677005514015,3.291900536349325e-05,1.0058505731881515,1.0000329190053634,0.001551643013954,0.0016466006636617,161.2964609414339
1,11,0,0.2103553986257428,40.012399456441,38.94,1,0.836,1,1161,2313.413898634324,2321.2022931571178,2,2,2314.3072787756514,2,2,7.788394522793624,0.0033666239004578,0.8933801413272704,0.0003861739318911,1.0033666239004575,1.000386173931891,0.0063777044415473,0.0066184997558592,119.6520138978958
0,6,0,0.1437763911312658,78.60634289270554,79.5,1,0.902,1,1211,2303.4426547973844,2394.5964473409817,1,2,2303.4426547973844,2,2,91.15379254359732,0.0395728508169071,0.0,0.0,1.039572850816907,1.0,0.0021136179566383,0.0022230222821235,308.75261856615543
0,6,0,0.2096588889653506,82.66915487467978,80.74,1,0.932,1,1221,2306.485992982599,2396.8241021024264,1,2,2308.9075065211896,2,2,90.33810911982756,0.0391669879612007,2.421513538590716,0.0010498713393266,1.0391669879612009,1.0010498713393263,0.0015630498528479,0.0016380101442336,250.0119705274701
0,4,0,0.2038180099682803,81.04104503120864,80.12,1,0.8,1,1181,2346.8510456878207,2358.571416324637,2,2,2347.36416403674,2,2,11.72037063681637,0.0049940837354598,0.5131183489193063,0.0002186412085514,1.0049940837354598,1.0002186412085514,0.0009261444211006,0.001001700758934,99.90329565107822
1,12,0,0.2114033065604494,35.668222609893505,36.0,1,0.852,1,1155,3331.371351183296,3382.232041119172,2,3,3336.000550480406,3,3,50.8606899358756,0.0152671931689062,4.629199297110063,0.0013895776871184,1.0152671931689063,1.0013895776871184,0.004586100578308,0.0046895742416381,218.4279424473644
0,7,0,0.2108308372376922,54.42117569703552,51.9,1,0.842,1,1232,2287.7647579884706,2344.653202995717,1,2,2288.050024564041,2,2,56.888445007246446,0.024866387511479,0.2852665755704038,0.0001246922676705,1.0248663875114792,1.0001246922676703,0.0033282637596129,0.0034149363636968,174.4445108026266
0,5,0,0.1531627589577766,99.19194225198602,99.0,1,0.958,1,1157,3370.4100406772955,3430.060685828169,2,3,3371.83223744372,3,3,59.65064515087352,0.0176983347518412,1.4221967664243491,0.0004219655024937,1.0176983347518411,1.0004219655024935,0.0014839991927146,0.0015818923711776,259.0131495445967
0,8,0,0.1686112417611905,50.77877061369955,52.1,1,0.882,1,1176,2337.707874819487,2350.4869254057185,2,2,2350.4869254057185,2,2,12.779050586231278,0.005466487375895,12.779050586231278,0.005466487375895,1.0054664873758952,1.0054664873758952,0.0025295764207839,0.0025511905550956,130.50082958489656
0,8,0,0.2010973714549385,47.72505361988578,51.9,1,0.864,1,1164,3334.556313841623,3359.3716083727427,2,3,3334.556313841623,3,3,24.81529453111989,0.0074418579851575,0.0,0.0,1.0074418579851576,1.0,0.0057667940855026,0.0059349611401557,165.03807949274778
0,5,0,0.2071431613660433,99.20675647752118,97.48,1,0.926,1,1184,2341.7700794630173,2343.14220777952,2,2,2343.14220777952,2,2,1.3721283165027671,0.0005859363942413,1.3721283165027671,0.0005859363942413,1.000585936394241,1.000585936394241,0.0009386390447616,0.0009475946426391,136.14142356812954
1,12,0,0.2198366861692796,35.42216165051566,34.64,1,0.818,1,1158,3335.409447720081,3366.9409145997133,2,3,3336.4576025059605,3,3,31.531466879632266,0.0094535520672538,1.048154785879433,0.000314250709638,1.0094535520672538,1.000314250709638,0.0036727041006087,0.0037929788231849,185.41835751384497
1,23,0,0.1683772289515603,18.16178751424112,18.22,1,0.812,1,1176,2343.6959654989623,2345.230463688504,2,2,2345.230463688504,2,2,1.534498189541864,0.0006547343222546,1.534498189541864,0.0006547343222546,1.0006547343222547,1.0006547343222547,0.0169515684247016,0.0169741064310073,110.96702084690332
0,6,0,0.1761301872287621,82.36502016386011,80.26,1,0.932,1,1204,2326.052936912599,2327.041932025646,2,2,2327.041932025646,2,2,0.9889951130471673,0.00042518168755,0.9889951130471673,0.00042518168755,1.00042518168755,1.00042518168755,0.0013783052563666,0.0013971924781798,145.23334348201752
1,23,0,0.1902765817269239,17.577899428013865,17.96,1,0.822,1,1202,2331.6765746232736,2336.266110040176,2,2,2336.266110040176,2,2,4.589535416902436,0.0019683413501051,4.589535416902436,0.0019683413501051,1.001968341350105,1.001968341350105,0.0103082954883574,0.0103162303566932,133.91448812931776
1,15,0,0.2112472016213136,28.557103634590376,28.06,1,0.816,1,1178,2327.700664789974,2344.18038764542,2,2,2344.18038764542,2,2,16.479722855446198,0.0070798290797125,16.479722855446198,0.0070798290797125,1.0070798290797125,1.0070798290797125,0.0047042742371559,0.0047131553292274,114.1019934490323
1,10,0,0.2079123015495127,43.34820089864999,43.24,1,0.862,1,1234,2303.8938517931865,2376.7986145192144,1,2,2306.062548513527,2,2,72.90476272602791,0.0316441500415846,2.168696720340449,0.0009413179859187,1.0316441500415847,1.0009413179859188,0.0027391463518141,0.0028111040592192,223.6819314211607
0,5,0,0.2034668263255072,79.99211020967044,77.92,1,0.86,1,1144,3386.004681353469,3402.041185597748,3,3,3402.041185597748,3,3,16.036504244279058,0.0047361140203352,16.036504244279058,0.0047361140203352,1.0047361140203352,1.0047361140203352,0.0020123198628425,0.0020239651203155,101.57983893156052
0,6,0,0.2173599744641043,89.7443733636598,83.9,1,0.888,1,1169,3337.265215201453,3344.341060781672,2,3,3340.6255524472244,3,3,7.075845580218811,0.0021202526991225,3.3603372457714613,0.0010069134543053,1.0021202526991226,1.0010069134543054,0.0012184157967566,0.0012824237346648,160.2981238141656
0,6,0,0.1788274913729092,69.8123651730724,73.82,1,0.934,1,1236,2315.603954101597,2395.437334995143,1,2,2315.845426188722,2,2,79.83338089354584,0.0344762673047513,0.2414720871247482,0.0001042803916002,1.0344762673047514,1.0001042803916005,0.0012972429394721,0.0013645738363265,267.5413147211075
0,8,0,0.1844619537916649,54.020396769697385,56.14,1,0.884,1,1173,3344.3985090189394,3358.6913744147587,2,3,3344.4268383258377,3,3,14.292865395819264,0.0042736729361872,0.0283293068982857,8.470673223268469e-06,1.0042736729361872,1.0000084706732233,0.00296001881361,0.003032274544239,186.94535779207945
0,6,0,0.2114703840936776,81.74395598922058,77.42,1,0.908,1,1192,2328.656758092005,2348.1462859729745,2,2,2348.1462859729745,2,2,19.48952788096949,0.0083694292055898,19.48952788096949,0.0083694292055898,1.0083694292055898,1.0083694292055898,0.001529462635517,0.0015391409397124,163.28101535141468
0,5,0,0.1707215243003815,78.73210776103598,78.14,1,0.886,1,1150,3338.868945705934,3378.052269219611,2,3,3338.868945705934,3,3,39.183323513676896,0.0117355080869735,0.0,0.0,1.0117355080869737,1.0,0.0013730376958846,0.0014747977256774,188.174378618598
1,31,0,0.2051778099164496,13.73765523629736,13.04,1,0.802,1,1200,2333.748036957396,2345.612208203029,2,2,2345.612208203029,2,2,11.86417124563286,0.0050837412855848,11.86417124563286,0.0050837412855848,1.0050837412855849,1.0050837412855849,0.0205776020884513,0.020584687590599,115.55926593393087
0,6,0,0.1983329167945604,64.72311989105248,66.22,1,0.818,1,1135,4426.987808443548,4456.706266279174,3,4,4431.072189182129,4,4,29.7184578356264,0.0067130200311247,4.084380738580876,0.000922609439039,1.0067130200311247,1.000922609439039,0.0020539313554763,0.0021391585469245,100.31880647689104
0,6,0,0.1826413980178854,70.62516942564875,72.14,1,0.92,1,1204,2329.457665102224,2344.862472088474,2,2,2344.862472088474,2,2,15.40480698625015,0.0066130444081601,15.40480698625015,0.0066130444081601,1.0066130444081602,1.0066130444081602,0.0012432485818862,0.0012524351477622,177.45736549049616
0,5,0,0.211563236898109,87.00851574674466,87.36,1,0.914,1,1235,2318.220291144883,2402.2677197521234,1,2,2318.220291144883,2,2,84.04742860724036,0.0362551518198179,0.0,0.0,1.036255151819818,1.0,0.005052588880062,0.0053059011697768,221.6528500244021
0,9,0,0.1855429467888419,56.36251252086438,55.82,1,0.858,1,1190,2311.0410519145976,2328.4700396661065,2,2,2328.4700396661065,2,2,17.428987751508885,0.0075416175481044,17.428987751508885,0.0075416175481044,1.0075416175481045,1.0075416175481045,0.0025936514139174,0.0026061236858366,144.10890512913463
0,9,0,0.1893166794089928,58.65306459153052,54.98,1,0.87,1,1177,2341.152921661627,2346.1279222865987,2,2,2346.1279222865987,2,2,4.975000624971926,0.0021250216416623,4.975000624971926,0.0021250216416623,1.0021250216416624,1.0021250216416624,0.0021296069025992,0.0021387860178946,129.0703399553895
1,11,0,0.1683625750409838,33.64295642483469,35.28,1,0.826,1,1148,3352.662438908781,3420.45779084901,2,3,3358.5383406135743,3,3,67.79535194022901,0.0202213474143537,5.87590170479325,0.0017526076101791,1.0202213474143538,1.001752607610179,0.0039468631148337,0.0040400102734565,151.75424621254206
0,6,0,0.2145052891830365,68.97774774197558,69.86,1,0.848,1,1192,2309.5045532600657,2314.225284299116,2,2,2314.225284299116,2,2,4.720731039050406,0.0020440449153419,4.720731039050406,0.0020440449153419,1.002044044915342,1.002044044915342,0.0012894794344901,0.0013024806976318,110.02622644603252
1,11,0,0.1821855319374655,36.89394928248794,37.44,1,0.816,1,1198,2321.2130526055303,2333.990487246424,2,2,2333.990487246424,2,2,12.777434640893716,0.0055046367357581,12.777434640893716,0.0055046367357581,1.005504636735758,1.005504636735758,0.0032666772603988,0.0032833144068717,138.07907171547413
0,4,0,0.233493542594887,95.73773531154602,97.84,1,0.858,1,1223,2282.242106706893,2349.140753398055,1,2,2287.512033836868,2,2,66.89864669116196,0.0293126861933556,5.269927129974803,0.002309100824355,1.0293126861933557,1.0023091008243552,0.0017064660787581,0.0018495991826056,210.2484205961228
1,24,1,0.6837138785920013,19.899115415393524,16.98,1,0.822,1,1186,2343.8810458561625,2361.374266488924,2,2,2361.374266488924,2,2,17.493220632761677,0.0074633568387306,17.493220632761677,0.0074633568387306,1.0074633568387306,1.0074633568387306,0.0123158320784568,0.0123186409473418,134.83017668128014
1,10,1,0.6602016200428914,31.118604264434968,33.86,1,0.808,1,1171,3333.5245265394933,3340.630217493742,2,3,3337.47421907154,3,3,7.10569095424853,0.0021315850229021,3.949692532046811,0.001184839799618,1.0021315850229022,1.001184839799618,0.0033722445368766,0.0034529641270636,132.92223654687405
1,11,1,0.7617967627745116,42.37052287592282,41.54,1,0.81,1,1177,2311.548757920329,2311.548757920331,2,2,2311.548757920331,2,2,1.8189894035458565e-12,7.869137076660144e-16,1.8189894035458565e-12,7.869137076660144e-16,1.0000000000000009,1.0000000000000009,0.0023459643125533,0.0023533701896667,119.14091323316096
0,4,1,0.8560507593921707,83.88188922219454,77.92,1,0.8,1,1139,3312.015384785861,3347.125152715303,2,3,3312.463116668481,3,3,35.109767929442114,0.0106007260988952,0.4477318826197916,0.0001351841192152,1.0106007260988952,1.0001351841192152,0.001780480146408,0.0018907636404036,170.34563626348972
0,7,1,0.7681045554410455,69.95528054744406,72.02,1,0.828,1,1228,2316.8586488274955,2407.375001337129,1,2,2317.6966155308646,2,2,90.51635250963363,0.0390685692264574,0.8379667033691476,0.0003616822734495,1.0390685692264574,1.0003616822734496,0.0030204951763152,0.003162920475006,281.66348338872194
0,5,1,0.6713522146974827,84.75734522984186,82.9,1,0.848,1,1208,2320.04603739583,2320.56424932565,2,2,2320.56424932565,2,2,0.5182119298201542,0.0002233627787842,0.5182119298201542,0.0002233627787842,1.0002233627787842,1.0002233627787842,0.0016886368393897,0.0017478018999097,111.54199850559236
0,8,1,0.6235069434625028,90.55486189787922,89.08,1,0.94,1,1187,2342.2493077719496,2366.6465077353814,2,2,2366.6465077353814,2,2,24.39719996343183,0.0104161413913019,24.39719996343183,0.0104161413913019,1.010416141391302,1.010416141391302,0.0017604008316993,0.0017510131001472,185.03339958935976
0,7,1,0.766149424276659,42.946683224587936,40.66,1,0.82,1,1187,2332.7951416659016,2371.1619112197523,2,2,2371.1619112197523,2,2,38.366769553850645,0.0164466947262467,38.366769553850645,0.0164466947262467,1.0164466947262467,1.0164466947262467,0.0013926848769187,0.0014109835028647,112.50107498466969
0,7,1,0.7638976205080663,85.38979841051447,80.28,1,0.972,1,1161,3371.7674105714827,3421.172565841458,2,3,3371.9426447485966,3,3,49.40515526997524,0.0146525988462536,0.1752341771139072,5.19710157244229e-05,1.0146525988462536,1.0000519710157243,0.003430001437664,0.0035342425107955,253.6986129432917
0,7,1,0.7476747020431307,92.9935742604028,89.04,1,0.98,1,1189,2344.4292143667512,2361.718130893992,2,2,2361.718130893992,2,2,17.288916527240872,0.0073744672781305,17.288916527240872,0.0073744672781305,1.0073744672781306,1.0073744672781306,0.0013432055711745,0.001350663602352,213.02869072556496
0,7,1,0.8260754795304328,86.14872455767669,84.76,1,0.802,1,1164,3330.5539880795086,3333.909505297099,2,3,3330.69838913332,3,3,3.3555172175902044,0.0010074952183931,0.1444010538111797,4.335646692052137e-05,1.0010074952183932,1.0000433564669204,0.0027077347040175,0.0027882531285285,652.6595669463277
1,18,1,0.7316325461854455,19.82965283055316,19.36,1,0.84,1,1215,2301.8075527922474,2396.961445571804,1,2,2304.229954167539,2,2,95.15389277955636,0.0413387699002587,2.422401375291429,0.0010523909231042,1.0413387699002588,1.0010523909231044,0.0084411501884459,0.0085221081972121,269.35329257696867
1,23,1,0.6351746484993378,18.50451203927912,18.22,1,0.8,1,1205,2322.913752254642,2390.7390884550287,2,2,2390.7390884550287,2,2,67.82533620038657,0.0291983876433443,67.82533620038657,0.0291983876433443,1.0291983876433444,1.0291983876433444,0.0117962136864661,0.011806547641754,145.08424829691648
0,9,1,0.7374729575491811,45.93171110650515,44.54,1,0.858,1,1182,2322.0187611648284,2337.213722764883,2,2,2337.213722764883,2,2,15.19496160005474,0.0065438582384374,15.19496160005474,0.0065438582384374,1.0065438582384374,1.0065438582384374,0.0049922391772269,0.0050210878252982,146.37547352164984
0,7,1,0.6924778371737665,60.116532647395886,63.8,1,0.858,1,1233,2303.0998602429004,2393.029872370073,1,2,2313.4371619651565,2,2,89.93001212717263,0.0390473785698931,10.337301722256145,0.0044884296598263,1.0390473785698933,1.0044884296598264,0.0014922693371772,0.0015962868928909,228.21577742695808
0,5,1,0.6736955105630378,80.20874602504031,74.1,1,0.826,1,1224,2279.665660065981,2342.882358034141,1,2,2283.3240869738447,2,2,63.21669796816013,0.0277306883529273,3.658426907863941,0.0016048085348436,1.0277306883529274,1.0016048085348437,0.0010125562548637,0.0010809749364852,273.92470406740904
1,13,1,0.6183095622184286,36.04980029738319,35.54,1,0.808,1,1176,2332.662747643601,2339.421770680543,2,2,2332.6666147718342,2,2,6.759023036941926,0.0028975568987714,0.0038671282331961,1.6578171178420905e-06,1.0028975568987717,1.0000016578171178,0.0043788999319075,0.0044621452689169,98.87861386686563
0,5,1,0.651693834579924,58.25448773232916,65.5,1,0.626,1,1208,2222.602645168114,2244.7258996822347,1,2,2222.602645168114,2,2,22.123254514120617,0.0099537605438453,0.0,0.0,1.0099537605438451,1.0,0.0005542784929274,0.0006157234311103,58.21150622516871
1,11,1,0.6408536156386655,44.25348909291547,49.54,1,0.878,1,1169,3344.389579113271,3352.526856714252,2,3,3344.462860809728,3,3,8.137277600981179,0.0024331129518525,0.0732816964568883,2.191183016313493e-05,1.0024331129518524,1.0000219118301632,0.0049912631511687,0.0050970539450644,149.2489366307855
0,7,1,0.4998719692464208,50.61275250731747,58.76,1,0.918,1,1229,2312.7126635303966,2396.488355904673,1,2,2312.7126635303966,2,2,83.77569237427633,0.0362239951790601,0.0,0.0,1.0362239951790602,1.0,0.0016267299652098,0.0017070099711417,282.1284155249596
1,32,1,0.6541602004666188,12.531711114171191,13.76,1,0.81,1,1159,3374.532167798172,3431.1034574679816,2,3,3374.4208824639827,3,3,56.57128966980963,0.016764187406375,-0.1112853341892332,-3.2978003662607e-05,1.016764187406375,0.9999670219963374,0.0375737473368643,0.0378004461526869,261.563553892076
0,9,1,0.6612494318887826,45.91074375905933,46.24,1,0.856,1,1197,2312.48858647593,2338.3846224407043,2,2,2338.3846224407043,2,2,25.896035964774452,0.0111983410928908,25.896035964774452,0.0111983410928908,1.0111983410928909,1.0111983410928909,0.0026179626584052,0.0026355609297752,156.7975676655769
1,12,1,0.7144177294688936,38.08430838767164,40.16,1,0.906,1,1193,2332.421739776796,2341.464875710912,2,2,2341.464875710912,2,2,9.04313593411598,0.0038771444202802,9.04313593411598,0.0038771444202802,1.0038771444202803,1.0038771444202803,0.0039525926113128,0.0039621740579604,175.34920936077833
0,7,1,0.6232810933221508,79.2969563294904,75.38,1,0.92,1,1208,2328.768732498851,2338.535074624809,2,2,2338.535074624809,2,2,9.76634212595809,0.0041937793090679,9.76634212595809,0.0041937793090679,1.004193779309068,1.004193779309068,0.0019680708646773,0.0019915029406547,183.2921903505921
1,10,1,0.6914840686530954,61.252711454432415,59.92,1,0.87,1,1220,2313.532667915168,2408.059131776668,1,2,2313.71803811499,2,2,94.5264638614999,0.0408580631570169,0.1853701998220458,8.012430617160533e-05,1.040858063157017,1.0000801243061717,0.0016402974724768,0.0017178505659102,223.8742642700672
0,5,1,0.7168923936885765,71.0104635461955,82.9,1,0.974,1,1148,3393.654916697932,3393.4806602519257,3,3,3393.4806602519257,3,3,-0.1742564460064386,-5.1347721051141024e-05,-0.1742564460064386,-5.1347721051141024e-05,0.9999486522789488,0.9999486522789488,0.0015829056501388,0.0016012340784072,137.62151733785868
0,5,1,0.7065808876469682,64.33834588542845,61.42,1,0.85,1,1153,3353.2276144055327,3416.3071786324235,2,3,3360.37179907087,3,3,63.07956422689085,0.0188115963127286,7.144184665337434,0.0021305397327177,1.0188115963127289,1.0021305397327178,0.0029121711850166,0.0031302943825721,121.48226846754552
1,17,1,0.7237645037739463,29.47313877625964,28.62,1,0.82,1,1183,2339.5749353847427,2341.6808452190908,2,2,2341.6808452190908,2,2,2.10590983434804,0.0009001249767628,2.10590983434804,0.0009001249767628,1.0009001249767628,1.0009001249767628,0.0127910077571868,0.0128085613250731,108.60402422398327
0,2,1,0.7794867488184615,98.44655585506062,99.9,1,0.892,1,1161,3335.3796013098454,3349.435595374878,2,3,3335.379601309847,3,3,14.055994065032792,0.0042142111978836,1.8189894035458565e-12,5.453620340040206e-16,1.0042142111978838,1.0000000000000004,0.0012718886137008,0.0014497041702268,170.95629513263702
0,6,1,0.7865413271470033,86.70017908006368,92.96,1,0.964,1,1167,3356.912489650695,3382.437590372536,2,3,3357.95782438605,3,3,25.52510072184077,0.0076037432612658,1.045334735355027,0.0003113976722889,1.007603743261266,1.000311397672289,0.0030441358685492,0.0031316280364989,201.8059898018837
0,6,1,0.654316359721124,73.34855595057151,78.62,1,0.808,1,1164,2295.6829695312463,2296.485910893446,2,2,2295.6829695312463,2,2,0.8029413621998174,0.0003497614317205,0.0,0.0,1.0003497614317205,1.0,0.0018906220793723,0.001977689564228,89.08257175981998
1,10,1,0.7760245918630237,50.82364998066795,42.8,1,0.924,1,1197,2338.5754362886123,2366.5480875528174,2,2,2366.5480875528174,2,2,27.97265126420507,0.0119614064315147,27.97265126420507,0.0119614064315147,1.0119614064315148,1.0119614064315148,0.0020355358719824,0.002045840024948,180.97653490304947
0,4,1,0.6670199631893815,98.793203496136,103.52,1,0.938,1,1162,3348.988594634929,3378.849092451597,2,3,3348.988594634929,3,3,29.860497816667703,0.0089162733681757,0.0,0.0,1.0089162733681758,1.0,0.001330979168415,0.0014079734683036,212.8759720697999
0,9,1,0.7500601017804905,84.45362724922829,82.76,1,0.824,1,1153,3351.3187595489608,3419.587768994854,2,3,3362.5728646727275,3,3,68.26900944589306,0.0203707896335951,11.254105123766749,0.0033581124122258,1.0203707896335952,1.003358112412226,0.00361018627882,0.0036721900105476,219.178271189332
0,8,1,0.6082480592162004,47.04999964455778,52.32,1,0.848,1,1186,2326.314751101143,2336.394744542206,2,2,2336.394744542206,2,2,10.079993441062925,0.0043330307888438,10.079993441062925,0.0043330307888438,1.0043330307888438,1.0043330307888438,0.0021029859781265,0.0021122097969055,133.74345162510872
0,7,1,0.7078186444144074,64.09668777140234,68.6,1,0.862,1,1192,2318.4560474779064,2321.507871683664,2,2,2318.4560474779064,2,2,3.0518242057573843,0.0013163174730343,0.0,0.0,1.0013163174730344,1.0,0.0015280917286872,0.0016021877527236,147.650438696146
0,4,1,0.5920272850306232,86.87654898497202,98.2,1,0.828,1,1212,2283.740529871361,2393.5817953801297,1,2,2302.790903442204,2,2,109.84126550876864,0.0480970863686321,19.05037357084302,0.0083417416828505,1.048097086368632,1.0083417416828504,0.0007009580731391,0.0007766559720039,167.93618102371693
1,22,1,0.6889542366286151,18.166597388041573,19.7,1,0.832,1,1170,3349.994546438136,3367.215506795298,2,3,3349.99455738153,3,3,17.220960357162312,0.0051405935497633,1.0943394045170862e-05,3.266690107542524e-09,1.0051405935497633,1.00000000326669,0.0105874016880988,0.0106708630919455,146.05082263052464
1,29,1,0.7253391924201731,15.006506797700547,13.06,1,0.82,1,1159,3362.6600237059783,3409.6427841323493,2,3,3363.138333249441,3,3,46.98276042637099,0.0139719032239814,0.4783095434627284,0.0001422414219965,1.0139719032239811,1.0001422414219965,0.0217424109578132,0.0218934565782546,233.47293155640364
0,5,1,0.6457467680956094,52.01158007695275,61.32,1,0.924,1,1139,3408.085201064868,3415.634314637562,3,3,3408.711308093624,3,3,7.549113572694296,0.0022150601077506,0.6261070287564507,0.000183712258297,1.0022150601077506,1.000183712258297,0.0022197365760803,0.0023197829723358,124.3958787843585
0,5,1,0.5714822459929598,90.58089504049,108.02,1,0.844,1,1153,3324.4492022730155,3343.2682188309536,2,3,3324.629088603961,3,3,18.819016557938085,0.0056607923336807,0.1798863309454645,5.411011569148701e-05,1.0056607923336809,1.0000541101156917,0.0012430921196936,0.0013270825147627,145.65469951927662
0,3,1,0.791998042708427,90.13559862674676,85.0,1,0.97,1,1209,2325.4433487674905,2332.3118643631283,2,2,2332.3118643631283,2,2,6.868515595637746,0.0029536370341071,6.868515595637746,0.0029536370341071,1.0029536370341072,1.0029536370341072,0.0007558614015578,0.0007642731070518,233.59300757944584
1,13,1,0.7111288235181843,33.11827308777935,34.34,1,0.858,1,1205,2323.7241277491567,2325.06302510368,2,2,2325.06302510368,2,2,1.3388973545233966,0.0005761860190436,1.3388973545233966,0.0005761860190436,1.0005761860190436,1.0005761860190436,0.0043967515230177,0.0043990090489386,120.10139968246222
0,9,1,0.6130650865627196,32.77118237765889,37.6,1,0.874,1,1189,2312.02438210339,2323.48355513564,2,2,2323.48355513564,2,2,11.459173032249964,0.0049563374508294,11.459173032249964,0.0049563374508294,1.0049563374508297,1.0049563374508297,0.0047993957996368,0.0047785118222236,148.31765811145306
1,25,1,0.5942380479836402,13.087787740479856,14.88,1,0.812,1,1227,2311.6826369996634,2402.50932757904,1,2,2315.044889302329,2,2,90.82669057937665,0.0392902940592488,3.362252302665638,0.0014544610271544,1.0392902940592488,1.0014544610271543,0.0133284926414489,0.0133977457880973,209.9839638471604
0,9,1,0.6591053716863942,52.40526759191949,54.18,1,0.872,1,1224,2302.005312057417,2380.294675004862,1,2,2302.005312057417,2,2,78.28936294744472,0.0340092016892322,0.0,0.0,1.0340092016892322,1.0,0.0016230717301368,0.0016997680068015,314.7748402431607
0,5,1,0.6859015232917764,73.9637350801849,85.0,1,0.852,1,1210,2313.7608603004987,2348.113149781443,2,2,2313.7608603004987,2,2,34.352289480944364,0.0148469489956204,0.0,0.0,1.0148469489956204,1.0,0.001584231853485,0.0017073228955268,144.8033775538206
1,19,1,0.6372309675100327,23.340434710566267,22.86,1,0.81,1,1136,4412.995256944191,4439.095247203737,3,4,4416.256200696982,4,4,26.099990259545848,0.0059143481331586,3.2609437527908085,0.0007389411415431,1.0059143481331587,1.000738941141543,0.0286288186907767,0.0288353934884071,325.5741042867303
0,5,1,0.5957153264723434,88.99313810774655,105.24,1,0.874,1,1157,3353.1051159123667,3415.9932347489625,2,3,3364.9883185940416,3,3,62.88811883659582,0.0187551885976244,11.883202681674902,0.003543939802329,1.0187551885976245,1.003543939802329,0.0017043650150298,0.0018149018287658,198.94655753672123
0,2,1,0.6906981873470665,86.00844107193276,91.22,1,0.56,1,1223,1206.911398568514,1206.911398568514,1,1,1206.911398568514,1,1,0.0,0.0,0.0,0.0,1.0,1.0,0.000641033053398,0.0006461292505263,33.85640676319599
1,11,1,0.7956885081880817,53.90395585602798,53.84,1,0.882,1,1164,3363.0043314451405,3407.186200897964,2,3,3363.48371772657,3,3,44.181869452823776,0.0131376189556788,0.4793862814294698,0.0001425470306258,1.0131376189556789,1.0001425470306258,0.0044665932655334,0.0046221762895583,273.5099244341254
0,7,1,0.5622310082515631,85.82958666206844,97.4,1,0.948,1,1216,2320.9528785089697,2425.8541891961127,1,2,2320.9528785089697,2,2,104.901310687143,0.0451975185099552,0.0,0.0,1.0451975185099551,1.0,0.0023342743515967,0.002412013709545,345.7414742782712
0,4,1,0.6464805159252847,57.93684759357371,62.22,1,0.926,1,1210,2308.037424817748,2414.1474203717044,1,2,2312.127988280491,2,2,106.1099955539562,0.0459741226086639,4.090563462742921,0.001772312449858,1.045974122608664,1.001772312449858,0.0009689182043075,0.0010714009404182,267.5008073151112
1,10,1,0.6717723661935956,45.03220023939307,48.04,1,0.838,1,1237,2310.5662241486034,2384.154145504626,1,2,2310.5662241486034,2,2,73.58792135602243,0.0318484363646136,0.0,0.0,1.0318484363646137,1.0,0.0021830573678015,0.0022539421916007,194.81806936860085
1,12,1,0.7055638172006422,23.141820369784423,25.76,1,0.808,1,1176,2333.3063852778632,2336.742509465801,2,2,2336.742509465801,2,2,3.4361241879378213,0.0014726416597572,3.4361241879378213,0.0014726416597572,1.0014726416597572,1.0014726416597572,0.0035886988043784,0.0036151111125945,93.18624544888736
0,6,1,0.712023945746605,78.79251832263753,76.08,1,0.632,1,1164,2314.1763788935746,2316.1723789095745,2,2,2316.1723789095745,2,2,1.9960000159999252,0.0008625098908641,1.9960000159999252,0.0008625098908641,1.000862509890864,1.000862509890864,0.0011388063430785,0.0011498034000396,45.82006139308214
0,7,1,0.6477868092859898,60.24400982206429,61.84,1,0.862,1,1187,2331.961848703976,2358.1748750233764,2,2,2358.1748750233764,2,2,26.213026319400345,0.011240761221702,26.213026319400345,0.011240761221702,1.011240761221702,1.011240761221702,0.0015204101800917,0.0015314295887946,138.7232232540846
1,15,1,0.68603162917965,31.8882770516444,32.7,1,0.872,1,1209,2324.3268740455105,2350.0403180523817,2,2,2350.0403180523817,2,2,25.71344400687121,0.0110627486581165,25.71344400687121,0.0110627486581165,1.0110627486581163,1.0110627486581163,0.0046410411596297,0.0046526268124579,170.2290526777506
0,5,1,0.6334356131973184,70.14088456053086,79.86,1,0.898,1,1196,2315.847360221488,2372.8536214014403,2,2,2372.8536214014403,2,2,57.00626117995216,0.024615724749018,57.00626117995216,0.024615724749018,1.024615724749018,1.024615724749018,0.0012165829539298,0.001233972609043,174.22075182199478
0,8,1,0.5568803483681684,75.32423862187832,90.98,1,0.964,1,1202,2334.9683074672284,2362.379501083202,2,2,2362.379501083202,2,2,27.41119361597339,0.0117394285516905,27.41119361597339,0.0117394285516905,1.0117394285516903,1.0117394285516903,0.0015098005533217,0.0015193819999694,163.18010060489178
1,12,1,0.7788837329181486,35.681199623332105,36.42,1,0.756,1,1199,2300.3532451226747,2324.928913728332,2,2,2304.31940444731,2,2,24.57566860565703,0.0106834324935805,3.9661593246351,0.0017241522940202,1.0106834324935805,1.00172415229402,0.0037378072738647,0.00382412225008,111.10388576984406
0,8,1,0.6800068124802926,58.09659826737394,56.22,1,0.914,1,1164,3346.2767037946905,3368.6700874668827,2,3,3348.0910752624814,3,3,22.39338367219216,0.006692029875114,1.8143714677908065,0.0005422060482127,1.006692029875114,1.0005422060482128,0.0027766972780227,0.0028638765215873,200.2179492041469
0,7,1,0.6213689070662907,58.11248745007585,63.66,1,0.96,1,1230,2317.9627373737494,2405.800921900865,1,2,2318.331174472405,2,2,87.83818452711557,0.0378945628032986,0.3684370986557042,0.0001589486719157,1.0378945628032987,1.0001589486719158,0.0026546642184257,0.0026915073394774,581.5807110667229
0,8,1,0.6930916396312546,76.5839086817287,76.76,1,0.808,1,1194,2302.8238157000123,2341.3858948197912,2,2,2341.3858948197912,2,2,38.5620791197789,0.0167455620603162,38.5620791197789,0.0167455620603162,1.0167455620603163,1.0167455620603163,0.0019976124167441,0.0020100772380828,126.73443154990672
1,16,1,0.6840117491866139,35.00392407754028,36.26,1,0.806,1,1139,3402.921523915188,3407.708796764635,3,3,3402.853734021905,3,3,4.787272849446708,0.0014068125920044,-0.067789893283134,-1.992108628033808e-05,1.0014068125920044,0.9999800789137196,0.0092492699623107,0.009432978928089,88.78715977817774
0,8,1,0.6780464134375391,58.73390081009953,70.0,1,0.936,1,1181,2347.444627061547,2358.543617064552,2,2,2349.313100697977,2,2,11.098990003004928,0.0047281157881446,1.868473636429826,0.0007959606863096,1.0047281157881447,1.0007959606863095,0.0017242208123206,0.001810200512409,176.22635343670845
0,6,1,0.7504998814537097,55.77462809752675,53.88,1,0.846,1,1238,2297.131919630833,2363.2695391713223,1,2,2300.8005728983258,2,2,66.13761954048914,0.0287913893735445,3.668653267492573,0.0015970581559295,1.0287913893735443,1.0015970581559297,0.0014578253030776,0.001530312001705,218.46681432425976
1,17,1,0.676854283843527,19.769802852129587,23.42,1,0.812,1,1191,2330.5782332597933,2343.669223342791,2,2,2343.669223342791,2,2,13.090990082997903,0.0056170567012837,13.090990082997903,0.0056170567012837,1.0056170567012837,1.0056170567012837,0.0063506588339804,0.0063552856445311,131.51644174009562
0,6,1,0.6470500359419636,68.21581532263627,75.52,1,0.958,1,1187,2342.515464139381,2352.1347874196226,2,2,2352.1347874196226,2,2,9.619323280241588,0.0041064075894054,9.619323280241588,0.0041064075894054,1.0041064075894055,1.0041064075894055,0.0020080804824828,0.0020165890455245,195.55178508162496
0,7,1,0.6555419714318103,50.20917640414374,53.52,1,0.83,1,1235,2278.2968635024704,2333.992591163398,1,2,2278.2968635024704,2,2,55.69572766092779,0.0244462117966952,0.0,0.0,1.0244462117966953,1.0,0.0011915415525436,0.0012704282999038,167.50578949600458
0,3,1,0.6539069682392766,98.42223520246624,116.32,1,0.876,1,1174,2298.6358855138224,2305.001389724943,2,2,2305.001389724943,2,2,6.365504211120424,0.0027692529518208,6.365504211120424,0.0027692529518208,1.0027692529518208,1.0027692529518208,0.0008448585867881,0.0008469521999358,140.209910556674
0,8,1,0.5856761233466359,44.9179818193218,46.48,1,0.954,1,1192,2331.6287224374446,2357.5437143642894,2,2,2357.5437143642894,2,2,25.914991926844777,0.0111145448147309,25.914991926844777,0.0111145448147309,1.011114544814731,1.011114544814731,0.0019945427775382,0.0020365789532661,207.82537082582712
0,2,1,0.692980364321316,92.28976815437667,95.58,1,0.888,1,1148,3343.849061133753,3392.209988557912,2,3,3343.849061133753,3,3,48.36092742415895,0.0144626526317434,0.0,0.0,1.0144626526317435,1.0,0.0012549012899398,0.0013809576630591,192.0514888241887
0,8,1,0.6218370425452118,43.918811508672135,48.72,1,0.822,1,1233,2276.656334034673,2319.472242594771,1,2,2276.656334034673,2,2,42.81590856009825,0.0188064873560517,0.0,0.0,1.0188064873560518,1.0,0.0014011859893797,0.0014747977256773,189.42165388911965
0,7,1,0.6626890880753448,63.411177409411366,62.82,1,0.824,1,1175,2328.0861559968043,2329.710173450266,2,2,2329.710173450266,2,2,1.6240174534618743,0.000697576182599,1.6240174534618743,0.000697576182599,1.000697576182599,1.000697576182599,0.0012411177158355,0.0012600198388099,97.86910936236382
0,8,1,0.653069140879085,67.10897400755346,61.34,1,0.8,1,1197,2309.342373426597,2309.342373426598,2,2,2309.342373426598,2,2,9.094947017729282e-13,3.9383276912007726e-16,9.094947017729282e-13,3.9383276912007726e-16,1.0000000000000004,1.0000000000000004,0.0021935701370238,0.0021985843777656,92.00743823498487
0,6,1,0.752347275622594,76.82300779369292,69.92,1,0.88,1,1213,2299.6655199898864,2385.579152472893,1,2,2299.665519989887,2,2,85.9136324830065,0.0373591862539141,4.547473508864641e-13,1.9774499679782302e-16,1.0373591862539142,1.0000000000000002,0.001491330564022,0.0015598386526107,240.06322544068092
1,22,1,0.7462023069997367,20.36240674693274,19.5,1,0.812,1,1142,3373.944647327039,3388.6203389635,3,3,3388.6203389635,3,3,14.675691636461124,0.0043497132201287,14.675691636461124,0.0043497132201287,1.004349713220129,1.004349713220129,0.0149546191096305,0.0149707794189452,107.36999499052764
0,9,1,0.6704059852273463,62.6322963287526,69.36,1,0.938,1,1155,3374.32080869136,3439.215664664513,2,3,3374.6189270065843,3,3,64.89485597315297,0.0192319757522761,0.298118315224201,8.834913220353174e-05,1.019231975752276,1.0000883491322037,0.004493623971939,0.004598245024681,228.56151359528303
0,7,1,0.7712256284530498,52.72100427511191,46.74,1,0.864,1,1135,4406.135842450349,4409.875997313191,3,4,4407.519504577113,4,4,3.740154862842246,0.0008488514645436,1.3836621267646478,0.0003140307462684,1.0008488514645435,1.0003140307462683,0.0028074234724044,0.0028729438781738,1122.002204939723
1,14,1,0.7353982746629744,44.03038750090381,48.12,1,0.834,1,1219,2314.003339968352,2417.6032780581704,1,2,2316.57684614195,2,2,103.59993808981837,0.0447708680019603,2.5735061735981617,0.0011121445371955,1.0447708680019605,1.0011121445371955,0.0094795152544974,0.0096831545233725,199.8866958916188
1,12,1,0.8253768694476411,35.32956971154529,30.5,1,0.836,1,1230,2307.592544442818,2392.102053563713,1,2,2310.9837367647806,2,2,84.50950912089502,0.0366223704979512,3.391192321962535,0.0014695802038922,1.0366223704979514,1.0014695802038922,0.003114841878414,0.0031920149922369,215.10804937779903
1,15,1,0.7296746715747322,37.485231557079416,37.12,1,0.814,1,1164,3322.525066575145,3326.6813973487724,2,3,3325.6604019882298,3,3,4.15633077362736,0.0012509554300854,3.135335413084704,0.0009436604240029,1.0012509554300857,1.000943660424003,0.0064748898148536,0.0065709352493285,163.2489397227764
0,3,1,0.7274233633486159,91.62888008002396,106.04,1,0.718,1,1137,3248.3825539534414,3271.338711797568,2,3,3256.5087616457326,2,3,22.956157844126665,0.0070669502322587,8.126207692291246,0.0025016165914329,1.007066950232259,1.0025016165914329,0.0006987154483794,0.0008090212941168,115.68831405043602
1,10,1,0.6616500336171756,40.531792025808095,50.84,1,0.812,1,1148,3344.673846390643,3414.9420389691613,2,3,3349.154392668185,3,3,70.26819257851821,0.021008981983205,4.480546277542089,0.001339606336318,1.021008981983205,1.001339606336318,0.0033202841877936,0.0034229457378387,129.5125527009368
1,12,1,0.7033441747080398,42.598909457664014,46.5,1,0.874,1,1150,3366.245866647588,3432.4788043359586,2,3,3366.393799003148,3,3,66.23293768837038,0.0196756090648634,0.1479323555599876,4.394579642137431e-05,1.0196756090648635,1.0000439457964214,0.0091161504387855,0.0092391148209571,205.1086500659585
0,9,1,0.7562883309323944,72.2577287152091,69.3,1,0.73,1,1185,2299.6303996636184,2338.06566380275,2,2,2338.06566380275,2,2,38.43526413913151,0.0167136702248994,38.43526413913151,0.0167136702248994,1.0167136702248996,1.0167136702248996,0.0049394443631171,0.0049833878874778,89.83157052099705
0,7,1,0.7140977198328438,73.60748349428508,77.78,1,0.882,1,1141,3355.684420497308,3361.527050348027,3,3,3361.527050348027,3,3,5.842629850718822,0.0017411142165308,5.842629850718822,0.0017411142165308,1.001741114216531,1.001741114216531,0.0029967799782752,0.0030104219913481,111.9125568717718
1,11,1,0.7311110116185132,44.80310464205176,43.82,1,0.88,1,1189,2336.466490538279,2365.5957503220047,2,2,2365.5957503220047,2,2,29.12925978372596,0.0124672277140234,29.12925978372596,0.0124672277140234,1.0124672277140234,1.0124672277140234,0.0033094212412833,0.0033180564641951,162.50627906620502
0,5,1,0.69001741211943,58.51440053874701,60.28,1,0.866,1,1228,2310.7411696134777,2393.257139836335,1,2,2310.7615988071584,2,2,82.5159702228575,0.035709741665554,0.0204291936806839,8.840970139507748e-06,1.035709741665554,1.0000088409701395,0.0010976642370223,0.0011660307645796,233.8066869676113
1,30,1,0.6714567994408958,11.874589266085882,12.02,1,0.814,1,1231,2313.705738622661,2401.003242107104,1,2,2315.488733051207,2,2,87.29750348444304,0.0377305990244078,1.7829944285458623,0.0007706228146398,1.037730599024408,1.0007706228146398,0.0278876796364783,0.0280657783150671,178.38587338477373
1,19,1,0.7498058116528703,18.427460534276246,18.76,1,0.832,1,1183,2330.916295071209,2339.7005890012606,2,2,2339.7005890012606,2,2,8.784293930051717,0.0037686011928555,8.784293930051717,0.0037686011928555,1.0037686011928555,1.0037686011928555,0.0079457089304923,0.0079535394906997,114.69990625232458
0,3,1,0.6600953590135952,79.73722013143082,98.02,1,0.826,1,1136,3307.820931542052,3344.122091710696,2,3,3308.268286115036,3,3,36.301160168643946,0.01097434260195,0.4473545729838406,0.0001352414723294,1.01097434260195,1.0001352414723297,0.0014586821198463,0.0015078037977218,266.565266892314
1,14,1,0.7049811384997614,51.14121729793108,53.32,1,0.794,1,1206,2322.0764513088634,2334.431114129202,2,2,2334.431114129202,2,2,12.35466282033849,0.0053205237120313,12.35466282033849,0.0053205237120313,1.0053205237120313,1.0053205237120313,0.0043412595987319,0.0043494850397109,129.02037797123194
0,9,1,0.7646413372945009,57.43954230903312,58.44,1,0.872,1,1172,2343.261538800427,2343.261538800427,2,2,2343.261538800427,2,2,0.0,0.0,0.0,0.0,1.0,1.0,0.0023266971111296,0.002469904720783,112.8333640769124
0,6,1,0.6734658221305327,72.06366273402497,74.14,1,0.952,1,1177,2340.433483889516,2349.9151243959204,2,2,2349.9151243959204,2,2,9.481640506404348,0.0040512326334722,9.481640506404348,0.0040512326334722,1.0040512326334723,1.0040512326334723,0.0019590035080909,0.0020477548241615,167.05709324777126
0,3,1,0.5743779643751015,96.78155911112964,117.34,1,0.85,1,1162,2302.1253261232814,2316.008753514574,2,2,2316.008753514574,2,2,13.883427391292573,0.006030700081247,13.883427391292573,0.006030700081247,1.006030700081247,1.006030700081247,0.0008125752210616,0.0008328855037688,118.76101583242416
1,11,1,0.5896977849584817,33.586430548032766,42.56,1,0.822,1,1225,2292.1899688687186,2361.9539034087347,1,2,2294.1377620307526,2,2,69.76393454001618,0.0304354942162351,1.9477931620340316,0.000849752066141,1.0304354942162353,1.000849752066141,0.0023385733366012,0.0024092569947242,200.5292262509465
0,8,1,0.6349845070099033,45.58724028498894,41.86,1,0.838,1,1172,2337.83134711048,2339.82334719048,2,2,2339.82334719048,2,2,1.9920000800002529,0.000852071764057,1.9920000800002529,0.000852071764057,1.000852071764057,1.000852071764057,0.0041767135262488,0.0042004361748694,99.860588632524
1,26,1,0.7621094393812573,13.364648710520036,14.3,1,0.814,1,1192,2334.068465661512,2342.9450961879406,2,2,2342.9450961879406,2,2,8.876630526428926,0.0038030720422389,8.876630526428926,0.0038030720422389,1.003803072042239,1.003803072042239,0.0153589472174643,0.0153683796525,134.10939793288708
0,9,1,0.6271005039129746,40.39581671675786,45.16,1,0.824,1,1231,2303.307127971463,2382.40474027526,1,2,2306.8184693867133,2,2,79.09761230379672,0.0343408880835872,3.511341415250172,0.0015244781612526,1.0343408880835872,1.001524478161253,0.0017456784844398,0.0018295571208,171.81065332889557
1,10,1,0.6848524125694108,36.31224892668466,37.06,1,0.848,1,1203,2327.5947806768977,2332.10478054779,2,2,2332.10478054779,2,2,4.509999870892443,0.0019376224368319,4.509999870892443,0.0019376224368319,1.001937622436832,1.001937622436832,0.0033830776810645,0.003486007452011,140.616116784513
0,4,1,0.6774852931884426,95.55586830349296,100.68,1,0.82,1,1227,2285.42539081533,2344.10550162475,1,2,2285.431879395748,2,2,58.68011080942006,0.025675793681668,0.0064885804181358,2.8391127727083718e-06,1.025675793681668,1.0000028391127729,0.0010697618126869,0.0011375322937964,154.24900878220797
0,7,1,0.6696791949662482,37.39524144742705,46.6,1,0.844,1,1227,2304.556029129284,2381.2393498688907,1,2,2304.5560291292863,2,2,76.68332073960664,0.0332746610498246,2.273736754432321e-12,9.866268060713597e-16,1.033274661049825,1.0000000000000009,0.0015874877572059,0.0016576051712035,288.0382692441344
0,4,1,0.6993684318336487,83.37380248492804,83.74,1,0.732,1,1177,2301.6013091310165,2309.94421706759,2,2,2301.6013091310165,2,2,8.342907936573738,0.0036248275943689,0.0,0.0,1.0036248275943689,1.0,0.0012070909142494,0.0012920647859573,65.44231244176626
0,8,1,0.709701817757708,64.61469548720848,70.74,1,0.968,1,1153,3387.43568371742,3388.278512852041,3,3,3387.433612883289,3,3,0.8428291346208425,0.0002488103725989,-0.0020708341312456,-6.113279555976939e-07,1.000248810372599,0.9999993886720444,0.0021420940756796,0.0022312477231024,148.99258432537317
0,8,1,0.8061623242340841,47.389413572924646,42.54,1,0.886,1,1196,2315.460471753002,2326.2955002883527,2,2,2326.2955002883527,2,2,10.83502853535083,0.004679427123689,10.83502853535083,0.004679427123689,1.004679427123689,1.004679427123689,0.0021370425820349,0.0021607279777525,163.67314590513706
0,5,1,0.6743269631076314,85.19840093214822,79.96,1,0.796,1,1226,2279.758093490676,2333.475606997322,1,2,2279.758093490679,2,2,53.7175135066459,0.0235628129405588,3.183231456205249e-12,1.3963022942189494e-15,1.023562812940559,1.000000000000001,0.0009518116712569,0.0010196045041083,176.9680332019925
1,24,1,0.6676560290881081,14.361278061793351,15.54,1,0.802,1,1153,3382.7279536504093,3396.1061499268453,3,3,3396.1061499268453,3,3,13.378196276436029,0.0039548543245989,13.378196276436029,0.0039548543245989,1.0039548543245989,1.0039548543245989,0.0145442187786102,0.0145573839545249,110.28822331130505
0,6,1,0.8516494653074971,71.05611229522901,64.44,1,0.83,1,1223,2281.960040461843,2343.2957365321904,1,2,2284.7327406741088,2,2,61.33569607034724,0.0268785145150629,2.7727002122655904,0.0012150520443401,1.026878514515063,1.00121505204434,0.0015777945518493,0.0016652345657348,205.8422176837921
0,8,1,0.6125677965271681,43.614645165746005,45.94,1,0.828,1,1193,2310.267306186776,2356.1118999713617,2,2,2356.1118999713617,2,2,45.84459378458587,0.0198438482256215,45.84459378458587,0.0198438482256215,1.0198438482256216,1.0198438482256216,0.0028316378593444,0.0028456300497054,131.38179682195187
0,3,1,0.5970018538992913,86.37410093760576,108.82,1,0.862,1,1194,2322.5025183274283,2386.652638324112,2,2,2333.7429291464505,2,2,64.15011999668377,0.027621119671759,11.240410819022143,0.0048397841252361,1.027621119671759,1.004839784125236,0.0013477727770805,0.0014424547553062,141.4384639263153
0,7,1,0.7685910748399697,77.13690093169343,65.68,1,0.874,1,1187,2313.578149620403,2336.593282129969,2,2,2313.578149620407,2,2,23.01513250956577,0.0099478517781393,4.092726157978177e-12,1.7690027711619273e-15,1.0099478517781393,1.0000000000000018,0.0012234300374984,0.0013099834322929,150.6560046300292
0,8,1,0.6388808007064609,51.217486158863714,53.94,1,0.92,1,1199,2329.45701434163,2366.9338091831905,2,2,2366.9338091831905,2,2,37.47679484156061,0.0160882105189447,37.47679484156061,0.0160882105189447,1.0160882105189448,1.0160882105189448,0.0021513551473617,0.0021619126200675,186.44405908882612
0,5,1,0.6372795050437909,71.66130829989947,82.18,1,0.864,1,1190,2320.34794630609,2323.533943457864,2,2,2323.533943457864,2,2,3.185997151774245,0.0013730687058577,3.185997151774245,0.0013730687058577,1.0013730687058575,1.0013730687058575,0.0010755658149718,0.0010809451341628,127.35218650102615
0,7,1,0.8967498926061744,97.58586796711226,95.16,1,0.802,1,1143,3371.4647458731056,3371.806780122227,3,3,3371.806780122227,3,3,0.3420342491212977,0.0001014497480775,0.3420342491212977,0.0001014497480775,1.0001014497480776,1.0001014497480776,0.0020335242152213,0.0020550116896629,82.73538597673178
0,6,1,0.6909801087533616,91.39238997604694,95.46,1,0.974,1,1200,2335.3880722396984,2337.3840722556984,2,2,2337.3840722556984,2,2,1.9960000159999252,0.0008546759486039,1.9960000159999252,0.0008546759486039,1.000854675948604,1.000854675948604,0.0012015551328658,0.0012067779898642,211.26184280961752
0,5,1,0.7709950528974138,74.40904416267173,69.88,1,0.79,1,1139,3328.298401687264,3376.316955251629,2,3,3328.540106934617,3,3,48.01855356436545,0.014427358298169,0.2417052473533658,7.262126714084128e-05,1.014427358298169,1.000072621267141,0.002140387892723,0.0023412406444548,117.82637795805933
0,5,1,0.591028163028485,99.64296070006628,106.5,1,0.952,1,1222,2316.933481088993,2411.780342178304,1,2,2317.253878316804,2,2,94.846861089311,0.0409363764059085,0.3203972278106448,0.0001382850351232,1.0409363764059083,1.0001382850351233,0.001577965915203,0.0016525164246558,249.95547278225425
1,17,1,0.5829780108286019,19.657058894366727,22.24,1,0.8,1,1153,3373.8552381466407,3456.984461871119,2,3,3380.968620535424,3,3,83.12922372447838,0.0246392384547428,7.113382388783521,0.0021083839959568,1.024639238454743,1.0021083839959568,0.0063705891370772,0.0065155923366545,107.17984761297704
0,4,1,0.7469871540303129,99.341450167884,110.8,1,0.686,1,1176,2225.148893784777,2296.1397357454407,1,2,2236.5190913596234,2,2,70.9908419606636,0.0319038614265109,11.370197574846316,0.0051098592128397,1.031903861426511,1.0051098592128398,0.0010298043489455,0.0011079534888267,97.57343681901692
0,4,1,0.6583054158488431,88.67128879799208,93.38,1,0.894,1,1167,3344.9726653213456,3356.5351287559097,2,3,3345.1723481479657,3,3,11.562463434564052,0.0034566690348285,0.1996828266201191,5.969640012018932e-05,1.0034566690348286,1.0000596964001205,0.0017615780234336,0.001849241554737,366.23704178631306
0,9,1,0.6554215874415434,45.69672284781732,51.26,1,0.79,1,1156,3373.887031467677,3436.341597017259,2,3,3374.5764421825006,3,3,62.454565549582185,0.0185111608560331,0.6894107148236799,0.0002043372254001,1.018511160856033,1.0002043372254,0.0036490559577941,0.0037477314472197,143.593396499753
0,6,1,0.6800222016414913,95.28179649649412,89.86,1,0.8,1,1234,2299.50366649471,2364.500968026813,1,2,2299.50366649471,2,2,64.99730153210294,0.0282657959972652,0.0,0.0,1.0282657959972652,1.0,0.0019452720880507,0.0020262971520422,177.25966254621744
0,8,1,0.7745421152215574,66.66012305193988,63.8,1,0.926,1,1136,4416.764339461957,4431.978902131876,3,4,4417.203851529644,4,4,15.21456266991845,0.003444730463426,0.4395120676872466,9.950996564620589e-05,1.003444730463426,1.0000995099656462,0.0024279877543448,0.002528429031372,738.4812436029315
1,10,1,0.6192240904570667,36.54405205145785,39.78,1,0.814,1,1180,2319.458630261127,2319.458630261127,2,2,2319.458630261127,2,2,0.0,0.0,0.0,0.0,1.0,1.0,0.0023722872138023,0.0023812353610992,97.70888058841228
0,5,1,0.698173231297307,72.42807232577377,67.38,1,0.956,1,1138,3408.7235668420203,3412.5967661211434,3,3,3408.78057029332,3,3,3.873199279123128,0.0011362608915546,0.0570034512998063,1.6722814326835144e-05,1.0011362608915546,1.0000167228143269,0.0014554858207702,0.0016315355896949,137.84625168144703
0,7,1,0.7964026143401114,79.74938851321613,82.34,1,0.874,1,1153,3339.305238174288,3373.080254025549,2,3,3339.585578859956,3,3,33.77501585126129,0.0101143841135431,0.2803406856683068,8.395180005215057e-05,1.0101143841135432,1.0000839518000522,0.0038537755608558,0.0039562210440635,187.71015620231628
0,5,1,0.7359500673619256,81.39977941361946,84.48,1,0.888,1,1198,2320.270325532721,2358.060869922492,2,2,2358.060869922492,2,2,37.79054438977073,0.0162871299839143,37.79054438977073,0.0162871299839143,1.0162871299839145,1.0162871299839145,0.0012739747762679,0.0012970939278602,161.49760484695437
0,6,1,0.6145926799440344,61.13410271157122,73.98,1,0.834,1,1206,2298.999518127403,2390.9592314330303,1,2,2299.1828424540336,2,2,91.95971330562725,0.0399998836800674,0.1833243266305544,7.974091563963312e-05,1.0399998836800677,1.0000797409156397,0.0012603029608726,0.0013265535235404,215.7355902642012
0,5,1,0.6315318840215355,76.94717118521713,85.52,1,0.912,1,1167,3337.057835755903,3344.321189803557,2,3,3337.3141899785505,3,3,7.263354047654047,0.0021765742175124,0.2563542226475874,7.682043142938775e-05,1.0021765742175124,1.0000768204314294,0.0013587996363639,0.0014325529336928,193.15240099281075
1,16,1,0.8514351104474873,24.08991202489668,20.42,1,0.854,1,1230,2306.0878394235806,2384.7509254989864,1,2,2307.415614745548,2,2,78.66308607540577,0.0341110536774124,1.3277753219672377,0.0005757696212903,1.0341110536774123,1.0005757696212905,0.0064248219132422,0.0064943134784698,206.76840995252127
0,5,1,0.6309747494164141,74.45106711911735,79.54,1,0.942,1,1236,2317.8732297115803,2399.916658334821,1,2,2318.2156358887905,2,2,82.04342862324074,0.0353959947298108,0.3424061772102504,0.0001477242900177,1.0353959947298108,1.0001477242900176,0.0011703744530677,0.001244120299816,272.08197189867496
0,9,1,0.6178959136543981,47.53207059385629,54.72,1,0.87,1,1193,2322.287408977289,2368.540302259948,2,2,2368.540302259948,2,2,46.25289328265899,0.0199169547678976,46.25289328265899,0.0199169547678976,1.0199169547678977,1.0199169547678977,0.0024739354848861,0.0024822875857352,152.03068638592958
0,6,1,0.6488366932819019,59.02006812635031,60.18,1,0.88,1,1208,2313.9359736405872,2336.4663250589783,2,2,2336.4663250589783,2,2,22.53035141839109,0.0097368084834877,22.53035141839109,0.0097368084834877,1.0097368084834877,1.0097368084834877,0.0012707263231276,0.0012764111161231,160.83282877504826
0,8,1,0.7490331810429076,41.73304462894224,39.16,1,0.826,1,1202,2288.1228234689383,2377.9645072433686,1,2,2290.3196028555103,2,2,89.8416837744303,0.0392643624078818,2.1967793865719614,0.0009600793121942,1.039264362407882,1.0009600793121942,0.0015337616205214,0.0016038268804549,249.0406579747796
1,10,1,0.7920982018876773,50.40539400509168,50.48,1,0.952,0,1133,4459.59150421762,4520.944263224661,3,4,4459.59150421762,4,4,61.35275900704073,0.0137574840540925,0.0,0.0,1.0137574840540926,1.0,0.0053062289953231,0.0054347142577171,159.74946044385433
0,6,1,0.6788071270102988,93.92366728482212,89.24,1,0.72,0,1126,4393.6793644378895,4409.6669951533095,3,4,4393.876324191052,4,4,15.987630715419982,0.003638779571587,0.1969597531624458,4.482797601404948e-05,1.003638779571587,1.000044827976014,0.0022065117955207,0.0022981390357016,66.33311776816845
1,10,1,0.6658894135376198,36.0005231853378,36.58,1,0.818,0,1132,3336.379126799539,3395.100633227337,3,3,3395.100633227337,3,3,58.721506427797976,0.0176003698009366,58.721506427797976,0.0176003698009366,1.0176003698009366,1.0176003698009366,0.0032245218753814,0.0032406672835349,97.84895543009044
1,36,1,0.7273782260947712,10.721113903999749,10.3,1,0.802,0,1120,5533.774518302318,5588.433833524172,4,5,5534.1103106751,5,5,54.65931522185383,0.0098774019507073,0.3357923727817251,6.06805303814116e-05,1.0098774019507073,1.000060680530381,0.0505239740014075,0.0506936758756637,114.00143346190453
0,7,1,0.5963773350520597,50.37176727374385,58.24,1,0.8,0,1122,4384.6351473403365,4431.817303022196,3,4,4399.602503418593,4,4,47.18215568185951,0.0107607940219335,14.967356078256673,0.0034135921405765,1.0107607940219334,1.0034135921405765,0.0017573386430739,0.0018582269549368,133.5614537075162
1,25,1,0.7482426455994539,15.8866924265991,15.78,1,0.822,0,1119,5569.896521011398,5575.992120576002,5,5,5575.992120576002,5,5,6.095599564603617,0.0010943829102765,6.095599564603617,0.0010943829102765,1.0010943829102763,1.0010943829102763,0.020722858607769,0.0207492485642433,104.33086782693864
0,6,1,0.6287993083210281,86.50772669772114,95.42,1,0.924,0,1128,4458.926224024602,4484.392694399543,4,4,4484.392694399543,4,4,25.46647037494131,0.0057113459822969,25.46647037494131,0.0057113459822969,1.0057113459822968,1.0057113459822968,0.0060121715068816,0.0060468018054961,130.41396084427834
1,13,1,0.6454503780238283,35.43188189065742,34.28,1,0.854,0,1124,5509.153232697756,5529.999503657768,4,5,5510.488034243792,5,5,20.84627096001259,0.0037839337697645,1.334801546036033,0.0002422879687052,1.0037839337697645,1.0002422879687052,0.0072054713964461,0.0073116496205328,144.24096393585205
0,3,1,0.6661001006041727,93.1627090591206,93.58,1,0.68,0,1123,3242.486522720077,3245.7597607915804,2,3,3244.81069456985,3,3,3.2732380715033287,0.0010094839403549,2.324171849772938,0.0007167868959477,1.001009483940355,1.0007167868959477,0.0012793615460394,0.0014037415385245,73.78428230434656
0,7,1,0.7541271763488767,63.85309908932069,60.68,1,0.84,0,1126,4460.269373074057,4480.584421925203,4,4,4480.584421925203,4,4,20.315048851146457,0.0045546685977724,20.315048851146457,0.0045546685977724,1.0045546685977724,1.0045546685977724,0.0033775493502616,0.0033567547798156,94.85985618084668
0,4,1,0.7119951669682015,97.12995890898658,89.18,1,0.798,0,1126,4384.345224730974,4407.357432479476,3,4,4384.886152934157,4,4,23.01220774850208,0.0052487216605791,0.540928203182375,0.000123377192136,1.0052487216605792,1.000123377192136,0.0014997720718383,0.0016035437583923,144.0974684357643
0,4,1,0.6485416113010966,71.11282856274133,81.4,1,0.806,0,1130,4395.190854962837,4411.024108391313,3,4,4398.193079839963,4,4,15.833253428476382,0.00360240407094,3.0022248771256272,0.0006830704231502,1.00360240407094,1.0006830704231502,0.0010239109396934,0.001114472746849,117.18232878297567
1,11,1,0.7190979538050751,35.42678025228892,35.98,1,0.932,0,1130,4446.592634799081,4503.122733617547,3,4,4447.010909043828,4,4,56.530098818466286,0.0127131274351648,0.4182742447474084,9.406623882610468e-05,1.0127131274351648,1.000094066238826,0.0055466517806053,0.0056665688753127,152.7958227917552
1,14,1,0.7279101750173858,27.86649437207077,26.44,1,0.822,0,1130,4449.415714583831,4473.8536280083445,4,4,4473.8536280083445,4,4,24.43791342451368,0.0054923870890314,24.43791342451368,0.0054923870890314,1.005492387089031,1.005492387089031,0.0068177208304404,0.0068451464176177,93.9568980038166
0,6,1,0.7530914234427166,91.04511018766622,84.38,1,0.916,0,1128,4470.168879494604,4509.467105348024,4,4,4509.467105348024,4,4,39.29822585342026,0.0087912172700426,39.29822585342026,0.0087912172700426,1.0087912172700426,1.0087912172700426,0.0042272135615348,0.004287578165531,124.35935458540916
0,8,1,0.7078909727391031,74.19873496340257,74.28,1,0.85,0,1126,4450.544331138376,4455.970615862801,4,4,4455.970615862801,4,4,5.426284724425386,0.001219240686237,5.426284724425386,0.001219240686237,1.001219240686237,1.001219240686237,0.0029982328414916,0.0030288919806479,102.9087283834815
1,19,1,0.726978350598443,16.778145305106804,19.16,1,0.804,0,1119,5589.507853364187,5591.65377445011,5,5,5591.65377445011,5,5,2.1459210859229643,0.0003839195045823,2.1459210859229643,0.0003839195045823,1.0003839195045825,1.0003839195045825,0.0131328180432319,0.0132032260298728,88.815524302423
1,11,1,0.6612372838714977,60.74404104975707,64.08,1,0.96,0,1123,5538.759609936669,5586.724782913479,4,5,5539.066075938711,5,5,47.96517297681021,0.0086599123909908,0.3064660020418159,5.533116141960892e-05,1.008659912390991,1.0000553311614195,0.0059622675180434,0.0060941204428672,168.82397661358118
1,10,1,0.7031651706435313,42.10275129421608,40.08,1,0.872,0,1129,4479.687428158049,4498.160691265515,4,4,4498.160691265515,4,4,18.473263107465755,0.0041237839478147,18.473263107465755,0.0041237839478147,1.0041237839478148,1.0041237839478148,0.0096392929553984,0.0096791759133338,106.88525273650885
0,7,1,0.638922049829462,92.90253862922552,99.28,1,0.964,0,1126,4500.973385194524,4502.696385155918,4,4,4501.729367185625,4,4,1.7229999613937252,0.0003828060763614,0.75598199110118,0.0001679596670328,1.0003828060763615,1.000167959667033,0.0050989985466002,0.0054152905941008,140.0941587984562
0,3,1,0.7635473449284113,91.89311516732838,90.32,1,0.804,0,1126,3348.727769681276,3350.0198057925727,3,3,3350.0198057925727,3,3,1.292036111296511,0.0003858289476362,1.292036111296511,0.0003858289476362,1.0003858289476362,1.0003858289476362,0.0011763125658034,0.0011970698833464,80.84511685371399
0,7,1,0.6193134928363389,73.61624241384845,78.68,1,0.878,0,1131,4439.110170834283,4510.259987015794,3,4,4451.467833395944,4,4,71.14981618151069,0.0160279455664284,12.357662561660618,0.0027838152436162,1.0160279455664285,1.0027838152436164,0.0031251460313796,0.0032685995101928,116.7708355486393
0,3,1,0.5983055403660223,97.79983946077404,124.56,1,0.932,0,1127,4462.031484063005,4474.97365681598,4,4,4474.97365681598,4,4,12.94217275297433,0.0029005113028,12.94217275297433,0.0029005113028,1.0029005113028,1.0029005113028,0.0008039027452468,0.0008292123675346,124.990876249969
1,19,1,0.7542613413311682,24.88802970358964,21.92,1,0.806,0,1128,4473.908058469453,4478.848649522169,4,4,4478.848649522169,4,4,4.9405910527157175,0.0011043121557589,4.9405910527157175,0.0011043121557589,1.001104312155759,1.001104312155759,0.0082194954156874,0.0082384347915648,91.12236107885838
0,7,1,0.6133346847627488,62.08253639249608,74.14,1,0.822,0,1123,4403.9772906183,4461.016145219875,3,4,4414.713010171442,4,4,57.03885460157562,0.0129516686480387,10.73571955314219,0.0024377327231028,1.0129516686480389,1.0024377327231029,0.0019564330577849,0.0020931884646414,100.72349338233472
1,16,1,0.6917265991010975,34.97017335155685,28.5,1,0.924,0,1119,6612.627983072787,6632.625544830583,5,6,6612.733689774709,6,6,19.997561757795665,0.0030241474053864,0.1057067019219175,1.5985581253400145e-05,1.0030241474053865,1.0000159855812534,0.0097981467843055,0.0099370703101157,149.40337808430195
1,10,1,0.5811783271425126,47.90235938836148,44.34,1,0.848,0,1125,4369.024558454628,4371.282583838402,3,4,4371.282583838402,3,4,2.258025383774111,0.0005168259764996,2.258025383774111,0.0005168259764996,1.0005168259764996,1.0005168259764996,0.0031565651297568,0.0031749457120894,1314.6013963371515
0,5,1,0.6564455197183536,85.57894152940621,85.36,1,0.846,0,1122,4418.0965900677365,4476.732102726116,3,4,4423.38542968312,4,4,58.63551265837941,0.013271668344734,5.28883961538304,0.0011970855565432,1.013271668344734,1.0011970855565433,0.0018443539738654,0.0019923523068427,110.59936985373496
0,9,1,0.6378484419938443,56.42403453452331,57.96,1,0.87,0,1120,5588.345708190718,5588.733737402886,5,5,5588.733737402886,5,5,0.3880292121675666,6.943543446119314e-05,0.3880292121675666,6.943543446119314e-05,1.0000694354344613,1.0000694354344613,0.0032551661133765,0.0033891648054122,102.52443835884333
0,4,1,0.7301382203029171,95.40855707133768,97.6,1,0.872,0,1122,4395.277697552941,4424.827798757404,3,4,4395.726990212132,4,4,29.550101204462408,0.0067231477139463,0.4492926591901778,0.0001022216774699,1.0067231477139464,1.00010222167747,0.0019957572221755,0.0021183937788008,150.29435062408447
1,15,1,0.6507130741657701,23.852684382532605,26.04,1,0.842,0,1132,4452.508105934565,4479.896827774215,4,4,4479.896827774215,4,4,27.38872183965032,0.006151301960157,27.38872183965032,0.006151301960157,1.0061513019601571,1.0061513019601571,0.0067072585225104,0.0067217871546744,101.29626946896316
1,11,1,0.6352302525783478,31.967354143102977,33.36,1,0.84,0,1125,4415.180606198717,4477.226938431453,3,4,4426.787176553336,4,4,62.04633223273595,0.0140529545146184,11.60657035461918,0.0026287872206912,1.0140529545146184,1.0026287872206914,0.0061469599604606,0.0062850937247276,107.0541492253542
1,13,1,0.5783465763680928,34.25059179407722,35.2,1,0.838,0,1128,4440.181794747236,4449.9347692037445,4,4,4449.9347692037445,4,4,9.752974456508127,0.0021965259323494,9.752974456508127,0.0021965259323494,1.0021965259323495,1.0021965259323495,0.0065881237387656,0.0066172406077384,99.71069037169218
0,5,1,0.6031564415557871,87.31789944627651,96.6,1,0.974,0,1126,5511.457820266805,5520.688926924663,4,5,5511.715925709756,5,5,9.231106657857708,0.0016748938228127,0.2581054429510914,4.683070275925594e-05,1.0016748938228126,1.0000468307027592,0.0020087510347366,0.0021372064948081,7018.52889341861
1,10,1,0.5702692818300372,42.22092052554196,54.74,1,0.818,0,1131,4410.360397665719,4438.094519745665,3,4,4414.530923545951,4,4,27.734122079946246,0.0062884026653751,4.170525880232162,0.0009456201997549,1.0062884026653751,1.000945620199755,0.0047226548194884,0.0046075731515883,103.60652680695055
0,4,1,0.698671547969388,80.55530447183867,81.48,1,0.936,0,1122,5494.388459236257,5500.852593633939,4,5,5494.505183708727,5,5,6.464134397681846,0.0011764975202682,0.1167244724692864,2.1244306502040008e-05,1.0011764975202682,1.000021244306502,0.0033510699868201,0.0035067424178123,12051.349926143885
0,7,1,0.6399820338191374,59.578546062895946,63.3,1,0.936,0,1123,5517.4800053491845,5549.0575464636695,4,5,5518.080500029671,5,5,31.57754111448503,0.0057231817938389,0.6004946804869178,0.0001088349536209,1.005723181793839,1.000108834953621,0.0041808858513831,0.0043028667569159,186.7138047814369
0,8,1,0.7105825906297353,56.44495706124169,59.5,1,0.878,0,1132,4445.880959692451,4500.440799742516,3,4,4445.906595313015,4,4,54.55984005006485,0.0122719975061678,0.025635620563662,5.766150914988839e-06,1.0122719975061678,1.000005766150915,0.0027925074100494,0.0029140412807463,124.16010500490664
0,6,1,0.6457436336127701,74.5300018794506,79.04,1,0.84,0,1120,5520.166011208618,5530.049761552878,5,5,5530.049761552878,5,5,9.88375034426008,0.0017904806348561,9.88375034426008,0.0017904806348561,1.001790480634856,1.001790480634856,0.0044908300042152,0.0045892819762229,103.51692458987236
0,4,1,0.7540072704984727,87.98612687552215,80.72,1,0.834,0,1120,5484.217703739807,5488.836153654611,4,5,5484.659945462386,5,5,4.618449914803932,0.0008421346788721,0.4422417225787285,8.063898015521052e-05,1.000842134678872,1.000080638980155,0.0017882585525512,0.0019066259264945,137.29101386666298
1,10,1,0.6627489492139395,27.471812584701432,34.26,1,0.822,0,1130,4405.905036912624,4429.883814526274,3,4,4406.263204647755,4,4,23.97877761364998,0.0054424181667003,0.3581677351303369,8.129265885887498e-05,1.0054424181667003,1.000081292658859,0.0034701004624365,0.0036032199859618,123.72367139160632
0,5,1,0.6061217272607692,84.35050368085705,93.12,1,0.848,0,1126,4466.624376986239,4491.080897950875,4,4,4491.080897950875,4,4,24.456520964635278,0.0054753923546033,24.456520964635278,0.0054753923546033,1.0054753923546034,1.0054753923546034,0.0014599934220313,0.0014839470386504,96.8874986693263
0,3,1,0.6770404936601387,91.8874870758862,101.94,1,0.926,0,1123,5499.764889595077,5508.935851819107,4,5,5499.764889595086,5,5,9.170962224029608,0.0016675189591067,9.094947017729282e-12,1.653697421672675e-15,1.0016675189591069,1.0000000000000016,0.002555452287197,0.002767153084278,135.0492116957903
1,10,1,0.7302243971225753,38.01444510278771,42.84,1,0.822,0,1123,4419.2565358594375,4469.175535003429,3,4,4419.475155338839,4,4,49.91899914399164,0.0112957912126012,0.2186194794012408,4.9469741714988416e-05,1.0112957912126013,1.000049469741715,0.0056210905313491,0.0057968571782112,105.73984771221876
1,31,1,0.6355858589698669,12.329750919407063,12.72,1,0.814,0,1121,5596.873771387805,5598.966843444834,5,5,5598.966843444834,5,5,2.093072057028621,0.0003739716389046,2.093072057028621,0.0003739716389046,1.0003739716389046,1.0003739716389046,0.0499759688973426,0.0500053986907004,97.34453385323286
1,28,1,0.7848525008879813,16.34390425968403,16.36,1,0.842,0,1120,5541.08603382129,5573.436846299042,5,5,5573.436846299042,5,5,32.3508124777527,0.0058383523158261,32.3508124777527,0.0058383523158261,1.0058383523158263,1.0058383523158263,0.037019908428192,0.0370472520589826,112.65151299536228
0,4,1,0.6684216094132982,91.06911831403188,117.12,1,0.8,0,1120,3298.244541186264,3357.2350972166746,2,3,3298.244541186271,3,3,58.99055603041052,0.0178854403588866,6.821210263296962e-12,2.0681335716979948e-15,1.0178854403588866,1.000000000000002,0.0013476908206939,0.0014371201395988,91.40507937967776
0,2,1,0.6681693767199951,79.55822584284019,93.96,1,0.82,0,1132,3330.454852545256,3388.606735677317,2,3,3330.5184181944915,3,3,58.1518831320609,0.0174606429772254,0.0635656492354428,1.908617652836928e-05,1.0174606429772255,1.0000190861765283,0.000590369105339,0.0007001236081123,91.90055817365646
1,10,1,0.6373391351580844,46.38578009347587,43.54,1,0.82,0,1130,4385.216876002735,4390.994998217985,3,4,4387.468692916908,4,4,5.778122215249823,0.0013176365909904,2.251816914173105,0.0005135018353358,1.0013176365909904,1.000513501835336,0.0031364485621451,0.0032388567924498,139.51449870318174
0,8,1,0.715468301450653,67.53898189544327,67.22,1,0.85,0,1128,4415.494490002713,4470.2446028179,3,4,4415.498999036313,4,4,54.75011281518709,0.0123995427780849,0.0045090335997883,1.0211842886447831e-06,1.012399542778085,1.000001021184289,0.0036341622471808,0.0040638968348502,110.9239612966776
0,8,1,0.6678936363408162,46.44623224619588,48.34,1,0.82,0,1127,4409.682768122719,4454.932320627087,3,4,4417.494399746866,4,4,45.24955250436869,0.0102614076530571,7.811631624147594,0.0017714724697697,1.0102614076530572,1.0017714724697695,0.0042427107691764,0.0044243931770324,98.55992591381072
1,30,1,0.6341659218907024,12.554290194401874,15.7,1,0.812,0,1127,4494.2387625707615,4497.940204205433,4,4,4497.940204205433,4,4,3.701441634671028,0.0008235970161393,3.701441634671028,0.0008235970161393,1.0008235970161394,1.0008235970161394,0.0420539900660514,0.0421022698283195,102.14427936077118
1,13,1,0.6774963109782141,37.16993835529711,36.94,1,0.864,0,1120,6594.591189881624,6604.923072558812,5,6,6598.444609728183,6,6,10.331882677188332,0.0015667207230436,3.853419846559518,0.0005843303603826,1.0015667207230436,1.0005843303603823,0.0080338045954703,0.0082052797079085,8648.551420807838
1,10,1,0.6687715071242987,46.22912504968336,49.94,1,0.818,0,1125,4446.157297502487,4492.7227507369225,4,4,4492.7227507369225,4,4,46.565453234435154,0.0104731906944884,46.565453234435154,0.0104731906944884,1.0104731906944886,1.0104731906944886,0.0042964443564414,0.004319593310356,90.4367434233427
1,15,1,0.6653596467574817,29.287776841160024,30.16,1,0.816,0,1121,5523.081057262149,5563.873651828235,4,5,5524.900378427143,5,5,40.79259456608543,0.0073858402842826,1.8193211649931984,0.0003294033069822,1.0073858402842828,1.0003294033069825,0.007261462509632,0.0073764696717261,113.49199004471302
0,5,1,0.8032047357228691,69.92048242919107,63.34,1,0.818,0,1132,3359.868384174101,3383.025949668096,3,3,3383.025949668096,3,3,23.157565493995207,0.0068924025723964,23.157565493995207,0.0068924025723964,1.0068924025723964,1.0068924025723964,0.0018957257270812,0.0019241347908973,85.64543383568525
0,9,1,0.6594878010509592,64.53623203089083,65.2,1,0.942,0,1129,4470.057130697269,4492.540896667755,4,4,4492.540896667755,4,4,22.483765970486274,0.0050298609868055,22.483765970486274,0.0050298609868055,1.0050298609868056,1.0050298609868056,0.0039178133010863,0.0039372667670249,135.4445064291358
0,6,1,0.7697511116584008,80.89160912120741,83.9,1,0.892,0,1123,4482.848364129829,4487.062763575082,4,4,4487.062763575082,4,4,4.214399445252639,0.0009401164400238,4.214399445252639,0.0009401164400238,1.0009401164400238,1.0009401164400238,0.0032767355442046,0.0033068358898162,111.40863694250584
0,4,1,0.6076024659185378,87.96230857089341,98.84,1,0.968,0,1131,4433.283860915948,4474.839304888384,3,4,4433.720636847768,4,4,41.55544397243557,0.0093735130156655,0.4367759318201933,9.8521986302486e-05,1.0093735130156656,1.0000985219863026,0.0014460682868957,0.0015666633844375,158.13834010064602
0,6,1,0.6883490170434744,83.73107670533201,90.06,1,0.814,0,1122,4418.718658146194,4431.529844046941,4,4,4424.024633142235,4,4,12.81118590074766,0.0028992988447294,5.305974996041186,0.0012007949377494,1.0028992988447294,1.0012007949377495,0.0019361525774001,0.0020448192954063,84.5884506329894
0,9,1,0.8035235790871474,80.55335708213495,78.3,1,0.916,0,1121,5533.385542537158,5583.620005319977,4,5,5535.757173468109,5,5,50.23446278281972,0.0090784317117701,2.3716309309511416,0.0004286039555204,1.00907843171177,1.0004286039555204,0.0134042203426359,0.0137633085250853,127.1991701424122
0,6,1,0.7895292146264135,42.55874453873301,42.08,1,0.824,0,1119,5449.705128954087,5485.753514653243,4,5,5463.063542666095,5,5,36.04838569915592,0.0066147405861708,13.35841371200786,0.0024512177073645,1.0066147405861707,1.0024512177073646,0.0045929178595541,0.0048254653811452,1899.1735233291984
0,6,1,0.6193398136254862,79.5121202263094,79.34,1,0.826,0,1119,4397.898432243621,4438.3787335516645,3,4,4398.077226428991,4,4,40.48030130804364,0.0092044647987453,0.1787941853699521,4.065445987999749e-05,1.0092044647987453,1.00004065445988,0.0022413879632949,0.0023742988705634,108.22904074937104
0,7,1,0.708379429211771,40.358838105288015,45.14,1,0.876,0,1123,4475.12605779546,4490.069998642278,4,4,4476.042836939136,4,4,14.943940846817895,0.0033393340553583,0.9167791436757398,0.0002048610769474,1.0033393340553582,1.0002048610769474,0.0034863650798796,0.0036617517471312,107.85059716552496
0,4,1,0.6310690653909269,97.3394682201388,115.98,1,0.946,0,1128,4468.158988647136,4475.582781580558,4,4,4475.582781580558,4,4,7.423792933422192,0.0016614880876631,7.423792933422192,0.0016614880876631,1.001661488087663,1.001661488087663,0.0019311755895614,0.0019624829292297,129.7300122380257
1,10,1,0.6575111717520745,34.157494371653584,34.5,1,0.898,0,1120,5561.73125411838,5562.721941623973,5,5,5562.721941623973,5,5,0.9906875055930868,0.0001781257418469,0.9906875055930868,0.0001781257418469,1.000178125741847,1.000178125741847,0.0044764354825018,0.0045104846358298,113.11732593923809
0,6,1,0.7543174115483909,85.53981212589761,89.08,1,0.846,0,1131,4431.614153299931,4487.697874116458,3,4,4440.1337234935245,4,4,56.08372081652669,0.0126553709046995,8.519570193593609,0.0019224530608671,1.0126553709046997,1.0019224530608672,0.0019520074129104,0.0020346641540527,109.95444504916668
1,27,1,0.755759192069763,16.088382584389734,14.78,1,0.804,0,1130,4445.816852946971,4505.50287709089,3,4,4446.10382204899,4,4,59.686024143918985,0.0134252098361531,0.2869691020187019,6.454811601797778e-05,1.0134252098361531,1.000064548116018,0.0308676213026046,0.0309878736734389,106.33506472408772
1,12,1,0.5901978381655338,34.73237387837462,37.06,1,0.896,0,1132,4447.735734716464,4502.900885003509,3,4,4449.107088031808,4,4,55.165150287044526,0.012402973912424,1.3713533153440949,0.000308326167996,1.012402973912424,1.000308326167996,0.0056918635964393,0.0058181285858153,137.06294061243534
0,8,1,0.5689903689659728,38.70218384405376,47.58,1,0.798,0,1120,4415.8562318039085,4474.702379703557,3,4,4418.959549794134,4,4,58.84614789964871,0.0133261013970125,3.1033179902251504,0.0007027669895306,1.0133261013970123,1.0007027669895308,0.0031792372465133,0.0033081993460654,92.11846899241208
1,11,1,0.7911483480225577,46.516651557980495,43.18,1,0.812,0,1119,5570.804273724657,5585.871934862834,5,5,5585.871934862834,5,5,15.067661138176843,0.0027047550762544,15.067661138176843,0.0027047550762544,1.0027047550762545,1.0027047550762545,0.0060453861951827,0.0060955286026,96.65396408736706
0,5,1,0.6135845084485798,81.00489436089221,85.08,1,0.812,0,1126,4404.442273559375,4453.63010054572,3,4,4407.326965497286,4,4,49.18782698634459,0.0111677765154574,2.884691937911157,0.0006549505609889,1.0111677765154574,1.000654950560989,0.0023419559001921,0.002537079155445,97.69460368901493
1,15,1,0.586876982929832,23.22047105076696,24.7,1,0.83,0,1129,4413.2971734775365,4453.32717463364,3,4,4417.089328075128,4,4,40.030001156103936,0.0090703162698109,3.792154597591434,0.000859256571341,1.009070316269811,1.000859256571341,0.0075488910079001,0.0076710060238837,116.45935128629208
1,21,1,0.55526538020963,16.71443792948027,21.44,1,0.846,0,1119,5564.454427650842,5576.418432388636,5,5,5576.418432388636,5,5,11.964004737793402,0.0021500768661779,11.964004737793402,0.0021500768661779,1.002150076866178,1.002150076866178,0.0400665402412414,0.0401138812303542,103.93772809952496
1,11,1,0.7697054686359209,51.8681864870767,42.34,1,0.958,0,1121,6618.842280137273,6638.365854937395,5,6,6620.849104211148,6,6,19.523574800122333,0.0029496963326519,2.0068240738755776,0.0003031986545287,1.002949696332652,1.0003031986545288,0.0127172470092773,0.0128962025046348,186.16559053957465
0,8,1,0.7202074431978543,78.42904677213943,73.58,1,0.96,0,1133,4446.743551081978,4495.779529669318,3,4,4447.129231622619,4,4,49.03597858734065,0.0110273907240297,0.3856805406412604,8.673325461897099e-05,1.0110273907240297,1.000086733254619,0.0032023489475249,0.003296099603176,169.02517245709896
0,5,1,0.5569974866136219,73.64664038529126,92.84,1,0.874,0,1125,4379.0006129937465,4383.541671393955,3,4,4380.329207185707,4,4,4.541058400208385,0.0010370079389196,1.328594191960292,0.0003034012345232,1.0010370079389197,1.000303401234523,0.0022657960653304,0.0024044811725616,1980.0838342159984
0,5,1,0.5418700654846126,71.36780409054373,88.52,1,0.884,0,1132,4400.310381912909,4422.008239424084,3,4,4400.801602443793,4,4,21.697857511175243,0.0049309834143433,0.4912205308837656,0.0001116331549935,1.0049309834143434,1.0001116331549935,0.0011276006698608,0.001241959631443,164.37798196822405
1,12,1,0.6816500578969074,63.26086009165681,61.96,1,0.846,0,1127,4481.962726273579,4487.696573130823,4,4,4483.063622122505,4,4,5.733846857243407,0.0012793160513431,1.100895848925575,0.0002456280688083,1.0012793160513431,1.0002456280688083,0.012299932539463,0.0124657005071639,100.809510409832
0,3,1,0.672567997281734,93.10193332063928,105.32,1,0.974,0,1124,5537.552884647209,5580.945995916348,4,5,5538.023491774499,5,5,43.3931112691389,0.0078361529312786,0.47060712729035,8.498467411392169e-05,1.0078361529312787,1.000084984674114,0.0014855340123176,0.0016545876860618,200.11772580444813
0,7,1,0.5909992171415394,44.61472414780009,51.74,1,0.94,0,1126,4493.256547507132,4495.09264875959,4,4,4495.09264875959,4,4,1.8361012524574107,0.0004086348582691,1.8361012524574107,0.0004086348582691,1.000408634858269,1.000408634858269,0.0029522329568862,0.0029712766408919,133.11462305486202
0,4,1,0.6810443263319361,74.6082357289885,83.48,1,0.854,0,1121,4388.575044852614,4414.6697252318045,3,4,4388.617742902722,4,4,26.09468037919032,0.0059460485721434,0.0426980501079015,9.7293653797677e-06,1.0059460485721434,1.0000097293653798,0.0017409026622771,0.0018847659230231,114.93855185806753
0,7,1,0.6308570973994226,55.88709273825426,60.08,1,0.866,0,1132,4403.988887909207,4436.370925344604,3,4,4409.962203074896,4,4,32.38203743539725,0.0073528880884099,5.9733151656892005,0.0013563420157776,1.00735288808841,1.0013563420157776,0.0020777732133864,0.0021808817982671,135.74315209686756
0,5,1,0.6203454903631538,83.89940805767613,93.3,1,0.92,0,1131,4431.827322524337,4471.539865369588,3,4,4432.022171798747,4,4,39.71254284525094,0.0089607604166831,0.1948492744095347,4.3965899442704354e-05,1.0089607604166833,1.0000439658994429,0.0032134428620337,0.0034147650003431,152.08984708040953
0,4,1,0.6992910273132019,90.43156616105595,104.84,1,0.862,0,1128,4388.232639252935,4393.616036065829,3,4,4388.677627381773,4,4,5.383396812893807,0.0012267801767707,0.4449881288383039,0.0001014048628274,1.0012267801767707,1.0001014048628274,0.001046448945999,0.0011518746614455,112.56464733928442
0,5,1,0.7597406328484363,80.79695771610517,84.16,1,0.766,0,1128,3359.8528052506413,3361.6004549424465,3,3,3359.992686487444,3,3,1.7476496918052362,0.0005201566238479,0.1398812368024664,4.163314434009304e-05,1.000520156623848,1.00004163314434,0.0009296014904975,0.0010363608598708,70.90728212893009
0,4,1,0.7524942455161288,76.60488573334675,81.06,1,0.734,0,1132,3311.767716172153,3371.4342343764047,2,3,3318.522940745955,3,3,59.66651820425159,0.0180165166514806,6.755224573802025,0.002039764003017,1.0180165166514807,1.002039764003017,0.0012474432587623,0.0013412162661551,82.40708610415459
1,21,1,0.6909319320116613,20.59998896597497,19.9,1,0.838,0,1129,4480.915366973915,4508.157062682735,4,4,4508.157062682735,4,4,27.24169570881986,0.0060794934690357,27.24169570881986,0.0060794934690357,1.0060794934690358,1.0060794934690358,0.0141305848956107,0.0141585618257522,108.1194565743208
0,7,1,0.6539584865563413,76.60174972547264,69.12,1,0.802,0,1125,4404.890164299062,4433.811347563142,3,4,4404.890164299066,4,4,28.92118326407945,0.0065656990720179,3.637978807091713e-12,8.25895464222231e-16,1.006565699072018,1.0000000000000009,0.0012703239917754,0.0014061033725736,95.81814417243004
0,9,1,0.6974736633972778,69.55965926802969,76.98,1,0.82,0,1125,4431.966456271678,4474.084049354369,4,4,4440.114882946854,4,4,42.1175930826912,0.0095031389560926,8.14842667517587,0.0018385578400858,1.009503138956093,1.001838557840086,0.006412200629711,0.0065572559833525,90.33739408105612
0,8,1,0.6880758472317609,40.10071158870512,43.34,1,0.818,0,1133,3372.504055760224,3385.8317427592765,3,3,3385.8317427592765,3,3,13.327686999052275,0.0039518668558125,13.327686999052275,0.0039518668558125,1.0039518668558125,1.0039518668558125,0.003796637058258,0.0038276314735412,91.13120017945766
0,6,1,0.5207845824914812,82.8269004260451,100.72,1,0.774,0,1133,3369.159333849937,3369.159333849937,3,3,3369.159333849937,3,3,0.0,0.0,0.0,0.0,1.0,1.0,0.002781108021736,0.0028831735253333,75.2061717659235
1,17,1,0.7244069559577085,21.506513623365528,22.22,1,0.804,0,1123,5512.461497296989,5542.392748051344,4,5,5516.925353012259,5,5,29.93125075435455,0.0054297432769428,4.4638557152693465,0.0008097754002378,1.0054297432769428,1.000809775400238,0.0146894082427024,0.0148012042045593,120.449258685112
1,23,1,0.6585005112639303,16.247155641984527,16.2,1,0.812,0,1122,5550.092708966307,5570.633742706847,5,5,5570.633742706847,5,5,20.541033740540115,0.0037010253373525,20.541033740540115,0.0037010253373525,1.0037010253373526,1.0037010253373526,0.020602986216545,0.0207259356975555,95.39058559387922
0,5,1,0.72670780351386,61.69560020521903,66.34,1,0.876,0,1133,4407.937093839224,4417.69539811952,3,4,4407.940517429734,4,4,9.758304280296215,0.0022138029814297,0.0034235905104651,7.766876971203027e-07,1.0022138029814298,1.000000776687697,0.0014488473534583,0.0015814751386641,116.74305180460216
1,13,1,0.7100432652826909,37.931622455146965,36.7,1,0.812,0,1125,4461.163699890625,4480.801907364856,4,4,4480.801907364856,4,4,19.638207474230512,0.0044020369561224,19.638207474230512,0.0044020369561224,1.0044020369561224,1.0044020369561224,0.0041298419237135,0.0041514635086058,93.11907904595137
0,8,1,0.726015575004859,46.15540502094339,50.36,1,0.852,0,1131,4421.320181356496,4458.301384224051,3,4,4426.179285505394,4,4,36.98120286755511,0.0083642897032191,4.859104148898041,0.0010990165718799,1.0083642897032192,1.00109901657188,0.0020229965448378,0.0021285861730574,121.6653254777193
0,7,1,0.7501366597104526,47.69966711575719,47.24,1,0.832,0,1123,5452.68476220808,5480.996067771534,4,5,5472.382694885084,5,5,28.31130556345397,0.005192177211431,19.697932677003337,0.0036125199852974,1.005192177211431,1.0036125199852974,0.0016341879963874,0.0017452463507652,7602.5860435813665
1,21,1,0.5899765216377542,18.82677597236495,20.26,1,0.842,0,1133,4443.41199003922,4489.026666312397,3,4,4443.696429249065,4,4,45.61467627317688,0.0102656869035396,0.2844392098450043,6.401369273941527e-05,1.0102656869035398,1.0000640136927397,0.0140927508473395,0.0141881331801413,129.80707497894764
0,7,1,0.8387100074300919,72.76033294927979,69.98,1,0.836,0,1130,4395.274020010211,4409.091331011912,3,4,4398.432796453586,4,4,13.817311001701457,0.0031436745328723,3.158776443375245,0.0007186756568519,1.0031436745328723,1.000718675656852,0.0026391446590423,0.0027510225772857,109.72567269206048
1,22,1,0.6726232012106419,17.67038723481452,19.46,1,0.808,0,1121,5571.487799171881,5573.30959712625,5,5,5573.30959712625,5,5,1.821797954368776,0.0003269859003621,1.821797954368776,0.0003269859003621,1.000326985900362,1.000326985900362,0.0163890272378921,0.0164218619465827,101.09190692007542
1,32,1,0.5803951660171358,10.460065774431188,12.26,1,0.84,0,1119,5563.576621082848,5583.355924579177,5,5,5583.355924579177,5,5,19.779303496328797,0.0035551417448582,19.779303496328797,0.0035551417448582,1.0035551417448585,1.0035551417448585,0.0277677848935126,0.0278010740876196,113.34091533720492
0,5,1,0.6243229056121921,89.61932834878854,91.02,1,0.842,0,1132,3355.5590745920977,3358.215059521389,3,3,3358.215059521389,3,3,2.655984929291208,0.0007915178574569,2.655984929291208,0.0007915178574569,1.000791517857457,1.000791517857457,0.0015785768628119,0.0015973895788191,98.18328416347504
0,4,1,0.596419789755934,81.12548356236871,88.74,1,0.694,0,1120,3291.2274554938376,3341.303664602236,2,3,3291.4216035294853,3,3,50.076209108398416,0.0152150557157055,0.1941480356476859,5.898955276506547e-05,1.0152150557157056,1.0000589895527652,0.0014565661549567,0.0015500634908675,115.23555329442024
1,23,1,0.6656110141314608,18.88917167793197,20.66,1,0.82,0,1129,4467.122203500229,4507.415419360945,4,4,4507.415419360945,4,4,40.29321586071546,0.0090199493152758,40.29321586071546,0.0090199493152758,1.0090199493152758,1.0090199493152758,0.0176316276192664,0.0176548808813094,99.350171379745
0,4,1,0.6997818968152738,58.032370751115785,66.44,1,0.884,0,1133,3336.699747667755,3360.5107175583007,3,3,3360.5107175583007,3,3,23.810969890545493,0.0071360840624597,23.810969890545493,0.0071360840624597,1.0071360840624597,1.0071360840624597,0.0010177791118621,0.0010350197553633,124.90170776098968
0,6,1,0.5540603482894935,70.28259283000367,79.72,1,0.81,0,1120,4446.589111670064,4452.619185284722,4,4,4452.619185284722,4,4,6.030073614658249,0.0013561121711993,6.030073614658249,0.0013561121711993,1.0013561121711994,1.0013561121711994,0.0018082559108733,0.0018429458141326,85.9795426800847
0,6,1,0.7751000348810358,69.00002750843002,65.66,1,0.766,0,1122,5478.7533209528265,5499.964337886382,4,5,5482.977426760021,5,5,21.211016933555584,0.0038715042804421,4.224105807194974,0.0007709976266024,1.0038715042804425,1.0007709976266024,0.0022110491991042,0.0023405328392981,193.78133659809828
0,7,1,0.7256250204427936,89.51653522489627,97.78,1,0.91,0,1130,4453.498862588354,4470.07237988294,4,4,4470.07237988294,4,4,16.573517294586054,0.0037214598691855,16.573517294586054,0.0037214598691855,1.0037214598691857,1.0037214598691857,0.005069464445114,0.0051110237836836,122.35209136456253
0,6,1,0.7080231097609395,86.25335646603911,98.88,1,0.844,0,1127,4422.164286218151,4486.783234204605,3,4,4428.306602615062,4,4,64.61894798645426,0.0146125163616923,6.142316396911156,0.001388984216632,1.0146125163616924,1.001388984216632,0.0024229064583777,0.0026922523975371,105.08348862081766
1,11,1,0.819568661791333,48.60762321051626,43.24,1,0.812,0,1120,5541.7170951395,5549.812071801111,5,5,5543.152795226275,5,5,8.094976661611327,0.0014607343757607,1.4357000867748866,0.0002590713423523,1.0014607343757609,1.0002590713423525,0.0100838840007781,0.0102743357419966,96.28953171521424
0,6,1,0.7370351538239146,86.76898525657653,86.1,1,0.768,0,1132,4344.98354678069,4388.885634364236,3,4,4366.363463833671,3,4,43.90208758354584,0.0101040860364302,21.379917052981,0.0049205979315668,1.0101040860364303,1.0049205979315667,0.001841627061367,0.0019967630505561,1173.4670224785805
1,11,1,0.7298891763837729,52.32434171501617,54.42,1,0.83,0,1121,5486.734429131153,5491.992272460105,4,5,5487.087254130839,5,5,5.257843328951822,0.0009582828177423,0.3528249996861632,6.430509882397106e-05,1.0009582828177424,1.000064305098824,0.0046516805887222,0.004903070628643,111.98349605500698
1,14,1,0.69438470313152,27.77852944052564,33.54,1,0.888,0,1130,4452.927346870217,4516.162464616782,3,4,4453.124498947125,4,4,63.23511774656527,0.0142007970983426,0.1971520769084236,4.427471224002652e-05,1.0142007970983429,1.00004427471224,0.0169466063380241,0.0170836001634597,126.18516786396503
0,6,0,0.1866370886516171,68.09617305343141,70.06,1,0.818,0,1123,4384.057892634514,4401.053947896135,3,4,4384.194234305956,4,4,16.996055261620313,0.0038767862281596,0.1363416714420964,3.109942313288307e-05,1.0038767862281597,1.000031099423133,0.0023984462022781,0.0025166496634483,101.03169548511504
0,4,0,0.1863891593372214,94.2252782598294,91.64,1,0.822,0,1132,3382.957834293996,3394.8562909353286,3,3,3383.162536628332,3,3,11.898456641332814,0.0035171755676984,0.2047023343361615,6.050986868977095e-05,1.0035171755676984,1.0000605098686897,0.0014039427042006,0.0015836656093595,87.18539810180664
0,8,0,0.1680930241694865,55.28629768064768,56.44,1,0.91,0,1124,4493.858157958249,4494.865778633691,4,4,4494.865778633691,4,4,1.0076206754420127,0.0002242217355386,1.0076206754420127,0.0002242217355386,1.0002242217355386,1.0002242217355386,0.0072200447320937,0.0072752162814139,119.55890058726072
0,5,0,0.1955232913792768,86.57965201542507,86.34,1,0.846,0,1129,4412.6094365507415,4454.040308109832,3,4,4415.278902138532,4,4,41.43087155909052,0.0093891997818588,2.66946558779091,0.0006049630329117,1.009389199781859,1.0006049630329117,0.0023095160722732,0.0024176761507987,117.58933924883604
0,7,0,0.1907974644950463,61.35145030379875,61.84,1,0.868,0,1131,4431.129787265372,4487.931144389358,3,4,4435.9881043491205,4,4,56.80135712398624,0.0128187076097901,4.858317083748261,0.0010964059544612,1.01281870760979,1.0010964059544611,0.0025370270013808,0.0026598721742629,116.6565670222044
0,5,0,0.2063308244039475,91.9784565995818,91.78,1,0.82,0,1119,5459.391927675136,5488.227416711443,4,5,5467.605414941009,5,5,28.83548903630708,0.0052818133261567,8.213487265873482,0.0015044692476165,1.0052818133261567,1.0015044692476165,0.0019409433007239,0.0020471066236494,5528.390297703445
1,10,0,0.1858709857060883,42.20563556951524,41.68,1,0.838,0,1123,5520.079700901088,5551.266251449575,4,5,5520.168583745775,5,5,31.186550548487503,0.0056496558452582,0.0888828446877596,1.6101732131376758e-05,1.0056496558452583,1.0000161017321314,0.0052723884582518,0.0053907558321951,112.4737884774804
0,7,0,0.1852852705061466,76.49591596820068,71.7,1,0.948,0,1119,6700.563524093739,6708.1263236276745,6,6,6708.1263236276745,6,6,7.562799533935504,0.0011286811186464,7.562799533935504,0.0011286811186464,1.0011286811186464,1.0011286811186464,0.0052463114261626,0.0052867457270621,130.4983596354723
0,5,0,0.195626552752286,84.33154851406617,87.1,1,0.96,0,1124,5508.677345418742,5527.426747904725,4,5,5508.985355419231,5,5,18.7494024859825,0.00340361239374,0.3080100004890482,5.59136034251857e-05,1.00340361239374,1.0000559136034253,0.0019765868782997,0.0020863190293311,531.3467891663313
0,5,0,0.20237625851705,89.98011737367933,88.94,1,0.962,0,1123,5528.809812401085,5567.690605147941,4,5,5529.044528928225,5,5,38.88079274685606,0.0070323983038169,0.2347165271403355,4.245335526171797e-05,1.007032398303817,1.0000424533552617,0.0020625889301299,0.0021912604570388,146.30329271405935
1,17,0,0.2015918578992309,23.485730593544336,23.76,1,0.834,0,1131,4419.301365179963,4449.62074318398,3,4,4421.483418603094,4,4,30.31937800401738,0.0068606721964938,2.1820534231310376,0.0004937552890879,1.006860672196494,1.000493755289088,0.0111799240112304,0.0112807005643844,112.60291815549137
1,33,0,0.1779062703381784,13.013028738759546,12.48,1,0.828,0,1127,4487.644112759026,4494.982496822813,4,4,4488.819966083983,4,4,7.338384063787089,0.0016352419843015,1.1758533249567336,0.0002620201815053,1.0016352419843015,1.0002620201815051,0.0501084774732589,0.050216756761074,107.58810439705849
0,5,0,0.1843005585755359,75.15822549004857,74.18,1,0.812,0,1130,4387.754932423845,4406.386910111065,3,4,4389.265060161141,4,4,18.63197768721966,0.0042463578696103,1.5101277372959885,0.0003441686604091,1.0042463578696104,1.000344168660409,0.0029544085264205,0.0030658617615699,101.76492516696452
0,7,0,0.1932873292508252,67.11740723523464,67.1,1,0.928,0,1132,4424.643361517474,4455.005996149946,3,4,4424.826080327946,4,4,30.36263463247269,0.0068621654112388,0.1827188104725792,4.1295714827943566e-05,1.0068621654112389,1.000041295714828,0.0028776079416274,0.0030000135302541,145.70332691818476
0,8,0,0.1950786767776414,56.787910945549946,55.36,1,0.856,0,1121,5567.863625553958,5571.369813794787,5,5,5571.369813794787,5,5,3.506188240829033,0.0006297187712603,3.506188240829033,0.0006297187712603,1.0006297187712605,1.0006297187712605,0.0025962516665458,0.0026232972741126,98.30377541482449
0,5,0,0.2238120912644886,99.50043861559332,94.6,1,0.922,0,1129,4413.048878789537,4440.668910746665,3,4,4413.122673320693,4,4,27.62003195712714,0.0062587187941374,0.0737945311557268,1.672189300018995e-05,1.0062587187941374,1.0000167218930005,0.0024946779012679,0.0026071071624755,143.10041451454163
1,30,0,0.1858836417520671,13.836058711434594,14.18,1,0.804,0,1126,4470.365808709252,4470.364699218462,4,4,4470.364699218462,4,4,-0.0011094907895312,-2.4818791951426734e-07,-0.0011094907895312,-2.4818791951426734e-07,0.9999997518120805,0.9999997518120805,0.0359780341386794,0.0359977558255194,96.77342928946018
0,7,0,0.2128652614941323,68.4929558435183,65.42,1,0.88,0,1120,5484.517858440468,5495.069107935064,4,5,5486.861184847886,5,5,10.55124949459514,0.0019238244394367,2.343326407417408,0.0004272620616616,1.0019238244394368,1.0004272620616617,0.0030980929732321,0.0032066628336904,158.11958752572536
0,5,0,0.2108661285522005,90.58661400902166,90.66,1,0.83,0,1121,5514.935016710572,5558.517817925159,4,5,5520.700275596966,5,5,43.58280121458665,0.0079026862660263,5.765258886393895,0.0010453901757545,1.0079026862660263,1.0010453901757546,0.0026183351874351,0.0027331039309501,109.568170376122
0,9,0,0.197523085098418,46.8654147040695,47.2,1,0.818,0,1122,4437.726082645268,4439.319361143093,4,4,4439.319361143093,4,4,1.59327849782494,0.0003590303836137,1.59327849782494,0.0003590303836137,1.0003590303836138,1.0003590303836138,0.0032538399100303,0.0032832473516463,98.62989325076342
0,6,0,0.1828283907304411,78.09743381493567,77.82,1,0.852,0,1125,4402.256897748621,4452.503662682381,3,4,4413.19560833966,4,4,50.24676493376046,0.0114138647745562,10.938710591039126,0.0024847960591834,1.0114138647745563,1.0024847960591834,0.0022826865315436,0.0024260133504866,112.50971219688654
0,7,0,0.1823002846979388,56.12182386200066,58.56,1,0.82,0,1125,4456.487730740839,4469.535233151939,4,4,4469.535233151939,4,4,13.04750241110014,0.0029277545904813,13.04750241110014,0.0029277545904813,1.0029277545904811,1.0029277545904811,0.0056561827659606,0.005675122141838,89.12906446307898
0,7,0,0.1945232274016992,63.26118477217696,65.14,1,0.954,0,1129,4480.697663499802,4505.211797441978,4,4,4505.211797441978,4,4,24.51413394217616,0.0054710528991658,24.51413394217616,0.0054710528991658,1.005471052899166,1.005471052899166,0.0021647810935974,0.002234637737274,141.29476591944697
0,7,0,0.1872939446255747,52.33814374284178,51.6,1,0.806,0,1128,4400.948203983289,4425.816185918376,3,4,4406.052764304746,4,4,24.86798193508639,0.0056505963675233,5.104560321457029,0.0011598773911578,1.0056505963675233,1.001159877391158,0.005757562816143,0.0059539377689361,110.80976481735706
0,4,0,0.195703124111752,96.6354102702756,96.14,1,0.892,0,1131,4412.519317926106,4431.487983154208,3,4,4412.692891976331,4,4,18.96866522810251,0.0042988288234889,0.1735740502253975,3.933672301903433e-05,1.0042988288234889,1.000039336723019,0.0018009245395659,0.0019395127892493,125.2203423306346
0,5,0,0.2187229352264679,94.40336142594612,95.64,1,0.798,0,1132,3332.041719146193,3364.044838266879,3,3,3336.201102402767,3,3,32.00311912068628,0.00960465738973,4.159383256574074,0.0012482986730549,1.0096046573897302,1.001248298673055,0.0012050643563269,0.0013891458511351,81.047164529562
0,6,0,0.2127323833001445,66.710426128842,65.08,1,0.902,0,1132,4408.09208549899,4433.505822290119,3,4,4414.714771943879,4,4,25.41373679112894,0.0057652463465386,6.622686444889041,0.0015023929438033,1.0057652463465387,1.0015023929438034,0.0020773485302924,0.0021760165691375,146.72273329645395
1,10,0,0.1896086922814186,46.09643249582392,44.78,1,0.862,0,1126,4486.763310003542,4491.918640158312,4,4,4491.918640158312,4,4,5.155330154770127,0.0011490087171025,5.155330154770127,0.0011490087171025,1.0011490087171029,1.0011490087171029,0.0046830922365187,0.0047013387084006,103.54651482403278
0,7,0,0.2153201891562219,52.46530607260643,53.92,1,0.838,0,1130,4400.641635499816,4423.381163769989,3,4,4401.108118810693,4,4,22.73952827017274,0.0051673210758026,0.4664833108763559,0.0001060034762006,1.0051673210758023,1.0001060034762006,0.0028278231620788,0.0029219910502433,120.28388559818268
1,29,0,0.1574004281229768,13.24519118204499,13.7,1,0.81,0,1129,4461.066001652271,4494.131891271015,4,4,4494.131891271015,4,4,33.06588961874422,0.0074121050005755,33.06588961874422,0.0074121050005755,1.0074121050005755,1.0074121050005755,0.0348461940884589,0.0348680615425109,101.24823775142433
1,15,0,0.1946634935900077,26.69742732733444,26.22,1,0.824,0,1132,4394.296973396582,4402.270683266768,3,4,4395.207687361244,4,4,7.973709870186212,0.0018145587151846,0.9107139646621364,0.0002072490708242,1.0018145587151843,1.0002072490708245,0.0104765519499778,0.010654605925083,515.5074366927147
0,4,0,0.2149183175989388,99.86343480117333,96.54,1,0.884,0,1128,4450.775759860173,4480.144123147484,4,4,4480.144123147484,4,4,29.368363287310785,0.0065984818988574,29.368363287310785,0.0065984818988574,1.0065984818988574,1.0065984818988574,0.001627244055271,0.0016373619437216,108.25161203742029
1,19,0,0.1877722713979435,23.120168838485192,22.74,1,0.836,0,1125,4485.60969915538,4492.230204384064,4,4,4492.230204384064,4,4,6.620505228683214,0.0014759432212592,6.620505228683214,0.0014759432212592,1.0014759432212592,1.0014759432212592,0.0141070708632468,0.0141240060329436,101.50954411923884
0,5,0,0.1652945527515244,99.65532327392086,97.4,1,0.944,0,1120,5534.231849572572,5589.742451164942,4,5,5534.679907371232,5,5,55.51060159237022,0.0100304076701552,0.4480577986596472,8.09611542917654e-05,1.0100304076701552,1.0000809611542918,0.0024402365088462,0.0026019066572188,152.53026031702757
0,9,0,0.1711485199770841,48.27935291718711,48.88,1,0.858,0,1125,4475.777785109975,4495.4073029590345,4,4,4495.4073029590345,4,4,19.629517849059084,0.0043857221675219,19.629517849059084,0.0043857221675219,1.004385722167522,1.004385722167522,0.0030325204133987,0.003055989742279,104.55909435451032
1,10,0,0.2000942410852578,48.74651309809393,47.94,1,0.86,0,1127,4492.9100408111335,4496.385385845776,4,4,4495.807029766422,4,4,3.475345034642487,0.0007735176095391,2.89698895528818,0.0006447912219415,1.0007735176095391,1.0006447912219416,0.0046100541949271,0.0047534406185148,104.34432519972324
0,5,0,0.2228658358687275,81.82665980528238,79.06,1,0.864,0,1120,4403.283046439407,4459.318630646361,3,4,4404.422782403468,4,4,56.0355842069539,0.0127258646823227,1.1397359640604918,0.0002588377699185,1.0127258646823227,1.0002588377699186,0.0036224499344824,0.0038267970085143,123.00883316248655
0,7,0,0.2198379600490957,65.49921613155698,67.06,1,0.946,0,1127,4482.901254931518,4489.733103684293,4,4,4489.733103684293,4,4,6.831848752774931,0.0015239793081008,6.831848752774931,0.0015239793081008,1.0015239793081008,1.0015239793081008,0.0031494647264479,0.0031721293926238,139.70164163410664
1,19,0,0.2461881434777093,23.720497929353503,23.42,1,0.86,0,1124,5538.786314338063,5592.247283721414,4,5,5544.029088348671,5,5,53.46096938335086,0.0096521090270188,5.242774010608628,0.0009465564679823,1.0096521090270187,1.0009465564679825,0.0416722893714904,0.0418568179011344,127.0921264886856
0,9,0,0.2383065697225863,49.940568427146495,48.34,1,0.868,0,1119,6605.590093574526,6618.350088026857,5,6,6605.869054733419,6,6,12.75999445233083,0.0019316963770947,0.278961158893253,4.223107321851649e-05,1.0019316963770948,1.0000422310732184,0.0077437460422513,0.0079166814684866,125.7447808533907
1,17,0,0.1798058861821674,22.822495755643843,23.28,1,0.814,0,1129,4477.499458875955,4477.771083206859,4,4,4477.771083206859,4,4,0.2716243309041601,6.0664291173884266e-05,0.2716243309041601,6.0664291173884266e-05,1.0000606642911738,1.0000606642911738,0.0068088173866271,0.0068237110972404,90.99743614345788
0,9,0,0.1879340935542231,44.71019839660228,42.38,1,0.822,0,1130,3350.9351911478034,3355.938689221587,3,3,3355.938689221587,3,3,5.003498073783703,0.0014931646804156,5.003498073783703,0.0014931646804156,1.0014931646804155,1.0014931646804155,0.0061839148402213,0.0062212273478507,90.92289685457943
0,7,0,0.2063736558944974,69.84392269135267,69.64,1,0.91,0,1120,5570.017127987645,5585.224321656358,5,5,5570.066151122264,5,5,15.207193668713444,0.0027301879544143,0.0490231346193468,8.80125383690841e-06,1.0027301879544144,1.0000088012538368,0.003064177930355,0.0031985491514205,122.2681526914239
0,6,0,0.2065138315046683,65.97392853119304,65.72,1,0.852,0,1133,4407.253816729739,4427.196671655415,3,4,4412.665107284596,4,4,19.94285492567633,0.0045250071257466,5.41129055485726,0.0012278145938217,1.0045250071257468,1.0012278145938218,0.0026279464364051,0.0028302147984503,135.90958293527365
1,11,0,0.1738002120424282,37.797707182046125,39.04,1,0.866,0,1127,4461.815058814878,4465.392165699612,4,4,4465.392165699612,4,4,3.577106884733439,0.000801715633118,3.577106884733439,0.000801715633118,1.000801715633118,1.000801715633118,0.0051884502172469,0.0052393823862075,104.55078641325235
0,5,0,0.1816220261751701,97.20473321105892,100.08,1,0.876,0,1131,3381.55372578824,3392.0332666157738,3,3,3392.0332666157738,3,3,10.479540827533585,0.0030990312966536,10.479540827533585,0.0030990312966536,1.0030990312966537,1.0030990312966537,0.0020538941025733,0.0020830556750297,111.60582441091536
0,5,0,0.1692934161461588,74.58082580195695,77.84,1,0.8,0,1121,5526.136327932174,5553.820660470668,5,5,5553.820660470668,5,5,27.684332538494345,0.0050097085731602,27.684332538494345,0.0050097085731602,1.0050097085731602,1.0050097085731602,0.002121053636074,0.0021841824054717,81.5999023988843
0,5,0,0.1757305943383288,88.29932671477614,92.08,1,0.87,0,1119,6620.748085807232,6669.18788781218,5,6,6621.301339219484,6,6,48.43980200494752,0.0073163638575506,0.5532534122521611,8.356357998851513e-05,1.0073163638575506,1.0000835635799885,0.0029130280017852,0.0030668303370475,125.92612951993942
0,6,0,0.2204977568252259,61.18277095886606,62.76,1,0.822,0,1126,4406.68777498148,4443.836078273434,3,4,4410.869060303142,4,4,37.14830329195411,0.0084299830595804,4.181285321661562,0.000948849915213,1.0084299830595804,1.000948849915213,0.0023928880691527,0.0025063008069991,133.7713811174035
1,27,0,0.2233162542724085,16.224473557350862,16.3,1,0.832,0,1130,4468.087031021003,4513.091478385432,4,4,4513.091478385432,4,4,45.004447364429325,0.0100724195952256,45.004447364429325,0.0100724195952256,1.0100724195952255,1.0100724195952255,0.0572717562317847,0.0572977364063262,109.50212527811529
0,8,0,0.2340870137429959,50.9770051594734,52.04,1,0.82,0,1119,5572.372219919139,5592.841047145756,5,5,5584.816640381107,5,5,20.468827226617577,0.0036732699142834,12.444420461968548,0.0022332356796777,1.0036732699142834,1.0022332356796777,0.0049392133951186,0.0051104724407194,90.75158012658358
0,5,0,0.1710561938111178,97.36453229803308,90.56,1,0.852,0,1124,4461.911830430075,4493.081041230553,4,4,4493.081041230553,4,4,31.16921080047814,0.0069856178214695,31.16921080047814,0.0069856178214695,1.0069856178214696,1.0069856178214696,0.0021212175488471,0.0021774843335151,108.20325933396816
0,8,0,0.2142059115389601,48.21517500468386,50.6,1,0.856,0,1131,4393.044240314488,4416.85977424649,3,4,4393.38749470217,4,4,23.815533932001927,0.0054211914629607,0.3432543876824638,7.813588229602966e-05,1.0054211914629607,1.000078135882296,0.0087253674864768,0.0090276524424552,551.3215790688992
1,20,0,0.2304239354491899,21.40345486717563,21.02,1,0.84,0,1133,4437.827643181846,4484.921969225783,3,4,4439.428275030973,4,4,47.09432604393714,0.0106120223295042,1.6006318491272395,0.0003606791380432,1.0106120223295043,1.0003606791380433,0.0102756172418593,0.0103828459978102,117.3951341882348
1,18,0,0.203599352592932,22.474446321681658,22.02,1,0.82,0,1131,4427.030809741982,4464.539593111476,3,4,4427.872351967106,4,4,37.50878336949427,0.0084726727645431,0.8415422251237032,0.0001900917931882,1.0084726727645432,1.0001900917931883,0.0139937177300452,0.0141600146889686,116.62521817535162
0,5,0,0.1878282041647313,93.20299700106536,95.92,1,0.81,0,1128,4447.619596161324,4465.628823949903,4,4,4447.71907497123,4,4,18.009227788578755,0.0040491834787584,0.0994788099060315,2.2366753216010256e-05,1.0040491834787584,1.000022366753216,0.0034221112728118,0.0035822615027427,85.38863250613213
1,11,0,0.1743093535733608,35.93953996114315,37.12,1,0.832,0,1130,4432.837886438947,4484.916177953548,3,4,4437.301123776162,4,4,52.078291514601005,0.0117482959785017,4.463237337215105,0.0010068577853634,1.0117482959785018,1.0010068577853637,0.004008263349533,0.0041339471936225,116.2418733909726
0,5,0,0.1964722922535702,97.87035518220108,98.4,1,0.9,0,1132,4412.686709375944,4443.727460590078,3,4,4412.871567822005,4,4,31.040751214134616,0.0070344335001576,0.1848584460612983,4.189249276829843e-05,1.0070344335001578,1.0000418924927683,0.0017269700765609,0.001847356557846,135.55217569321394
1,23,0,0.2000504923007287,18.351304979003785,17.8,1,0.83,0,1123,5539.139169111948,5589.406660322658,4,5,5539.4903937199015,5,5,50.26749121071043,0.0090749644802243,0.3512246079535543,6.340779627132275e-05,1.0090749644802244,1.0000634077962711,0.0187334865331649,0.0188869014382362,116.54704077541828
0,8,0,0.2114258650785296,52.82415336163914,52.72,1,0.85,0,1127,4441.833207518853,4442.242569989282,4,4,4442.242569989282,4,4,0.4093624704291869,9.216070286841122e-05,0.4093624704291869,9.216070286841122e-05,1.0000921607028683,1.0000921607028683,0.0030648559331893,0.0030858740210532,100.80144191533329
1,40,0,0.1911136146040973,10.483798668646443,10.2,1,0.822,0,1129,4479.04941380808,4491.70295335686,4,4,4489.741500386974,4,4,12.653539548779918,0.0028250502237754,10.692086578893395,0.0023871329809248,1.0028250502237754,1.0023871329809249,0.0655826330184936,0.0656914412975311,116.47598350048064
1,10,0,0.2025194939902565,43.01695984028078,41.92,1,0.844,0,1126,4470.089515298247,4484.454443876663,4,4,4484.454443876663,4,4,14.364928578416766,0.0032135662002415,14.364928578416766,0.0032135662002415,1.0032135662002415,1.0032135662002415,0.0036944523453711,0.0037152618169783,97.3573371693492
0,7,0,0.2250910458354971,71.7221069080542,66.88,1,0.914,0,1119,6591.250870270005,6620.855189532186,5,6,6593.373178526063,6,6,29.60431926218098,0.0044914569092965,2.1223082560582043,0.000321988693471,1.0044914569092964,1.000321988693471,0.0029852092266082,0.003123216331005,22438.413141414523
0,9,0,0.2036736689876247,47.61412478088122,46.76,1,0.876,0,1129,4417.767754714859,4454.220945965048,3,4,4419.099588680685,4,4,36.45319125018887,0.0082514956136578,1.331833965826263,0.0003014721551183,1.008251495613658,1.0003014721551184,0.0032652020454406,0.0033755451440811,130.84764233231544
1,17,0,0.2117679946080668,25.91414849255378,25.74,1,0.818,0,1128,4482.388710131657,4498.713517572621,4,4,4497.552323541145,4,4,16.324807440963923,0.0036419883452018,15.16361340948788,0.00338293137657,1.003641988345202,1.00338293137657,0.016702890396118,0.0169503688812255,94.82812353223562
0,8,0,0.1928805712294654,52.12358518707036,53.72,1,0.908,0,1125,4458.177044512989,4494.2764797455,4,4,4494.2764797455,4,4,36.099435232511496,0.0080973534411204,36.099435232511496,0.0080973534411204,1.0080973534411204,1.0080973534411204,0.0037719681859016,0.0038060769438743,123.62765687704086
0,7,0,0.1851691208214402,55.83068918668652,55.0,1,0.832,0,1132,3384.412651445031,3394.068713181318,3,3,3384.6897230481054,3,3,9.656061736287027,0.0028530982272992,0.2770716030745461,8.186696824816733e-05,1.0028530982272992,1.000081866968248,0.0021947026252746,0.0022923424839973,95.11223977804184
1,10,0,0.2039722225064797,43.75983434405214,45.2,1,0.862,0,1120,6603.394464626437,6616.991232916905,5,6,6603.7442983383735,6,6,13.59676829046748,0.00205905740802,0.3498337119362986,5.297786067609838e-05,1.00205905740802,1.0000529778606762,0.0043008029460906,0.004429779946804,458.0622133165598
1,11,0,0.2133224738015093,40.60000858757435,39.48,1,0.874,0,1133,4426.67342930007,4454.835507920534,3,4,4426.8914858696535,4,4,28.162078620463944,0.006361905631904,0.2180565695834957,4.925969197099188e-05,1.006361905631904,1.000049259691971,0.0069302320480346,0.0070447474718093,125.58226661384106
0,4,0,0.1969533814932842,90.62889593258548,90.56,1,0.798,0,1120,5451.602945904376,5471.628999716279,4,5,5462.895114378779,4,5,20.026053811903694,0.0036734248643233,11.292168474403296,0.002071348296355,1.003673424864323,1.002071348296355,0.001259759068489,0.0014059245586394,194.04711773991585
0,7,0,0.2524704362226105,73.76975377462198,71.0,1,0.902,0,1124,4438.987483723973,4459.995842117935,4,4,4459.995842117935,4,4,21.008358393962222,0.0047326915137723,21.008358393962222,0.0047326915137723,1.0047326915137724,1.0047326915137724,0.0026055946946143,0.0026342943310736,119.49487203359604
0,7,0,0.154840824876792,67.87962523649638,69.12,1,0.906,0,1125,4472.281908364442,4480.569712735876,4,4,4480.569712735876,4,4,8.287804371434504,0.0018531489162018,8.287804371434504,0.0018531489162018,1.0018531489162017,1.0018531489162017,0.002337485551834,0.002444714307785,119.63945465534924
0,9,0,0.2252233825329778,56.03735004571679,52.1,1,0.898,0,1122,4483.878845697428,4484.18313397723,4,4,4484.18313397723,4,4,0.3042882798017672,6.786273453702958e-05,0.3042882798017672,6.786273453702958e-05,1.000067862734537,1.000067862734537,0.0038179159164428,0.0039083287119865,113.83060836046934
1,13,0,0.1680366984794415,30.495424808397804,31.12,1,0.81,0,1124,4486.087942720209,4487.008529886374,4,4,4486.401227759101,4,4,0.9205871661652054,0.0002052093445156,0.3132850388919905,6.983479657378837e-05,1.0002052093445155,1.0000698347965735,0.0078812092542648,0.0080209597945213,87.438829369843
1,24,0,0.1867718419094071,17.99703938200286,17.2,1,0.848,0,1124,5522.7978914556725,5560.258838915589,4,5,5525.066228700132,5,5,37.4609474599165,0.0067829654816578,2.268337244459872,0.0004107224796274,1.0067829654816578,1.0004107224796277,0.0214361995458602,0.0216837748885154,121.63180021196604
1,12,0,0.2103342064637454,34.36040780418679,34.74,1,0.822,0,1120,5489.589985989542,5520.536647530062,4,5,5490.638456074334,5,5,30.946661540519926,0.0056373356880024,1.0484700847919155,0.0001909924215593,1.0056373356880024,1.0001909924215593,0.0069220066070556,0.0070723295211791,137.0179715231061
0,9,0,0.1635924417346838,48.906011488805085,49.6,1,0.868,0,1133,4427.970332988821,4457.791508572991,3,4,4428.35674020174,4,4,29.821175584170305,0.0067347279547018,0.386407212919039,8.726508622703877e-05,1.006734727954702,1.0000872650862271,0.0041245073080062,0.0042685642838476,126.66530583053829
1,17,0,0.2049589021371385,26.05112187512128,25.74,1,0.82,0,1124,5495.448996906074,5515.002205634413,4,5,5495.714727768711,5,5,19.553208728339087,0.0035580730053809,0.2657308626367012,4.835471365238893e-05,1.0035580730053808,1.0000483547136525,0.0227117612957953,0.0229089185595511,1491.056593157351
0,6,0,0.2170719900632667,77.30356091107937,74.46,1,0.972,0,1128,4487.639996402222,4494.688994001464,4,4,4494.688994001464,4,4,7.048997599242284,0.0015707582615569,7.048997599242284,0.0015707582615569,1.001570758261557,1.001570758261557,0.0033582746982572,0.0033733397722242,144.521723985672
1,18,0,0.2014136199440095,23.72693964421551,22.78,1,0.822,0,1122,5520.750836705476,5561.064219734417,4,5,5523.823520200505,5,5,40.313383028940734,0.0073021558518655,3.072683495029196,0.0005565698554261,1.0073021558518656,1.0005565698554262,0.0120199993252754,0.0121245011687277,115.23452147096395
0,5,0,0.1505920030708433,94.4881029343354,92.16,1,0.914,0,1128,4445.05725841516,4470.848572545881,4,4,4449.923547618164,4,4,25.79131413072173,0.0058022456475436,4.866289203004271,0.0010947641211576,1.0058022456475435,1.0010947641211576,0.0049838200211524,0.0051372945308684,121.31698887050152
1,30,0,0.2061981915688791,13.554632969584889,13.64,1,0.8,0,1122,5523.735678564532,5567.370124221037,4,5,5526.29308778504,5,5,43.6344456565057,0.0078994449038961,2.5574092205088164,0.0004629854448744,1.007899444903896,1.0004629854448743,0.0329356044530868,0.033082865178585,109.54594738036394
0,5,0,0.2136626927280756,97.97569764118624,98.06,1,0.974,0,1129,4484.420429649972,4513.178422743853,4,4,4513.178422743853,4,4,28.75799309388094,0.0064128672913314,28.75799309388094,0.0064128672913314,1.0064128672913315,1.0064128672913315,0.0027674660086631,0.0027952715754508,144.97179301083088
1,17,0,0.2487977507800211,25.95596538355985,25.22,1,0.854,0,1126,4483.0820633781,4485.179206128345,4,4,4484.599357231029,4,4,2.097142750244529,0.0004677903996841,1.5172938529285602,0.0003384488241522,1.000467790399684,1.0003384488241522,0.0115653872489928,0.0116670057177543,103.1992228925228
0,5,0,0.1656849836961179,82.62242423082827,85.26,1,0.856,0,1127,4411.24886075614,4441.157814362834,3,4,4412.057005817562,4,4,29.908953606694013,0.0067801555864992,0.8081450614217829,0.0001832009680096,1.0067801555864992,1.0001832009680096,0.0024346113204955,0.0025629401206969,117.20637828111649
0,8,0,0.2096873346309959,55.816234498152326,54.8,1,0.868,0,1126,4416.458669485538,4462.014489785832,3,4,4421.5357445604,4,4,45.55582030029382,0.0103150111230635,5.077075074862478,0.0011495805700484,1.0103150111230637,1.0011495805700483,0.0022237971425055,0.0023422315716742,140.17203451693058
0,6,0,0.2220871553665389,86.59206731869692,84.58,1,0.894,0,1124,4460.843481041253,4461.250876542418,4,4,4461.250876542418,4,4,0.4073955011654107,9.132701088860356e-05,0.4073955011654107,9.132701088860356e-05,1.0000913270108889,1.0000913270108889,0.0013015940785407,0.0013310462236403,114.14598639309406
1,13,0,0.2108103326213838,32.955949595687066,33.1,1,0.822,0,1122,4447.852151724003,4473.031341209466,4,4,4473.031341209466,4,4,25.179189485462302,0.005660977169779,25.179189485462302,0.005660977169779,1.005660977169779,1.005660977169779,0.012631170451641,0.012669041752815,94.83352263271809
0,6,0,0.2581596454467015,72.06201993734408,73.9,1,0.952,0,1130,4463.190085191592,4504.487471992587,4,4,4504.487471992587,4,4,41.29738680099581,0.0092528854950669,41.29738680099581,0.0092528854950669,1.0092528854950669,1.0092528854950669,0.0033006817102432,0.0033201873302459,136.9890670105815
0,6,0,0.2017208107502154,73.33267788319539,72.64,1,0.832,0,1132,4397.42229308906,4410.231171654895,3,4,4397.703719846532,4,4,12.808878565834677,0.0029128152158515,0.281426757472218,6.39981195152681e-05,1.0029128152158515,1.0000639981195152,0.0055586993694304,0.0057562664151191,381.3307870030403
0,9,0,0.1764210859525293,39.01619850211429,40.4,1,0.806,0,1129,4398.620170438192,4416.943109419179,3,4,4398.673911104379,4,4,18.32293898098669,0.004165610639475,0.0537406661869681,1.2217619186158213e-05,1.004165610639475,1.000012217619186,0.0051295757293701,0.0052876472473144,127.56381019949912
0,5,0,0.2184762154238468,85.28184397610467,86.44,1,0.886,0,1123,4428.137481092275,4487.916469311127,3,4,4430.105982022429,4,4,59.77898821885174,0.0134998040314019,1.968500930153823,0.0004445437700521,1.013499804031402,1.0004445437700522,0.0018234103918074,0.001951366662979,117.9196705520153
0,7,0,0.2131327558628113,72.89156731229738,71.22,1,0.926,0,1127,4481.359809587868,4491.195328091862,4,4,4491.195328091862,4,4,9.835518503994535,0.002194762063727,9.835518503994535,0.002194762063727,1.002194762063727,1.002194762063727,0.0023317411541938,0.0023666769266128,129.4585128352046
0,8,0,0.1873837772344027,49.37697630190756,49.1,1,0.848,0,1127,4448.967011274026,4495.79735653131,4,4,4495.79735653131,4,4,46.830345257283625,0.0105261165431462,46.830345257283625,0.0105261165431462,1.0105261165431465,1.0105261165431465,0.0024868845939635,0.0025094151496886,104.2068917453289
1,17,0,0.2376925240990726,26.55827995812124,25.94,1,0.822,0,1132,4444.294856650195,4517.161164261666,3,4,4452.805150531621,4,4,72.86630761147171,0.0163954710391095,8.51029388142615,0.0019148805729421,1.0163954710391094,1.001914880572942,0.0126041248440741,0.0129791349172591,104.20792900770904
0,8,0,0.1983252245493152,55.46745529398394,53.06,1,0.9,0,1122,5573.511506182762,5576.782997641887,5,5,5576.782997641887,5,5,3.2714914591251727,0.0005869713295641,3.2714914591251727,0.0005869713295641,1.000586971329564,1.000586971329564,0.0052980110049247,0.0053459778428077,116.52102971822023
1,10,0,0.1753821762351144,48.67332459654541,49.42,1,0.89,0,1130,4465.941184506273,4474.283439710396,4,4,4474.283439710396,4,4,8.342255204122921,0.0018679724742154,8.342255204122921,0.0018679724742154,1.0018679724742154,1.0018679724742154,0.0054796934127806,0.0055005848407744,118.08039266616106
1,30,0,0.1916331027941395,12.20184075246342,12.84,1,0.82,0,1129,4486.10306842975,4488.34265099846,4,4,4488.34265099846,4,4,2.2395825687099205,0.0004992267307611,2.2395825687099205,0.0004992267307611,1.000499226730761,1.000499226730761,0.0476915463805197,0.0477239340543746,100.54973858594894
1,17,0,0.1871808994258146,26.369964764383123,27.02,1,0.858,0,1132,4435.684103092851,4479.405253733914,3,4,4437.463293607975,4,4,43.72115064106311,0.0098566871817084,1.7791905151243554,0.0004011084815268,1.0098566871817083,1.0004011084815267,0.008994661271572,0.0091074556112289,121.86009544879198
0,4,0,0.2276136427366792,93.4524331668222,96.84,1,0.986,0,1126,5518.580126482155,5534.422508914644,4,5,5518.9936785472,5,5,15.842382432489105,0.0028707352379402,0.4135520650452235,7.493812820814189e-05,1.0028707352379402,1.000074938128208,0.00716695189476,0.0073708295822142,189.23343487083912
1,11,0,0.2138206700451522,40.91283696384178,40.64,1,0.862,0,1125,4492.384394066401,4493.372466412026,4,4,4493.372466412026,4,4,0.988072345625369,0.0002199438558575,0.988072345625369,0.0002199438558575,1.0002199438558577,1.0002199438558577,0.00485210865736,0.0049060732126235,103.45201154798268
1,20,0,0.1807934566171176,20.51850975541872,21.28,1,0.816,0,1127,4437.6373329025055,4498.353492954379,3,4,4437.770692944023,4,4,60.716160051873885,0.0136820915043459,0.133360041517335,3.0052037044250493e-05,1.013682091504346,1.0000300520370442,0.0128318518400191,0.0129487067461012,107.90450362861156
0,6,0,0.2150844208343143,77.10612495345725,76.96,1,0.86,0,1131,4428.207858292923,4473.604983939671,3,4,4433.61978363716,4,4,45.397125646747554,0.0102518054932155,5.411925344236806,0.0012221479924664,1.0102518054932157,1.0012221479924663,0.0021646916866301,0.0022825300693511,119.26582138985395
1,10,0,0.233375956653047,45.5103799015145,43.7,1,0.878,0,1125,4476.070567159777,4483.718675114065,4,4,4483.718675114065,4,4,7.648107954288207,0.0017086656341839,7.648107954288207,0.0017086656341839,1.001708665634184,1.001708665634184,0.0062060207128524,0.0062320381402968,109.64159539341928
0,5,0,0.1906882128008518,83.55661361699694,82.78,1,0.806,0,1131,3367.607871104675,3370.7620338747374,3,3,3370.7620338747374,3,3,3.1541627700626123,0.000936618184417,3.1541627700626123,0.000936618184417,1.000936618184417,1.000936618184417,0.0018579587340354,0.001879148185253,85.09612642228603
0,7,0,0.1631930318043774,61.76104070759406,60.44,1,0.826,0,1127,4447.769704283087,4464.854009377576,4,4,4464.854009377576,4,4,17.084305094489537,0.0038410948026463,17.084305094489537,0.0038410948026463,1.0038410948026464,1.0038410948026464,0.0029703974723815,0.0029968619346618,92.28914663940668
0,8,0,0.2066091170357109,54.78507853732199,54.2,1,0.84,0,1125,4460.486356737815,4465.254317984676,4,4,4465.254317984676,4,4,4.7679612468609776,0.0010689330412722,4.7679612468609776,0.0010689330412722,1.0010689330412723,1.0010689330412723,0.0116230398416518,0.0117420628666877,93.6516894698143
1,12,0,0.2028662367209516,35.11113096772694,34.8,1,0.856,0,1120,5576.82559493305,5578.20920303983,5,5,5578.20920303983,5,5,1.3836081067802295,0.0002480995833969,1.3836081067802295,0.0002480995833969,1.0002480995833969,1.0002480995833969,0.0132065862417221,0.0135133117437362,101.13554193079472
0,5,0,0.1487010119637984,92.71478012234508,87.08,1,0.978,0,1129,4484.692053980876,4490.6021117582095,4,4,4490.6021117582095,4,4,5.91005777733335,0.0013178291187434,5.91005777733335,0.0013178291187434,1.0013178291187437,1.0013178291187437,0.0023780837655066,0.0024106428027152,145.66222256422043
0,8,0,0.1965391289873518,60.13329326438317,59.06,1,0.908,0,1127,4445.959716375151,4446.375437860586,4,4,4446.375437860586,4,4,0.4157214854349149,9.350545482986474e-05,0.4157214854349149,9.350545482986474e-05,1.00009350545483,1.00009350545483,0.0040452852845191,0.0040843486785888,119.11578921973704
1,31,0,0.1414903927833971,11.990031423203646,12.8,1,0.814,0,1120,5568.399243397662,5589.515227065898,5,5,5589.515227065898,5,5,21.115983668236368,0.0037921102179002,21.115983668236368,0.0037921102179002,1.0037921102179002,1.0037921102179002,0.0649455562233924,0.06495613604784,102.98822340369225
1,27,0,0.1927266228727011,14.780743364546428,15.02,1,0.804,0,1119,5533.944767552345,5548.508960026747,5,5,5535.886659540168,5,5,14.564192474402262,0.0026317921638462,1.9418919878226009,0.0003509055600281,1.0026317921638463,1.000350905560028,0.0246900171041487,0.0249626487493514,95.37096707522868
1,16,0,0.2099196025651124,22.45966252928391,22.82,1,0.8,0,1120,5575.646990890243,5580.78176971651,5,5,5580.78176971651,5,5,5.134778826267393,0.00092092968487,5.134778826267393,0.00092092968487,1.00092092968487,1.00092092968487,0.0139369294047355,0.0139767974615096,84.87130922079086
1,16,0,0.2003985769442705,24.56205170375604,24.98,1,0.822,0,1125,4464.119604196754,4490.228560194339,4,4,4490.228560194339,4,4,26.108955997584417,0.0058486237629115,26.108955997584417,0.0058486237629115,1.0058486237629116,1.0058486237629116,0.0084256082773207,0.0084445774555205,95.87770684063436
0,5,0,0.2012362169328982,91.83891350333282,92.38,1,0.894,0,1133,4412.1501435011305,4436.787996408428,3,4,4412.75326655374,4,4,24.6378529072972,0.0055840921333077,0.6031230526095896,0.0001366959493656,1.0055840921333077,1.0001366959493656,0.0030266866087912,0.0032174810767172,157.9289614856243
0,7,0,0.178757204538636,59.19247832139333,57.98,1,0.85,0,1128,4435.013044364532,4509.749637810386,3,4,4446.520125689619,4,4,74.73659344585394,0.0168514934901533,11.5070813250868,0.002594599206356,1.0168514934901534,1.002594599206356,0.0024920031428336,0.0026280358433722,101.91787495464088
1,28,0,0.2117756826539768,14.5343638694855,14.6,1,0.814,0,1126,4499.433694976563,4500.729223413203,4,4,4500.729223413203,4,4,1.29552843663987,0.0002879314430361,1.29552843663987,0.0002879314430361,1.0002879314430362,1.0002879314430362,0.0368503481149673,0.0368975475430487,97.2034485116601
0,8,0,0.175817977120143,54.49611573519044,55.6,1,0.81,0,1127,4484.010310289629,4501.75119792238,4,4,4501.75119792238,4,4,17.740887632750855,0.0039564778858871,17.740887632750855,0.0039564778858871,1.0039564778858872,1.0039564778858872,0.0041356980800627,0.0041478350758551,91.81022679805756
0,7,0,0.1939156633093159,65.48898336788037,64.96,1,0.866,0,1131,4400.228536777741,4412.445765988513,3,4,4400.589745258482,4,4,12.21722921077162,0.0027764987906101,0.3612084807409701,8.208857283705559e-05,1.00277649879061,1.000082088572837,0.0027075856924056,0.0028078630566596,494.2920186147094
0,6,0,0.194517901092741,65.17050546014873,65.76,1,0.814,0,1129,4388.558341899883,4428.688761181976,3,4,4388.792493539304,4,4,40.13041928209259,0.0091443285369927,0.2341516394208156,5.335502485753609e-05,1.0091443285369928,1.0000533550248576,0.0022493004798888,0.0023701414465903,2587.8455978557467
0,7,0,0.2071005917159763,16.54625771329542,16.9,0,0.222,0,1128,3148.5226206607817,3166.92628633709,2,3,3166.92628633709,2,3,18.403665676308265,0.0058451749895466,18.403665676308265,0.0058451749895466,1.0058451749895467,1.0058451749895467,0.000851310789585,0.0008397996425627,2.492421597242356
0,3,0,0.244285738445056,40.8892734438864,40.4,0,0.232,0,1124,1075.7493951838796,1075.7493951838796,1,1,1075.7493951838796,1,1,0.0,0.0,0.0,0.0,1.0,1.0,0.0016402751207351,0.0016414895653724,3.368005782365799
0,2,0,0.2272293329340498,87.59499541548266,86.34,0,0.346,0,1123,2150.136337948191,2177.3407373900664,1,2,2150.250066549881,2,2,27.204399441875463,0.0126524067156763,0.1137286016901271,5.2893669895675e-05,1.0126524067156764,1.0000528936698956,0.0006534382700919,0.0007414817810057,9.32449984550476
1,16,0,0.1677329642706224,6.027151186114745,6.02,0,0.202,0,1121,3308.9195010160333,3325.163649048225,3,3,3325.163649048225,3,3,16.244148032191788,0.0049092001262659,16.244148032191788,0.0049092001262659,1.004909200126266,1.004909200126266,0.0030656680464744,0.0031681209802627,2.2911514565348625
0,2,0,0.1817069813538841,69.61199145911897,71.82,0,0.29,0,1119,2124.5158809129416,2129.59087153991,1,2,2124.5158809129416,2,2,5.074990626968429,0.0023887750958056,0.0,0.0,1.0023887750958056,1.0,0.0008930712938307,0.0009680315852164,6.996812373399735
0,1,0,0.2067593750622283,98.54722404353352,102.02,0,0.218,0,1119,1059.1429423527825,1116.1998499530378,0,1,1059.1429423527825,1,1,57.05690760025527,0.0538708283071866,0.0,0.0,1.0538708283071867,1.0,0.0004297122359275,0.0004917457699775,3.11702711135149
0,4,0,0.2037608021402691,25.95884121475082,24.7,0,0.222,0,1133,2139.2319173506485,2168.060590795938,1,2,2141.524727300193,2,2,28.828673445289496,0.0134761795630801,2.292809949544335,0.0010717912026966,1.01347617956308,1.0010717912026967,0.0006239116191863,0.0006161555647849,2.933152385056019
0,2,0,0.1800965361877372,46.72401213189805,46.36,0,0.248,0,1121,1116.0663090428768,1116.0663090428768,1,1,1116.0663090428768,1,1,0.0,0.0,0.0,0.0,1.0,1.0,0.0005399137735365,0.0005406662821768,3.551636815071106
0,2,0,0.1663001233252878,63.77236273680342,65.5,0,0.306,0,1132,2129.4066987413003,2129.4066989543408,1,2,2129.4066989543408,1,2,2.130404936906416e-07,1.0004687869939103e-10,2.130404936906416e-07,1.0004687869939103e-10,1.0000000001000469,1.0000000001000469,0.0004173889756202,0.0004262998700141,5.752691179513931
0,3,0,0.2440504354780416,35.3736845832373,35.36,0,0.224,0,1127,2183.776644132303,2183.776644132303,2,2,2183.776644132303,2,2,0.0,0.0,0.0,0.0,1.0,1.0,0.0008607879281043,0.0008733347058295,2.15750003606081
0,5,0,0.1692662342156045,22.260628163465164,22.68,0,0.206,0,1119,2139.114576336015,2139.114576336019,2,2,2139.114576336019,2,2,4.092726157978177e-12,1.913280477471388e-15,4.092726157978177e-12,1.913280477471388e-15,1.000000000000002,1.000000000000002,0.0012181922793387,0.0012257248163222,1.6058629602193832
0,2,0,0.1889014011064615,95.34143416951927,90.56,0,0.306,0,1119,2105.854823306672,2105.854823306672,1,2,2105.854823306672,1,2,0.0,0.0,0.0,0.0,1.0,1.0,0.0003725290298461,0.0003805384039878,5.91283593326807
0,2,0,0.2367851053974267,81.71584301792794,80.46,0,0.378,0,1130,2129.094879916784,2129.094879916784,1,2,2129.094879916784,1,2,0.0,0.0,0.0,0.0,1.0,1.0,0.000623233616352,0.0006301030516623,21.962767995893955
0,2,0,0.2137756516523007,83.36106666334778,84.44,0,0.31,0,1119,1103.0604312102528,1103.0604312102528,1,1,1103.0604312102528,1,1,0.0,0.0,0.0,0.0,1.0,1.0,0.0005357414484023,0.0005421638488768,6.478209137916565
0,6,0,0.180511391147117,16.80359650418709,16.48,0,0.22,0,1125,2194.48702662071,2202.0633834193445,2,2,2202.0633834193445,2,2,7.576356798634606,0.0034524500289716,7.576356798634606,0.0034524500289716,1.0034524500289717,1.0034524500289717,0.000706486403942,0.0007185116410254,2.115312308073044
0,2,0,0.1940315850017507,66.39441814049209,66.5,0,0.292,0,1129,2148.26876524766,2165.3700330004835,1,2,2148.26876524766,2,2,17.101267752823787,0.00796048801224,0.0,0.0,1.00796048801224,1.0,0.0004326403141021,0.0004972293972968,4.93089384585619
0,4,0,0.1860311077371438,29.64859191291834,31.22,0,0.262,0,1129,2089.938601102277,2139.184746692693,1,2,2098.00545102753,2,2,49.24614559041584,0.0235634413204495,8.066849925252882,0.0038598501989475,1.0235634413204495,1.0038598501989475,0.0007858499884604,0.000865027308464,8.707976758480072
0,2,0,0.2039307103315059,63.34042680935289,64.7,0,0.248,0,1127,1101.0376454439363,1101.0376454439363,1,1,1101.0376454439363,1,1,0.0,0.0,0.0,0.0,1.0,1.0,0.0004123672842978,0.0004194974899291,2.9607050716876984
0,3,0,0.2373384491775404,50.21297945636614,48.88,0,0.228,0,1120,2141.862905875216,2150.7993277133583,1,2,2141.862905875216,2,2,8.93642183814245,0.0041722660276852,0.0,0.0,1.0041722660276853,1.0,0.00047367811203,0.0005426555871963,2.621441788971424
0,3,0,0.1802588127914056,43.15376159100332,43.0,0,0.29,0,1133,2217.1281536843626,2217.1281536843626,2,2,2217.1281536843626,2,2,0.0,0.0,0.0,0.0,1.0,1.0,0.0008090287446975,0.0008192285895347,4.47758773714304
0,2,0,0.1901605486273722,93.5972538161639,94.2,0,0.37,0,1122,2207.367666145013,2218.047815230201,2,2,2208.045730144356,2,2,10.680149085188075,0.0048384096809029,0.6780639993430668,0.0003071821743802,1.0048384096809029,1.0003071821743803,0.0004187151789664,0.0004968717694282,9.576485842466354
0,2,0,0.1853020972984061,76.84358822761688,79.22,0,0.292,0,1133,1107.7575116027656,1107.7575116027656,1,1,1107.7575116027656,1,1,0.0,0.0,0.0,0.0,1.0,1.0,0.0003308281302452,0.0003695935010909,5.079969592392445
0,2,0,0.1985234027308349,61.2237073487408,63.14,0,0.262,0,1120,1092.5278868664248,1092.527886866425,1,1,1092.527886866425,1,1,2.273736754432321e-13,2.081170450443901e-16,2.273736754432321e-13,2.081170450443901e-16,1.0000000000000002,1.0000000000000002,0.000344194471836,0.0003614425659179,3.4001540169119835
0,6,0,0.2113459875546122,15.55240592073775,15.7,0,0.226,0,1122,3267.467180979509,3267.467180979509,3,3,3267.467180979509,3,3,0.0,0.0,0.0,0.0,1.0,1.0,0.0007519349455832,0.0007671192288397,2.190195977687836
0,2,0,0.2082104809349815,62.058987006406674,65.94,0,0.204,0,1123,1094.9554383374502,1094.9554383374502,1,1,1094.9554383374502,1,1,0.0,0.0,0.0,0.0,1.0,1.0,0.0005482360720634,0.0005541071295738,1.8110538646578789
0,3,0,0.1919679037822007,37.531194032684326,35.74,0,0.22,0,1125,2211.8973895414733,2211.8973895414733,2,2,2211.8973895414733,2,2,0.0,0.0,0.0,0.0,1.0,1.0,0.0009746700525283,0.0009913444519042,2.134616501629353
0,3,0,0.1722914566899391,44.36223800203878,44.48,0,0.252,0,1127,2141.549625767202,2164.384821317406,1,2,2141.8303174101443,2,2,22.83519555020393,0.0106629308401029,0.2806916429422017,0.0001310694086024,1.010662930840103,1.0001310694086023,0.0007193833589553,0.0007787719368934,3.1298498660326004
0,4,0,0.1821584954735431,21.31324743869495,22.16,0,0.208,0,1132,2105.7042318533395,2105.7042318533395,1,2,2105.7042318533395,1,2,0.0,0.0,0.0,0.0,1.0,1.0,0.0004960224032401,0.0005018934607505,2.2393416464328766
0,2,0,0.1858600057884435,89.36226074699006,88.98,0,0.386,0,1133,1132.6768796693927,1132.6768796693927,1,1,1132.6768796693927,1,1,0.0,0.0,0.0,0.0,1.0,1.0,0.0003443583846091,0.000349812209606,12.4124146848917
0,1,0,0.197609481680849,96.03056002011388,96.22,0,0.208,0,1132,1056.0220060144857,1110.3455288635569,0,1,1056.0220060144857,1,1,54.3235228490712,0.0514416579765157,0.0,0.0,1.0514416579765158,1.0,0.0004144310951232,0.0004744306206702,3.5038787499070168
0,2,0,0.1667164743197022,75.58785674263503,78.92,0,0.274,0,1127,2115.160543909753,2115.160543909753,1,2,2115.160543909753,1,2,0.0,0.0,0.0,0.0,1.0,1.0,0.0006542652845382,0.0006626322865486,4.60360112786293
0,4,0,0.1707010574947315,33.151399261357696,34.28,0,0.242,0,1132,2125.778993265154,2140.425413726113,1,2,2125.7789932651567,2,2,14.646420460959234,0.0068899074209321,2.7284841053187847e-12,1.283522000152936e-15,1.006889907420932,1.000000000000001,0.0006127282977103,0.0007188543677329,3.791750393807888
0,9,0,0.1742383219563378,11.881140252793628,11.92,0,0.2,0,1120,3272.4164196106844,3276.865758282205,3,3,3275.187971257026,3,3,4.449338671520764,0.0013596492930597,2.771551646341777,0.0008469434481909,1.0013596492930597,1.000846943448191,0.0024073347449302,0.0024965330958365,1.6967113316059113
0,4,0,0.190804944038935,24.1241922099566,24.82,0,0.202,0,1132,2171.9940032800546,2173.4298793585413,1,2,2173.4298793585413,1,2,1.4358760784866718,0.0006610865758921,1.4358760784866718,0.0006610865758921,1.000661086575892,1.000661086575892,0.0004910081624984,0.0004980340600013,1.9151700288057327
0,3,0,0.2064092246060067,54.398536146132805,52.54,0,0.284,0,1129,2156.142622580024,2183.1156326453347,1,2,2156.142622795737,2,2,26.973010065310973,0.0125098450273364,2.1571349861915226e-07,1.0004602495220427e-10,1.0125098450273364,1.000000000100046,0.001116208732128,0.0011976584792135,6.202678315341473
0,3,0,0.1952692518458997,36.68188407882124,37.3,0,0.208,0,1123,1122.583059087197,1122.583059087197,1,1,1122.583059087197,1,1,0.0,0.0,0.0,0.0,1.0,1.0,0.0006354227662085,0.000641569495201,2.3427445366978645
1,11,0,0.2195755943665594,9.690815346217072,9.56,0,0.218,0,1119,3194.211613908623,3227.9493394131428,2,3,3197.9915580923425,3,3,33.73772550451986,0.0105621447738825,3.779944183719636,0.0011833731263328,1.0105621447738826,1.0011833731263329,0.0020611956715583,0.0021708607673644,3.293298900127411
0,3,0,0.1903639832420146,55.186571782331015,56.1,0,0.286,0,1123,2091.411373814809,2096.406373879808,1,2,2091.411373814809,2,2,4.995000064999204,0.0023883393422921,0.0,0.0,1.002388339342292,1.0,0.000667668879032,0.0007578283548354,8.932094544172287
0,1,0,0.1882849251523282,92.03578521145997,89.8,0,0.234,0,1122,1068.723255995097,1121.6259879416632,1,1,1069.1971206782218,1,1,52.90273194656629,0.0495008709221997,0.4738646831249298,0.0004433932549579,1.0495008709221998,1.000443393254958,0.0005495026707648,0.0006808340549468,4.098149970173836
0,2,0,0.1824795082552108,90.92181866498449,94.04,0,0.318,0,1123,1096.6004608357666,1096.6004608357666,1,1,1096.6004608357666,1,1,0.0,0.0,0.0,0.0,1.0,1.0,0.0005259588360785,0.0005584135651587,6.796115212142468
0,5,0,0.2307638713418779,23.832595628996856,23.72,0,0.248,0,1125,3237.7679479243016,3257.549967168259,2,3,3246.009556971067,3,3,19.78201924395762,0.0061097705462924,8.241609046765461,0.0025454600759912,1.0061097705462925,1.002545460075991,0.0007030293345451,0.0007922053337097,3.23393052816391
0,3,0,0.1645683580840226,47.06740612592137,47.54,0,0.308,0,1121,2189.991946944153,2189.991946944153,2,2,2189.991946944153,2,2,0.0,0.0,0.0,0.0,1.0,1.0,0.0005192235112189,0.0005318224430083,5.36616175621748
0,2,0,0.1785611672131563,76.03877370963887,74.64,0,0.3,0,1121,2131.9397582028328,2134.838557256552,1,2,2134.838557256552,1,2,2.898799053719358,0.0013597002647781,2.898799053719358,0.0013597002647781,1.001359700264778,1.001359700264778,0.0004159659147262,0.0004145428538322,6.159103728830814
0,4,0,0.2028495787518814,33.49951140156854,31.06,0,0.248,0,1133,2109.393120540833,2124.913397685388,1,2,2109.393120540833,2,2,15.520277144555166,0.0073576978105322,0.0,0.0,1.0073576978105323,1.0,0.000483639538288,0.0005600750446317,3.0972993448376656
0,3,0,0.2144374967313397,60.723142562228816,60.46,0,0.322,0,1131,2148.640465315107,2177.1187878979854,1,2,2148.640465315107,2,2,28.478322582878263,0.0132541125621506,0.0,0.0,1.0132541125621506,1.0,0.0005423799157141,0.0006102547049521,6.125415593385696
0,2,0,0.1784891805117211,80.29995505720868,75.46,0,0.324,0,1131,1095.1935964839754,1109.4111670376446,1,1,1109.4111670376446,1,1,14.217570553669248,0.012981787511645,14.217570553669248,0.012981787511645,1.012981787511645,1.012981787511645,0.0006666556000709,0.000673048198223,9.61059568822384
0,4,0,0.2104165738014536,22.73656951551128,21.92,0,0.2,0,1131,1069.460986801446,1089.6931655806532,1,1,1089.6931655806532,1,1,20.23217877920706,0.0189181083077351,20.23217877920706,0.0189181083077351,1.0189181083077352,1.0189181083077352,0.0007546469569206,0.000761903822422,2.623377799987793
0,1,0,0.1991694021233475,91.53377308398592,94.02,0,0.202,0,1132,1055.3825096128885,1107.80036173723,0,1,1055.3825096128885,1,1,52.41785212434161,0.0496671601498951,0.0,0.0,1.0496671601498953,1.0,0.0006438717246055,0.0007193535566329,3.2485914528369904
0,2,0,0.20260423094236,87.44700896608316,85.76,0,0.382,0,1119,2195.778400969069,2202.975571229876,2,2,2202.975571229876,2,2,7.19717026080707,0.0032777306934209,7.19717026080707,0.0032777306934209,1.0032777306934209,1.0032777306934209,0.0005009844899177,0.0005809813737868,10.361039601266384
1,10,0,0.1863087578660914,10.41405567332109,10.66,0,0.202,0,1128,3215.191305969128,3231.122753190725,2,3,3220.643329057581,3,3,15.931447221596954,0.0049550542115548,5.452023088453188,0.0016957072129211,1.0049550542115548,1.0016957072129211,0.0022473633289336,0.0023436322808265,1.9948108568787573
0,3,0,0.1933310249169666,46.20819884622908,45.6,0,0.234,0,1123,2172.944261067121,2172.944261067157,2,2,2172.944261067157,2,2,3.637978807091713e-11,1.674216348883759e-14,3.637978807091713e-11,1.674216348883759e-14,1.0000000000000169,1.0000000000000169,0.0008192360401152,0.0007761269807814,2.491183862090111
0,1,0,0.1677070564563953,88.34883502721438,90.58,0,0.216,0,1119,1058.5188675883808,1114.8543359756154,0,1,1058.5188675883808,1,1,56.33546838723464,0.0532210337597321,0.0,0.0,1.053221033759732,1.0,0.0004258528351783,0.0004784241318702,3.0610988438129425
0,4,0,0.1474017036675992,29.4232691580136,30.66,0,0.25,0,1129,2175.1338182966656,2175.1338182966656,2,2,2175.1338182966656,2,2,0.0,0.0,0.0,0.0,1.0,1.0,0.0005095675587653,0.0005235224962233,2.904502414166928
0,3,0,0.1790447302204301,41.10050765279167,40.48,0,0.258,0,1129,2176.4719409364234,2182.278047809196,2,2,2182.278047809196,2,2,5.806106872772489,0.0026676690673413,5.806106872772489,0.0026676690673413,1.0026676690673413,1.0026676690673413,0.0008656308054923,0.0008903816342353,4.127458214759827
0,6,0,0.2280782910322901,19.567550224322595,18.98,0,0.23,0,1129,2197.414746596462,2213.450681083025,2,2,2213.450681083025,2,2,16.035934486562837,0.007297636693938,16.035934486562837,0.007297636693938,1.007297636693938,1.007297636693938,0.0007099509239196,0.0007207840681075,2.537642724812031
0,2,0,0.1963146711072151,77.20654907168736,76.72,0,0.314,0,1131,2145.922354312762,2160.403422606205,1,2,2145.922354527456,2,2,14.48106829344306,0.0067481790589206,2.146939550584648e-07,1.0004740135493912e-10,1.0067481790589206,1.0000000001000473,0.0006799325346945,0.0007443502545355,7.709682881832123
0,2,0,0.1831311299991808,90.51296352369242,91.82,0,0.384,0,1132,1115.2469783723286,1115.2469783723286,1,1,1115.2469783723286,1,1,0.0,0.0,0.0,0.0,1.0,1.0,0.0005917400121688,0.0006681457161902,11.101494438946249
0,5,0,0.1778270308550691,20.181702361061404,20.4,0,0.216,0,1125,2123.240524609927,2123.240524609927,2,2,2123.240524609927,2,2,0.0,0.0,0.0,0.0,1.0,1.0,0.0011422112584113,0.001140534877777,2.232007846236229
0,3,0,0.2049640030621836,41.83524148361733,42.48,0,0.254,0,1121,1086.493465468863,1110.1575950708873,1,1,1110.1575950708873,1,1,23.66412960202433,0.0217802778885672,23.66412960202433,0.0217802778885672,1.0217802778885674,1.0217802778885674,0.0006733834743499,0.0006789788603781,5.414664752781391
0,2,0,0.21349990705394,60.04747405140992,59.1,0,0.202,0,1129,1083.8075462318825,1083.8075462318825,1,1,1083.8075462318825,1,1,0.0,0.0,0.0,0.0,1.0,1.0,0.0003290772438048,0.0003320351243018,1.7753262594342232
0,2,0,0.1807554464740262,71.8771627060226,71.08,0,0.324,0,1133,2199.6547859318325,2204.6060054237537,2,2,2204.6060054237537,2,2,4.951219491921165,0.0022509075167554,4.951219491921165,0.0022509075167554,1.0022509075167556,1.0022509075167556,0.0004905238747596,0.0005229786038398,6.64303345233202
0,4,0,0.1906937623468316,41.485926479700325,40.68,0,0.29,0,1131,2133.4930323325148,2138.484906364356,1,2,2133.4930323325148,2,2,4.991874031841235,0.0023397658001177,0.0,0.0,1.002339765800118,1.0,0.000458888709545,0.0005486160516738,4.974592991173267
0,2,0,0.2009970979958388,64.28530296595449,63.7,0,0.234,0,1125,1086.3262981120151,1086.3262981120151,1,1,1086.3262981120151,1,1,0.0,0.0,0.0,0.0,1.0,1.0,0.0006253570318221,0.000621698796749,2.5602392479777336
0,2,0,0.2438231925563995,47.880667135739465,46.08,0,0.236,0,1133,1099.917565962811,1099.917565962811,1,1,1099.917565962811,1,1,0.0,0.0,0.0,0.0,1.0,1.0,0.0003094524145126,0.0003078058362007,2.8672289550304413
0,2,0,0.1751957477357008,62.61560361757047,63.64,0,0.25,0,1128,1109.6506700281325,1109.6506700281325,1,1,1109.6506700281325,1,1,0.0,0.0,0.0,0.0,1.0,1.0,0.0006566643714904,0.0006651580333709,3.477895602583885
0,3,0,0.1911749037927298,64.00212110851908,64.6,0,0.35,0,1133,2221.7582627320244,2221.7582627320244,2,2,2221.7582627320244,2,2,0.0,0.0,0.0,0.0,1.0,1.0,0.0004865154623984,0.0004975646734237,8.849159605801105
0,4,0,0.2006715594451255,26.967243363503,25.94,0,0.222,0,1119,2101.8434453040545,2116.783846066693,1,2,2111.226627481363,2,2,14.940400762638546,0.0071082367223964,9.3831821773083,0.0044642631202015,1.0071082367223965,1.0044642631202017,0.0004919916391372,0.0005615279078482,2.484685495495796
0,2,0,0.2075961319532927,87.5402386218266,86.34,0,0.362,0,1132,2150.6855971172704,2154.015220422658,1,2,2150.685597332439,2,2,3.3296233053874857,0.0015481683189074,2.1516871129279025e-07,1.0004656728124158e-10,1.0015481683189074,1.0000000001000466,0.0003641545772552,0.0004272907972335,11.91857384890318
0,3,0,0.2175943239754487,41.094570671031576,41.28,0,0.242,0,1120,1096.4620150800786,1096.4620150800786,1,1,1096.4620150800786,1,1,0.0,0.0,0.0,0.0,1.0,1.0,0.0009087473154067,0.0009186267852783,3.1507546231150627
0,5,0,0.2218614480936291,19.0840543342706,19.18,0,0.2,0,1120,2164.6826681015614,2179.467113559356,2,2,2179.467113559356,2,2,14.78444545779439,0.0068298442426022,14.78444545779439,0.0068298442426022,1.0068298442426022,1.0068298442426022,0.0005063191056251,0.0005163922905921,1.6232529655098915
0,2,0,0.1670381679354167,84.24671181625136,84.32,0,0.334,0,1129,2187.7099249290945,2212.481331841422,1,2,2187.7099249290945,2,2,24.77140691232762,0.0113229851133625,0.0,0.0,1.0113229851133625,1.0,0.0004216358065604,0.0005120635032652,7.486171074211597
0,6,0,0.1940134313414228,20.86287338146913,20.52,0,0.23,0,1122,2162.73505191043,2162.73505191043,2,2,2162.73505191043,2,2,0.0,0.0,0.0,0.0,1.0,1.0,0.0014779418706893,0.0014868602156638,3.1642907336354256
0,2,0,0.1956748036587933,85.27323465423842,87.58,0,0.37,0,1130,3267.8635849607185,3267.907561887768,2,3,3267.907561887768,2,3,0.0439769270496981,1.3457393770072798e-05,0.0439769270496981,1.3457393770072798e-05,1.00001345739377,1.00001345739377,0.0007846429944038,0.000815637409687,10.919271223247051
0,6,0,0.1782178217821782,20.63968334343016,20.2,0,0.23,0,1123,2159.742648968044,2159.742648968044,2,2,2159.742648968044,2,2,0.0,0.0,0.0,0.0,1.0,1.0,0.0012600123882293,0.0012707933783531,2.498509243130684
0,3,0,0.1820599094540177,48.00796048851947,47.92,0,0.25,0,1131,1117.515223614349,1117.515223614349,1,1,1117.515223614349,1,1,0.0,0.0,0.0,0.0,1.0,1.0,0.0009873807430266,0.0010425075888633,4.581773765385151
0,2,0,0.2019718680248413,90.7965472039222,92.88,0,0.344,0,1124,2168.481362224181,2185.478723423005,1,2,2168.481362224181,2,2,16.99736119882391,0.0078383708962985,0.0,0.0,1.0078383708962986,1.0,0.0004657432436942,0.0006344243884086,9.176808625459673
0,2,0,0.2002733757539375,83.38324868817939,83.78,0,0.296,0,1124,1096.7670726175738,1096.7670726175738,1,1,1096.7670726175738,1,1,0.0,0.0,0.0,0.0,1.0,1.0,0.000524841248989,0.0005347058176993,4.863569922745228
1,10,0,0.2097401480528118,10.801030583088531,10.5,0,0.206,0,1129,3226.506396256377,3287.1182778072416,2,3,3238.8523148460035,3,3,60.61188155086484,0.0187856071263925,12.345918589626764,0.0038264044986711,1.0187856071263923,1.003826404498671,0.0018194019794463,0.0019298121333121,2.5094787180423737
0,2,0,0.2080562866951747,91.0040126236373,89.34,0,0.356,0,1131,1117.4116125585597,1117.4116125585597,1,1,1117.4116125585597,1,1,0.0,0.0,0.0,0.0,1.0,1.0,0.0007478445768355,0.0007579326629637,10.45950972288847
0,2,0,0.1899379060726565,85.20406801960189,87.5,0,0.384,0,1131,1122.926703665976,1122.926703665976,1,1,1122.926703665976,1,1,0.0,0.0,0.0,0.0,1.0,1.0,0.0006036311388015,0.0006070062518119,11.94113513082266
0,2,0,0.1903352585743587,71.84591873544989,70.56,0,0.264,0,1131,1084.8274793295109,1084.8274793295104,1,1,1084.8274793295104,1,1,-4.547473508864641e-13,-4.1918863556768084e-16,-4.547473508864641e-13,-4.1918863556768084e-16,0.9999999999999996,0.9999999999999996,0.0003719478845595,0.000378593802452,4.836609169840813
0,2,0,0.1585721684432066,56.50493726201682,59.8,0,0.27,0,1130,1087.2022634375496,1087.2022634375494,1,1,1087.2022634375494,1,1,-2.273736754432321e-13,-2.091364993339096e-16,-2.273736754432321e-13,-2.091364993339096e-16,0.9999999999999998,0.9999999999999998,0.0005206540226935,0.0005275011062621,4.708978243172169
1,15,0,0.1814618189498079,6.474319828246463,6.54,0,0.2,0,1133,3228.639203556446,3260.0015442079366,2,3,3239.064296753341,3,3,31.36234065149074,0.0097137954023924,10.425093196894975,0.0032289433843866,1.0097137954023925,1.0032289433843866,0.004039205610752,0.0041985064744948,2.210830271244049
1,11,0,0.2274881516587678,8.504361877309258,8.44,0,0.204,0,1132,3253.9404249371028,3263.077671846844,2,3,3257.484724550048,3,3,9.137246909741409,0.0028080559925795,3.5442996129449966,0.0010892330989782,1.0028080559925796,1.0010892330989782,0.0013589337468146,0.0014513358473777,2.285555310547352
0,5,0,0.1961437490153459,22.56996725194292,23.14,0,0.216,0,1130,2182.269141175419,2182.269141175423,2,2,2182.269141175423,2,2,4.092726157978177e-12,1.8754451871934287e-15,4.092726157978177e-12,1.8754451871934287e-15,1.0000000000000018,1.0000000000000018,0.0009655430912971,0.0009766593575477,2.010326482355594
0,2,0,0.1661471751615335,55.22948617447918,58.28,0,0.252,0,1122,1080.8250117777193,1080.8250117777193,1,1,1080.8250117777193,1,1,0.0,0.0,0.0,0.0,1.0,1.0,0.000672049820423,0.000683583319187,5.110739216208458
0,4,0,0.218187831122571,24.01487965625663,24.1,0,0.214,0,1125,2183.15533118174,2183.15533118174,2,2,2183.15533118174,2,2,4.547473508864641e-13,2.082982114883735e-16,4.547473508864641e-13,2.082982114883735e-16,1.0000000000000002,1.0000000000000002,0.000867150723934,0.0008818805217741,1.6777408346533775
0,4,0,0.1800127555299947,27.88200909787866,27.42,0,0.21,0,1133,2153.3006293127705,2173.9986928229864,1,2,2154.4787352744097,2,2,20.69806351021589,0.0096122497845652,1.1781059616391758,0.0005471163411191,1.0096122497845652,1.0005471163411193,0.0010934844613074,0.001238353550434,2.374069385230541
0,2,0,0.1976677330754001,58.31204222124096,58.0,0,0.248,0,1126,2141.809309125169,2157.484975730625,1,2,2141.809309125171,2,2,15.675666605456172,0.0073188899397673,1.8189894035458565e-12,8.492770088336345e-16,1.0073188899397674,1.0000000000000009,0.0006398335099219,0.0006934255361556,3.533909685909748
0,6,0,0.188108354951459,18.497922580671087,18.3,0,0.214,0,1123,3190.9184815600893,3247.110349013989,2,3,3210.3932476115733,3,3,56.1918674538997,0.0176099351263986,19.47476605148404,0.0061031850747758,1.0176099351263987,1.006103185074776,0.0012660473585128,0.001355119049549,2.068484976887703
1,14,0,0.1903344880875377,7.4095018785857745,7.18,0,0.204,0,1124,3319.786999649764,3339.7208892665512,3,3,3339.7208892665512,3,3,19.933889616787383,0.0060045688530289,19.933889616787383,0.0060045688530289,1.006004568853029,1.006004568853029,0.005341351032257,0.0053573474287986,2.0519184097647667
0,3,0,0.1999533695621565,54.45366766203704,54.04,0,0.276,0,1126,2217.900219608241,2243.804837433145,2,2,2243.804837433145,2,2,25.904617824904108,0.0116797940664254,25.904617824904108,0.0116797940664254,1.0116797940664255,1.0116797940664255,0.0005099028348922,0.0005278587341308,4.965271048247814
0,2,0,0.2338068896239658,86.24539315352648,84.26,0,0.31,0,1127,1107.458511411044,1107.4585114110437,1,1,1107.4585114110437,1,1,-2.273736754432321e-13,-2.0531123568099078e-16,-2.273736754432321e-13,-2.0531123568099078e-16,0.9999999999999998,0.9999999999999998,0.000333659350872,0.000339925289154,5.6167537197470665
0,9,0,0.1939339658324722,10.109687466883605,10.42,0,0.206,0,1122,2226.6693764964684,2230.2817604625056,2,2,2230.2817604625056,2,2,3.612383966037214,0.001622326154106,3.612383966037214,0.001622326154106,1.001622326154106,1.001622326154106,0.0011831820011138,0.0012648180127143,2.027218922972679
0,2,0,0.1747912555015916,98.95015268120063,101.56,0,0.432,0,1120,2140.968866735951,2161.2387919138805,1,2,2140.968866735951,2,2,20.269925177929508,0.0094676412594604,0.0,0.0,1.0094676412594603,1.0,0.0012810975313185,0.001376450061798,31.97053988277912
0,2,0,0.1931489810104299,74.28973973154152,74.9,0,0.27,0,1123,2134.340283408854,2145.746980565873,1,2,2134.3402834088665,2,2,11.406697157019153,0.0053443667093238,1.2732925824820995e-11,5.965743102821753e-15,1.0053443667093238,1.000000000000006,0.0006170719861984,0.0006818771362304,4.122540645301342
1,19,0,0.2099474508032079,5.866697334476812,5.76,0,0.2,0,1126,3322.798273999457,3322.9796834808767,3,3,3322.9796834808767,3,3,0.1814094814199052,5.459539414096098e-05,0.1814094814199052,5.459539414096098e-05,1.0000545953941409,1.0000545953941409,0.0081075802445411,0.0081209540367126,2.109347350895405
0,2,0,0.1962745534924173,76.75595049010664,79.08,0,0.408,0,1120,2196.2819301350773,2221.4310700982,2,2,2221.4310700982,2,2,25.149139963122707,0.011450779436853,25.149139963122707,0.011450779436853,1.011450779436853,1.011450779436853,0.0008991956710815,0.0009183660149574,13.806489288806915
0,5,0,0.2261556642662699,25.02526321895887,25.2,0,0.22,0,1124,2131.8486490636205,2186.326828401344,1,2,2143.261739282407,2,2,54.4781793377233,0.0255544310622857,11.413090218786238,0.0053536118634872,1.0255544310622855,1.0053536118634872,0.0005241334438323,0.0006008371710776,2.165927045047283
0,2,0,0.2063812545979727,61.15802787512454,58.58,0,0.254,0,1127,1085.3747412646542,1085.3747412646542,1,1,1085.3747412646542,1,1,0.0,0.0,0.0,0.0,1.0,1.0,0.0006934851408003,0.000702917575836,4.165566928684712
0,2,0,0.1954893326472752,62.90714243593229,60.74,0,0.218,0,1122,1104.313774021976,1104.313774021976,1,1,1104.313774021976,1,1,0.0,0.0,0.0,0.0,1.0,1.0,0.0003985986113547,0.0004073604941367,2.4952688068151474
0,3,0,0.1764773988343387,50.34730624420348,49.48,0,0.26,0,1122,1116.301895345793,1116.301895345793,1,1,1116.301895345793,1,1,0.0,0.0,0.0,0.0,1.0,1.0,0.0015816837549209,0.00158953666687,4.166081294417381
1,11,0,0.2057449753893377,8.91798930194134,8.96,0,0.208,0,1125,3213.2960942071204,3245.3261784887927,2,3,3225.1623433613413,3,3,32.03008428167232,0.0099679840707539,11.866249154220895,0.0036928589231515,1.0099679840707538,1.0036928589231515,0.0017465576529502,0.0018422678112983,2.0612750202417374
0,4,0,0.1833067539638667,35.50546251722055,34.74,0,0.282,0,1119,2132.165801162476,2214.209229785716,1,2,2167.1622816347403,2,2,82.04342862324029,0.038478915935388,34.996480472264466,0.0164135830586833,1.038478915935388,1.0164135830586831,0.0009619072079657,0.0010493174195288,5.330432943999767
0,2,0,0.1997883084621497,68.23285509058414,70.32,0,0.276,0,1121,1114.6643422203174,1114.6643422203174,1,1,1114.6643422203174,1,1,0.0,0.0,0.0,0.0,1.0,1.0,0.0003191456198691,0.0003251582384108,5.011749871075153
0,6,0,0.2347869083534997,15.890012352422575,15.48,0,0.212,0,1131,1129.0280032539936,1129.0280032539936,1,1,1129.0280032539936,1,1,0.0,0.0,0.0,0.0,1.0,1.0,0.0011754259467124,0.0012241601943968,2.7203886285424232
0,2,0,0.2022761653229429,65.58293960248133,63.64,0,0.312,0,1131,1094.6244590599708,1094.6244590599706,1,1,1094.6244590599706,1,1,-2.273736754432321e-13,-2.0771843124946563e-16,-2.273736754432321e-13,-2.0771843124946563e-16,0.9999999999999998,0.9999999999999998,0.0003305748105048,0.0003344416618346,8.836725577712059
0,2,0,0.232924127416537,88.19129986209425,87.96,0,0.324,0,1124,2159.494456986198,2193.425655043025,1,2,2159.494456986198,2,2,33.931198056826815,0.0157125654789507,0.0,0.0,1.0157125654789507,1.0,0.0008688494563102,0.0009634643793106,8.146204821765423
0,1,0,0.2100292185422669,99.26325333307348,99.8,0,0.252,0,1127,1073.4073370004546,1126.058577977414,1,1,1126.058577977414,1,1,52.65124097695934,0.0490505693058599,52.65124097695934,0.0490505693058599,1.0490505693058598,1.0490505693058598,0.0005252584815024,0.0004939958453177,5.40195818990469
0,3,0,0.1813872666344577,47.71657468037225,47.96,0,0.254,0,1133,2117.276298079088,2117.276298079088,1,2,2117.276298079088,1,2,0.0,0.0,0.0,0.0,1.0,1.0,0.0019930601119994,0.0019958615303038,4.268567115068436
1,11,0,0.2038777847792194,10.782057363501934,10.18,0,0.212,0,1130,3242.559685128172,3369.1962502610977,2,3,3309.352892730132,3,3,126.63656513292564,0.0390545055234411,66.79320760196015,0.0205989138483105,1.039054505523441,1.0205989138483105,0.0020550563931464,0.0021549314260481,2.662544146180153
0,3,0,0.2163809924766039,39.07088914697822,38.34,0,0.24,0,1121,2191.5258112780703,2191.5258112780703,2,2,2191.5258112780703,2,2,0.0,0.0,0.0,0.0,1.0,1.0,0.000535525381565,0.0005468577146529,2.5239861458539963
0,2,0,0.2359268379571006,84.45885163467109,81.58,0,0.358,0,1124,2173.546229013438,2208.1108109596244,1,2,2173.5462290134383,2,2,34.564581946186536,0.0159023909796826,4.547473508864641e-13,2.092190839174705e-16,1.0159023909796827,1.0000000000000002,0.0007013455033301,0.0008773058652877,11.534776635468006
0,8,0,0.2184192911927847,11.959506696402766,11.4,0,0.204,0,1121,3305.5792252107285,3310.6529117872387,3,3,3310.6529117872387,3,3,5.073686576510227,0.0015348857887944,5.073686576510227,0.0015348857887944,1.0015348857887945,1.0015348857887945,0.0015957057476043,0.0016114488244056,2.1459004878997803
0,6,0,0.2043862839510689,19.407707102090384,18.92,0,0.212,0,1130,2113.058644524493,2161.824751610792,1,2,2127.8037100259608,2,2,48.76610708629914,0.0230784447051033,14.745065501467709,0.0069780673336616,1.0230784447051031,1.0069780673336617,0.0011786594986915,0.0012911856174467,2.318810053169728
0,2,0,0.2424582671956947,53.07208374241669,52.84,0,0.208,0,1124,1113.1089652058197,1113.1089652058197,1,1,1113.1089652058197,1,1,0.0,0.0,0.0,0.0,1.0,1.0,0.0005550459027289,0.0005918741226195,2.0393847301602364
0,4,0,0.1592005383447871,34.17534887966243,35.04,0,0.248,0,1133,3178.575856432175,3219.1273591926465,2,3,3215.4463375623136,3,3,40.55150276047152,0.0127577583773599,36.87048113013861,0.0115996857698165,1.01275775837736,1.0115996857698164,0.0007274225354194,0.0008065700531005,2.887512445449829
0,3,0,0.1967616483511785,42.87980046622778,41.92,0,0.222,0,1125,1063.580668749817,1123.789206402516,0,1,1063.580668749817,1,1,60.20853765269885,0.0566092816668723,0.0,0.0,1.0566092816668724,1.0,0.0006769597530364,0.0007388740777969,3.522145919501781
0,8,0,0.1830764541453723,12.816212571636251,13.2,0,0.226,0,1132,2171.2010657084984,2181.482316141495,2,2,2181.482316141495,2,2,10.281250432996783,0.0047352825103933,10.281250432996783,0.0047352825103933,1.0047352825103932,1.0047352825103932,0.001456469297409,0.0014665871858596,2.628288649022579
0,2,0,0.215357326225843,69.92070821273317,69.72,0,0.26,0,1130,2174.029547008654,2180.160863135592,1,2,2174.0295470086576,2,2,6.131316126938145,0.0028202542763848,3.637978807091713e-12,1.6733805720797922e-15,1.0028202542763849,1.0000000000000018,0.0004527643322944,0.000517264008522,3.762350723147392
0,3,0,0.205620904856961,43.91589299545076,43.98,0,0.27,0,1129,2095.535849450119,2122.094727794361,1,2,2095.53584945012,2,2,26.558878344242203,0.0126740271951021,1.3642420526593924e-12,6.510230082760827e-16,1.012674027195102,1.0000000000000009,0.0008844658732413,0.0009639412164687,5.720729164779186
0,4,0,0.1771653987012666,28.95522065143264,29.26,0,0.23,0,1120,2101.8639919902853,2121.604295894437,1,2,2101.8639919902853,2,2,19.740303904151915,0.0093918084040535,0.0,0.0,1.0093918084040536,1.0,0.0018365085124969,0.001939371228218,5.665968887507916
0,2,0,0.2154041902576753,81.71057015904093,80.2,0,0.326,0,1130,1107.3316708852471,1107.3316708852471,1,1,1107.3316708852471,1,1,0.0,0.0,0.0,0.0,1.0,1.0,0.0005988851189612,0.0006040409207343,8.371067382395267
0,5,0,0.2057782169137759,20.71845932252341,20.8,0,0.218,0,1120,2156.2091001630374,2164.2413883040435,2,2,2164.2413883040435,2,2,8.03228814100612,0.0037251897974082,8.03228814100612,0.0037251897974082,1.0037251897974082,1.0037251897974082,0.0006481781601905,0.0006601661443709,2.487481817603112
0,2,0,0.21963484429697,65.62253366415639,63.2,0,0.252,0,1126,1120.2733998107633,1120.2733998107633,1,1,1120.2733998107633,1,1,0.0,0.0,0.0,0.0,1.0,1.0,0.0016508400440215,0.0016945078969001,3.1763078421354294
1,15,0,0.2435311119565071,7.617652384437896,7.22,0,0.22,0,1122,3308.740018339594,3321.8121324325566,3,3,3321.8121324325566,3,3,13.072114092962693,0.0039507830837439,13.072114092962693,0.0039507830837439,1.003950783083744,1.003950783083744,0.0054565221071242,0.0054816082119941,2.6531210839748383
0,4,0,0.1895865973667966,28.593943488017484,28.6,0,0.23,0,1125,2201.7205960739466,2201.72059607396,2,2,2201.72059607396,2,2,1.3642420526593924e-11,6.196254216325518e-15,1.3642420526593924e-11,6.196254216325518e-15,1.0000000000000062,1.0000000000000062,0.0005035176873207,0.0005139335989952,2.4656938686966896
0,4,0,0.1728211878177999,27.86414783130752,28.42,0,0.228,0,1131,2126.498137455681,2135.8415051735933,1,2,2132.5271973193658,2,2,9.343367717912315,0.0043937812845166,6.029059863684779,0.0028352058050229,1.0043937812845167,1.002835205805023,0.0007187202572821,0.0007906183600424,2.842171370983124
0,2,0,0.2468181316412286,76.93653428933567,74.82,0,0.246,0,1133,1094.0514315792298,1094.0514315792298,1,1,1094.0514315792298,1,1,0.0,0.0,0.0,0.0,1.0,1.0,0.0003626868128775,0.0003692433238028,3.2159144282341003
0,7,0,0.1966463971896797,17.148784950273267,17.14,0,0.224,0,1119,4342.04950294432,4396.565464704099,3,4,4375.102614632542,4,4,54.5159617597792,0.01255535242581,33.05311168822209,0.0076123295383456,1.01255535242581,1.0076123295383457,0.0012537464499473,0.0013467147946357,2.454128496348858
0,2,0,0.2014736225016048,62.52782946211214,63.44,0,0.254,0,1126,2116.3512617939814,2116.3512617939814,1,2,2116.3512617939814,1,2,0.0,0.0,0.0,0.0,1.0,1.0,0.0004028379917144,0.0004126876592636,4.460803404450417
0,4,0,0.2212831434674033,24.14251636618348,23.9,0,0.206,0,1131,2143.011225989874,2143.011225989874,2,2,2143.011225989874,2,2,0.0,0.0,0.0,0.0,1.0,1.0,0.0009137019515037,0.000955581665039,1.6781757771968842
0,2,0,0.1742648694497743,82.81740547129276,79.98,0,0.32,0,1129,1120.6482201407043,1120.6482201407043,1,1,1120.6482201407043,1,1,0.0,0.0,0.0,0.0,1.0,1.0,0.0003786087036132,0.0003841593861579,7.312363535165787
1,10,0,0.2120912514978817,10.00062070829115,10.2,0,0.212,0,1126,2182.793820329973,2216.176827081162,2,2,2216.176827081162,2,2,33.38300675118899,0.0152937059104109,33.38300675118899,0.0152937059104109,1.015293705910411,1.015293705910411,0.0020959451794624,0.0021066069602966,2.249966621398926
0,5,0,0.193803314424049,28.26068006194636,27.68,0,0.268,0,1131,1126.0560987535637,1126.0560987535637,1,1,1126.0560987535637,1,1,0.0,0.0,0.0,0.0,1.0,1.0,0.0011982396245001,0.0012060850858687,4.589406870305538
0,2,0,0.1936222733020271,62.34699052905408,60.7,0,0.262,0,1129,1093.700009103889,1093.700009103889,1,1,1093.700009103889,1,1,0.0,0.0,0.0,0.0,1.0,1.0,0.0003248080611228,0.0003304257988929,4.206442475318909
0,2,0,0.2122584543194353,59.818934408498286,59.32,0,0.222,0,1123,1094.878141295546,1094.878141295546,1,1,1094.878141295546,1,1,0.0,0.0,0.0,0.0,1.0,1.0,0.0003218576312064,0.0003271996974944,2.252089485526085
0,3,0,0.1654118892956388,46.60003948668341,46.26,0,0.232,0,1121,1093.4446205173851,1093.4446205173851,1,1,1093.4446205173851,1,1,0.0,0.0,0.0,0.0,1.0,1.0,0.0004124566912651,0.0004137530922889,2.521350309252739
0,2,0,0.2139005616317923,69.8371067794058,70.06,0,0.28,0,1130,1116.29734233494,1116.29734233494,1,1,1116.29734233494,1,1,0.0,0.0,0.0,0.0,1.0,1.0,0.0003158971667288,0.0003252178430556,4.951811753213406
0,2,0,0.2140800587436636,97.67228883063582,94.7,0,0.314,0,1128,2114.790844293977,2114.790844293977,1,2,2114.790844293977,1,2,0.0,0.0,0.0,0.0,1.0,1.0,0.0009950622916221,0.0010069161653518,7.1228752583265305
0,2,0,0.1654392210620033,83.87888214871788,85.16,0,0.332,0,1120,2234.316404571364,2235.3497519910525,2,2,2235.3497519910525,2,2,1.0333474196886527,0.0004624892954169,1.0333474196886527,0.0004624892954169,1.0004624892954168,1.0004624892954168,0.0004455298185347,0.000458389520645,6.697317868471146
0,2,0,0.179840471957362,68.76874622689049,71.88,0,0.328,0,1130,2172.909294087026,2212.5581630954703,1,2,2172.90929430442,2,2,39.64886900844431,0.0182469047908892,2.173937900806777e-07,1.0004733776612535e-10,1.0182469047908893,1.0000000001000473,0.0006264075636863,0.0007053092122077,7.30257011950016
0,4,0,0.1730872150633556,27.288860845452056,27.52,0,0.206,0,1119,2089.4058290353537,2089.405829035355,1,2,2089.405829035355,1,2,1.3642420526593924e-12,6.529330174642243e-16,1.3642420526593924e-12,6.529330174642243e-16,1.0000000000000009,1.0000000000000009,0.0006812959909438,0.0007027164101599,2.353336773812771
0,5,0,0.2281110142817905,23.8140948459316,23.32,0,0.236,0,1124,3259.0356020335084,3280.7900983740674,2,3,3270.714658185179,3,3,21.754496340558944,0.0066751330752523,11.679056151670466,0.0035835926874757,1.0066751330752524,1.0035835926874757,0.0007280036807059,0.0008050128817557,2.7202291563153267
0,7,0,0.1937024943179265,15.51073776677914,15.22,0,0.234,0,1133,2197.10170498902,2197.10170498902,2,2,2197.10170498902,2,2,0.0,0.0,0.0,0.0,1.0,1.0,0.0007722675800322,0.0007854402065276,2.421707071363926
0,2,0,0.1716045419165522,85.61663923847631,86.02,0,0.366,0,1129,1120.8832664162535,1128.5743839891836,1,1,1128.5743839891836,1,1,7.691117572930125,0.006861657947237,7.691117572930125,0.006861657947237,1.0068616579472371,1.0068616579472371,0.0006497576832771,0.0006672218441962,10.917150504887104
0,2,0,0.1766040293633123,62.39238469533517,62.18,0,0.264,0,1129,2162.974420751861,2168.3730797973903,1,2,2168.3730797973903,1,2,5.398659045529257,0.0024959421589704,5.398659045529257,0.0024959421589704,1.0024959421589703,1.0024959421589703,0.0003923177719115,0.0003947839140891,4.105987280607224
0,3,0,0.1818667708431707,38.91970224271532,39.7,0,0.274,0,1119,1101.4584631360217,1101.4584631360217,1,1,1101.4584631360217,1,1,0.0,0.0,0.0,0.0,1.0,1.0,0.0007280558347701,0.0007353127002715,4.136692799627781
0,1,0,0.1799478362835355,93.24756430440073,91.28,0,0.226,0,1122,1059.73225562612,1119.403983911017,0,1,1059.73225562612,1,1,59.67172828489697,0.05630830614818,0.0,0.0,1.0563083061481802,1.0,0.0006973445415496,0.0007661208510398,4.830667681992054
0,6,0,0.2166227496665877,20.12459542080177,19.88,0,0.226,0,1121,3187.578909059337,3236.051114827216,2,3,3209.455921813466,3,3,48.47220576787913,0.0152065900643643,21.877012754128828,0.0068632066462583,1.0152065900643643,1.0068632066462584,0.0015964284539221,0.0018091052770613,2.301616944372654
0,2,0,0.202683192881741,71.12234402770024,75.3,0,0.342,0,1123,2140.108368120477,2156.237758105864,1,2,2140.108368334589,2,2,16.129389985387206,0.0075367164699013,2.14112333196681e-07,1.0004742581550788e-10,1.0075367164699014,1.0000000001000475,0.0009763911366462,0.001040257513523,12.099307544529438
0,4,0,0.214938627839077,30.652832123240216,30.98,0,0.256,0,1120,3334.511973782006,3345.832061849012,3,3,3339.27042911808,3,3,11.320088067006054,0.003394826036317,4.758455336073894,0.0014270320135263,1.003394826036317,1.0014270320135263,0.0011550560593603,0.0014536902308463,3.569280542433262
0,6,0,0.1969869019644535,16.97414448006086,18.06,0,0.202,0,1122,2102.4540117306915,2107.648861173937,1,2,2102.454011730691,2,2,5.194849443245403,0.0024708504510731,-4.547473508864641e-13,-2.16293601833472e-16,1.002470850451073,0.9999999999999998,0.0008604153990744,0.0009256824851035,2.386936612427234
0,3,0,0.2085756967664235,39.54164730850019,37.8,0,0.242,0,1119,3250.6492564856835,3261.3130001339587,2,3,3251.004587446127,3,3,10.663743648275158,0.0032804965429595,0.3553309604435526,0.0001093107660676,1.0032804965429596,1.0001093107660677,0.0005628019571303,0.0006473138928412,2.960850179195404
0,3,0,0.1875548208872562,42.42369049277467,43.18,0,0.286,0,1122,1095.8828422789586,1095.8828422789586,1,1,1095.8828422789586,1,1,0.0,0.0,0.0,0.0,1.0,1.0,0.0012814849615096,0.0012845024466514,5.473794154822826
0,2,0,0.2010069994550627,83.86972363322943,84.14,0,0.362,0,1133,2156.0646459095306,2178.838455637928,1,2,2156.0646459095306,2,2,22.77380972839728,0.0105626748120023,0.0,0.0,1.0105626748120022,1.0,0.0007075071334838,0.0007717609405516,9.58659876137972
0,2,0,0.201166374756666,66.40266822307507,64.68,0,0.232,0,1122,1103.0350979375294,1103.0350979375294,1,1,1103.0350979375294,1,1,0.0,0.0,0.0,0.0,1.0,1.0,0.0005472004413604,0.0005986765027045,2.516581691801548
0,2,0,0.1973199703781279,87.21486189452077,87.62,0,0.302,0,1133,2164.888208688515,2179.102933507432,1,2,2164.8882089051062,2,2,14.214724818917148,0.0065660317987174,2.165911610063631e-07,1.00047272712328e-10,1.0065660317987175,1.0000000001000473,0.0003882721066474,0.0004379153251647,7.421441219747066
0,2,0,0.1951019576197025,77.09093975085443,74.74,0,0.274,0,1122,2113.3892606549225,2113.3892606549225,1,2,2113.3892606549225,1,2,0.0,0.0,0.0,0.0,1.0,1.0,0.0004046037793159,0.0004144385457038,4.278230659663677
0,2,0,0.1712055185847451,98.62820013347316,100.52,0,0.34,0,1131,2137.406372669576,2143.5143532354523,1,2,2137.406372669576,2,2,6.10798056587646,0.0028576599396247,0.0,0.0,1.0028576599396248,1.0,0.0007565990090369,0.000821143388748,10.295600026845932
1,17,0,0.2256007235746323,6.436150410465455,6.58,0,0.22,0,1132,3317.4279224605925,3325.5411558612814,3,3,3325.5411558612814,3,3,8.113233400688841,0.0024456396914484,8.113233400688841,0.0024456396914484,1.0024456396914485,1.0024456396914485,0.0052407905459403,0.0052564069628715,2.814252130687237
0,2,0,0.17912147933826,45.426059626456,46.92,0,0.214,0,1126,2177.2155393904577,2194.1229204934816,1,2,2177.31693326899,2,2,16.90738110302391,0.0077655982134673,0.1013938785322352,4.657043673343517e-05,1.0077655982134677,1.0000465704367334,0.000389978289604,0.0004622489213942,2.1202211007475853
0,3,0,0.1950193614705369,44.08492988349549,46.3,0,0.318,0,1125,2189.974021384911,2189.974021384911,2,2,2189.974021384911,2,2,0.0,0.0,0.0,0.0,1.0,1.0,0.000518351793289,0.0005326867103575,6.445165254175663
0,6,0,0.1723289764997123,21.11037441635392,20.36,0,0.232,0,1129,2172.4832411092702,2246.306311795478,1,2,2191.874043923155,2,2,73.82307068620776,0.0339809621033088,19.390802813884875,0.0089256397687946,1.033980962103309,1.008925639768795,0.0012638494372366,0.001375839114189,3.573072664439678
0,6,0,0.1873355240438069,19.86500447409938,20.2,0,0.232,0,1129,2180.213288582721,2218.725776274999,2,2,2218.725776274999,2,2,38.51248769227823,0.0176645504795147,38.51248769227823,0.0176645504795147,1.0176645504795148,1.0176645504795148,0.0011773928999899,0.0011904984712599,2.664870850741864
0,2,0,0.2124096801011218,65.9860179700922,66.9,0,0.294,0,1127,1097.647885963842,1097.647885963842,1,1,1097.647885963842,1,1,0.0,0.0,0.0,0.0,1.0,1.0,0.0004023388028144,0.0003996789455413,5.67389178276062
0,2,0,0.1825448705209262,57.42773116466015,57.52,0,0.216,0,1129,1093.1043576773095,1093.1043576773095,1,1,1093.1043576773095,1,1,0.0,0.0,0.0,0.0,1.0,1.0,0.0002994462847709,0.0003054738044738,2.0388268530368805
0,2,0,0.1972637181952914,55.32683763572719,54.04,0,0.224,0,1125,1097.218274345763,1097.218274345763,1,1,1097.218274345763,1,1,0.0,0.0,0.0,0.0,1.0,1.0,0.000407576560974,0.0004144012928008,2.4568140283226967
0,2,0,0.2340552010113884,65.03723154930812,64.4,0,0.262,0,1122,2208.0355873262274,2238.1237271215723,1,2,2208.0355873262274,2,2,30.088139795344887,0.0136266552803976,0.0,0.0,1.0136266552803976,1.0,0.0004022195935248,0.0004846155643462,4.124067060649395
0,2,0,0.2460253514756416,65.54160483358504,67.24,0,0.286,0,1133,1103.7121919691149,1125.957230789004,1,1,1125.957230789004,1,1,22.245038819889032,0.0201547459398831,22.245038819889032,0.0201547459398831,1.0201547459398832,1.0201547459398832,0.0005761384963988,0.000578537583351,7.03984971344471
0,2,0,0.1660222580948203,97.88388430943992,97.78,0,0.39,0,1127,3265.256553367836,3265.307120395919,2,3,3265.307120395919,2,3,0.0505670280826962,1.54863874419119e-05,0.0505670280826962,1.54863874419119e-05,1.000015486387442,1.000015486387442,0.0005926191806792,0.0006041601300238,11.913674734532831
0,4,0,0.188936921248829,26.630392392351123,27.4,0,0.2,0,1119,1110.0318347123407,1110.0318347123407,1,1,1110.0318347123407,1,1,0.0,0.0,0.0,0.0,1.0,1.0,0.0006533339619636,0.0006640702486037,1.958932593464852
0,6,0,0.2389203323595406,16.796321307461334,16.38,0,0.208,0,1130,2152.592997184187,2152.592997184187,2,2,2152.592997184187,2,2,0.0,0.0,0.0,0.0,1.0,1.0,0.0008247271180152,0.000834472477436,1.9770004153251648
0,2,0,0.1939096356695961,43.20209354778888,43.24,0,0.2,0,1124,1104.4821798642256,1104.4821798642256,1,1,1104.4821798642256,1,1,0.0,0.0,0.0,0.0,1.0,1.0,0.0003281757235526,0.0003340020775794,1.9771164879202845
0,2,0,0.1933094862733214,96.54796631734496,100.22,0,0.352,0,1122,2170.007872012728,2215.74073106177,1,2,2170.007872012728,2,2,45.73285904904196,0.0210749738002672,0.0,0.0,1.0210749738002671,1.0,0.000765025615692,0.0008590966463088,9.084053106606008
0,5,0,0.2035635470882856,22.25916063024625,21.98,0,0.216,0,1126,2174.870166885556,2197.656379587557,2,2,2197.656379587557,2,2,22.78621270200074,0.0104770450433971,22.78621270200074,0.0104770450433971,1.010477045043397,1.010477045043397,0.0007434636354446,0.0007539018988608,1.9703587219119072
0,9,0,0.2046948864276513,11.391710747869707,11.26,0,0.208,0,1124,2188.793517538361,2198.7241747358285,2,2,2198.7241747358285,2,2,9.930657197467552,0.0045370461479784,9.930657197467552,0.0045370461479784,1.0045370461479783,1.0045370461479783,0.0008359849452972,0.0008469745516776,2.1417136192321777
0,2,0,0.1836181330631169,96.47662575018094,96.76,0,0.444,0,1128,2191.85614610252,2220.0406317944057,2,2,2220.0406317944057,2,2,28.184485691885584,0.0128587296853409,28.184485691885584,0.0128587296853409,1.012858729685341,1.012858729685341,0.00071582198143,0.000744916498661,16.7744120657444
0,2,0,0.2095767331975538,87.41367063604538,80.22,0,0.302,0,1122,2178.891917207134,2190.750541291468,2,2,2190.750541291468,2,2,11.85862408433377,0.005442502214398,11.85862408433377,0.005442502214398,1.005442502214398,1.005442502214398,0.0005227401852607,0.0005404576659202,5.595746330916882
0,2,0,0.1724285939981438,64.87963364550927,61.92,0,0.256,0,1133,1122.599304443452,1122.599304443452,1,1,1122.599304443452,1,1,0.0,0.0,0.0,0.0,1.0,1.0,0.0003033354878425,0.0003095567226409,3.5915156602859497
0,7,0,0.1942418769923875,15.959250795723843,15.12,0,0.216,0,1125,3216.558713591284,3218.81701431184,2,3,3218.81701431184,2,3,2.2583007205562358,0.000702085962558,2.2583007205562358,0.000702085962558,1.0007020859625582,1.0007020859625582,0.0007334575057029,0.0007483586668968,2.1261226758360863
0,2,0,0.1726278404891497,56.06425898744309,54.48,0,0.208,0,1129,1062.9435448793322,1062.9435448793322,1,1,1062.9435448793322,1,1,0.0,0.0,0.0,0.0,1.0,1.0,0.0005401521921157,0.0005463585257529,2.334022469818592
0,3,0,0.1882529408102666,57.47787313499025,58.02,0,0.268,0,1131,2136.7821868679857,2151.181830409272,1,2,2136.7853778898507,2,2,14.399643541286425,0.0067389384045703,0.00319102186495,1.4933772307542938e-06,1.0067389384045704,1.0000014933772308,0.0004746168851851,0.0005458369851111,4.917670600116253
0,2,0,0.1978668751486109,85.49953821629555,81.14,0,0.29,0,1127,1119.97727558363,1119.97727558363,1,1,1119.97727558363,1,1,0.0,0.0,0.0,0.0,1.0,1.0,0.0003096908330916,0.0003168582916258,5.5139371156692505
0,2,0,0.1842564279361996,73.03316408730436,73.54,0,0.25,0,1125,1098.745812957788,1098.745812957788,1,1,1098.745812957788,1,1,0.0,0.0,0.0,0.0,1.0,1.0,0.0003003925085067,0.0003066137433051,3.0228990241885185
0,3,0,0.2046461552216398,40.66594631663655,40.86,0,0.23,0,1133,1113.6165189961375,1113.6165189961375,1,1,1113.6165189961375,1,1,0.0,0.0,0.0,0.0,1.0,1.0,0.000547170639038,0.000558666884899,2.528831824660301
0,2,0,0.2069079332035671,97.19581315078912,95.52,0,0.378,0,1132,2162.839287527556,2193.3157503243915,1,2,2162.839287527556,2,2,30.47646279683568,0.0140909511735727,0.0,0.0,1.0140909511735727,1.0,0.0014289319515227,0.0015894323587416,12.482578784227371
1,15,0,0.185448421247218,6.530094711378848,6.94,0,0.21,0,1128,2248.565146584497,2248.685881652192,2,2,2248.685881652192,2,2,0.1207350676950227,5.3694271601788224e-05,0.1207350676950227,5.3694271601788224e-05,1.0000536942716018,1.0000536942716018,0.0034653097391128,0.003478892147541,2.541176751255989
0,2,0,0.218935175256012,79.07790794814592,79.08,0,0.368,0,1119,3243.588070634873,3243.7055450934827,2,3,3243.7055450934827,2,3,0.1174744586096494,3.621744070191255e-05,0.1174744586096494,3.621744070191255e-05,1.0000362174407018,1.0000362174407018,0.0006064027547835,0.0006215125322341,10.640373900532722
0,5,0,0.1911742860529788,16.770414667418322,17.7,0,0.214,0,1124,2126.381393572063,2126.381393572064,2,2,2126.381393572064,2,2,9.094947017729282e-13,4.2771946016941357e-16,9.094947017729282e-13,4.2771946016941357e-16,1.0000000000000004,1.0000000000000004,0.0008768960833548,0.0008931383490561,2.0231526270508766
0,4,0,0.1935871754869923,26.398915139062805,27.0,0,0.212,0,1125,2145.233933270043,2168.392018401592,1,2,2145.2339332700435,2,2,23.158085131548887,0.0107951327696221,4.547473508864641e-13,2.1198030845674691e-16,1.010795132769622,1.0000000000000002,0.0004641115665435,0.0005421414971351,2.3499791845679283
0,2,0,0.220171997702967,61.46242162541797,61.1,0,0.236,0,1120,1071.2030542841226,1071.2030542841228,1,1,1071.2030542841228,1,1,2.273736754432321e-13,2.122601074874495e-16,2.273736754432321e-13,2.122601074874495e-16,1.0000000000000002,1.0000000000000002,0.0003168731927871,0.00032389909029,3.3041668981313705
0,3,0,0.2124900754782834,56.762088676176525,60.86,0,0.3,0,1130,2092.8932242580067,2092.893224258007,1,2,2092.893224258007,1,2,4.547473508864641e-13,2.1728167763918563e-16,4.547473508864641e-13,2.1728167763918563e-16,1.0000000000000002,1.0000000000000002,0.0004177689552306,0.0004302114248275,6.554149553179741
0,3,0,0.1890636534265372,40.50619247457316,41.3,0,0.288,0,1132,2188.8368435374523,2206.4164909000774,2,2,2190.52278471434,2,2,17.57964736262511,0.0080315019433856,1.685941176887809,0.0007702452477742,1.0080315019433856,1.0007702452477742,0.0005069524049758,0.000582531094551,4.736114777624607
1,19,0,0.2143615444993175,5.0222458289755885,4.98,0,0.208,0,1124,4342.51765555905,4361.860494802648,3,4,4352.560241947349,4,4,19.342839243598064,0.0044542914451565,10.042586388299242,0.0023126184358613,1.0044542914451566,1.0023126184358613,0.0049447864294051,0.0051518231630324,2.6205673292279243
0,2,0,0.1899632438101048,59.88085700208471,57.68,0,0.256,0,1130,1112.925332957633,1112.925332957633,1,1,1112.925332957633,1,1,0.0,0.0,0.0,0.0,1.0,1.0,0.0004333332180976,0.0004437416791915,3.1468059569597244
0,2,0,0.1705117602477478,84.78411662511719,84.66,0,0.358,0,1129,2166.9023819631143,2181.4407760318686,1,2,2166.9023821799046,2,2,14.538394068754316,0.0067092981159507,2.1679034034605138e-07,1.0004619596645107e-10,1.006709298115951,1.0000000001000462,0.000398576259613,0.0004825443029402,9.892393112182615
0,2,0,0.2544552369563196,71.7222858288606,71.4,0,0.384,0,1131,2165.7721569264963,2200.443892249586,1,2,2166.092761040637,2,2,34.671735323089706,0.0160089486847468,0.3206041141406786,0.0001480322448117,1.0160089486847468,1.0001480322448115,0.0006766542792319,0.0007611066102981,13.379414953291416
0,4,0,0.1813698647710733,37.27798261943498,36.46,0,0.256,0,1127,2135.109580995614,2148.750348320984,1,2,2135.109580995614,2,2,13.64076732536978,0.0063887902741783,0.0,0.0,1.0063887902741784,1.0,0.0004496723413466,0.0005284249782561,3.893902249634266
0,8,0,0.1839655468481169,12.716123251955004,13.12,0,0.222,0,1123,2127.0840875189247,2172.796731489927,1,2,2141.3516773339165,2,2,45.71264397100231,0.02149075546154,14.26758981499188,0.006707581472077,1.02149075546154,1.006707581472077,0.0016789138317107,0.0017493292689322,3.144467033445835
0,6,0,0.2325959002748834,15.480988820147031,15.32,0,0.202,0,1121,2188.1249969661567,2209.7329150422247,2,2,2209.7329150422247,2,2,21.607918076068017,0.0098750839673361,21.607918076068017,0.0098750839673361,1.0098750839673365,1.0098750839673365,0.0016038641333579,0.0015913397073745,1.961546115577221
0,2,0,0.1848837355572451,90.47262780465688,89.36,0,0.364,0,1123,2219.3375019829755,2234.644575364925,2,2,2219.3375019829755,2,2,15.307073381949522,0.0068971363608611,0.0,0.0,1.0068971363608612,1.0,0.0004382878541945,0.0005155205726622,9.822547100484371
0,2,0,0.2132388595776532,97.68128708155707,95.3,0,0.362,0,1131,2172.8496337743068,2187.8565547175053,1,2,2172.8496337743068,2,2,15.006920943198566,0.0069065621062471,0.0,0.0,1.0069065621062472,1.0,0.000546596944332,0.0006805658340453,10.139305859804152
0,2,0,0.1662695238601517,68.54421426246398,68.46,0,0.248,0,1121,2184.7956680139305,2205.6004167258498,1,2,2185.036068165068,2,2,20.804748711919277,0.0095225146298608,0.2404001511372371,0.0001100332423103,1.0095225146298608,1.0001100332423103,0.0003630444407462,0.0004286095499992,3.6424234211444855
0,7,0,0.2086164564858111,12.499664019036494,12.72,0,0.2,0,1125,3194.882246854425,3239.633821406242,2,3,3207.6006122143685,3,3,44.75157455181716,0.0140072688424989,12.718365359943618,0.0039808557490548,1.014007268842499,1.0039808557490548,0.0028512775897979,0.0030458569526672,2.0255759805440903
0,3,0,0.1629910298942926,31.8114701742407,33.9,0,0.208,0,1124,2169.8568591679086,2173.524099811553,2,2,2173.524099811553,2,2,3.6672406436441634,0.001690084130734,3.6672406436441634,0.001690084130734,1.001690084130734,1.001690084130734,0.0004654601216315,0.0004828497767448,1.6512122228741646
0,6,0,0.1777924275149396,17.690456971919406,17.34,0,0.204,0,1128,2115.130401103782,2115.130401103782,1,2,2115.130401103782,1,2,0.0,0.0,0.0,0.0,1.0,1.0,0.0006019249558448,0.0006089285016059,1.971166536211968
0,9,0,0.2098286560586341,12.21539669751301,12.34,0,0.208,0,1127,3177.627394719972,3178.2009502026644,2,3,3178.2009502026644,2,3,0.5735554826924272,0.0001804980293301,0.5735554826924272,0.0001804980293301,1.00018049802933,1.00018049802933,0.0014659091830253,0.0014864206314086,2.4357970654964447
0,2,0,0.1886792868546436,80.71430327011434,84.36,0,0.358,0,1129,1116.7406621323394,1116.7406621323394,1,1,1116.7406621323394,1,1,0.0,0.0,0.0,0.0,1.0,1.0,0.0006022080779074,0.0006082579493521,9.638002946972849
0,3,0,0.2165063509461096,33.334771916877656,33.6,0,0.242,0,1131,2105.3710254294,2110.036778955645,1,2,2105.3710254294,2,2,4.665753526244771,0.0022161193774827,0.0,0.0,1.0022161193774828,1.0,0.0004506781697272,0.0007537752389907,3.2013754844665527
0,3,0,0.1955492483926456,53.19133362165252,51.7,0,0.254,0,1130,1109.6717991994778,1109.6717991994778,1,1,1109.6717991994778,1,1,0.0,0.0,0.0,0.0,1.0,1.0,0.0007088184356688,0.0007108226418494,3.988977864384651
0,2,0,0.2018232616173698,67.6230022032874,66.74,0,0.298,0,1129,1103.445263057685,1103.445263057685,1,1,1103.445263057685,1,1,0.0,0.0,0.0,0.0,1.0,1.0,0.0006946548819541,0.0006995797157286,6.742191292345524
0,4,0,0.2229921288065422,33.88170840174065,33.12,0,0.25,0,1132,2111.7747679369627,2143.637896720872,1,2,2111.7747679369627,2,2,31.86312878390936,0.0150883177826,0.0,0.0,1.0150883177826,1.0,0.0010282173752783,0.0011014938354491,3.203721962869168
0,2,0,0.1991532022894238,59.136120166550754,59.12,0,0.252,0,1125,1084.2993972997226,1084.2993972997226,1,1,1084.2993972997226,1,1,0.0,0.0,0.0,0.0,1.0,1.0,0.0005828142166136,0.0005905777215956,3.7006598487496376
1,12,0,0.1729753294195578,8.466334597565636,8.9,0,0.206,0,1127,2184.7966504299275,2184.796650429932,2,2,2184.796650429932,2,2,4.547473508864641e-12,2.081417283374992e-15,4.547473508864641e-12,2.081417283374992e-15,1.000000000000002,1.000000000000002,0.0034619942307471,0.0034733861684798,2.045311152935028
0,2,0,0.2188282911212914,73.20568113158333,71.4,0,0.264,0,1129,1104.040198712284,1104.040198712284,1,1,1104.040198712284,1,1,0.0,0.0,0.0,0.0,1.0,1.0,0.000691533088684,0.0007010474801063,4.20876120775938
0,2,0,0.2062532727049303,86.24536106846884,88.54,0,0.362,0,1119,2135.401435943073,2148.4795314244866,1,2,2135.401435943075,2,2,13.078095481413584,0.0061244201026013,1.8189894035458565e-12,8.518255035932029e-16,1.0061244201026014,1.0000000000000009,0.0004621297121047,0.0010412782430648,10.337638795375824
1,17,0,0.1669297932507814,5.776919998204456,5.9,0,0.208,0,1133,3292.721809092558,3296.117151815135,3,3,3296.117151815135,3,3,3.39534272257697,0.0010311659834733,3.39534272257697,0.0010311659834733,1.0010311659834734,1.0010311659834734,0.005059003829956,0.0050757378339766,2.54126475006342
0,3,0,0.2017757571015019,39.75174355704622,40.46,0,0.234,0,1128,2169.054971120708,2191.8173166409188,1,2,2169.054971120708,2,2,22.7623455202106,0.0104941303117134,0.0,0.0,1.0104941303117134,1.0,0.0007250681519508,0.0007932186126708,3.4452071264386177
0,2,0,0.2001320677482241,65.23968292634848,67.58,0,0.242,0,1119,1097.795322559042,1097.795322559042,1,1,1097.795322559042,1,1,0.0,0.0,0.0,0.0,1.0,1.0,0.0003587380051612,0.000366911292076,3.1335426047444344
0,2,0,0.2006503190400295,88.85483691210815,91.22,0,0.438,0,1121,2151.948800612408,2189.0154044320216,1,2,2155.50458964382,2,2,37.06660381961365,0.0172246680818173,3.5557890314121323,0.0016523576352746,1.017224668081817,1.0016523576352747,0.0007098838686942,0.0007877051830291,24.25522867590189
0,4,0,0.2157064532290091,27.004088701388337,27.36,0,0.226,0,1123,2146.525098052636,2151.018432271758,2,2,2151.018432271758,2,2,4.493334219121607,0.0020933061640872,4.493334219121607,0.0020933061640872,1.002093306164087,1.002093306164087,0.0005523934960364,0.0005618408322333,2.5849944576621056
0,2,0,0.1924090690070694,79.13398470471654,81.06,0,0.364,0,1133,2171.446448691825,2172.2250805938647,2,2,2171.446448691825,2,2,0.7786319020397059,0.0003585775290515,0.0,0.0,1.0003585775290516,1.0,0.0004979893565177,0.000612638890743,9.435048498213291
0,8,0,0.1991588102639554,12.018797135350669,12.24,0,0.206,0,1127,2156.767246983861,2236.633047415819,1,2,2180.878643505532,2,2,79.86580043195818,0.0370303288607738,24.111396521671395,0.0111794151897429,1.0370303288607738,1.0111794151897429,0.0015322193503379,0.0016022101044654,1.851337723433972
0,3,0,0.2162670750286535,39.26845746223645,38.66,0,0.276,0,1132,2175.8858031128,2179.221472351939,2,2,2179.221472351939,2,2,3.3356692391389515,0.0015330166842244,3.3356692391389515,0.0015330166842244,1.0015330166842245,1.0015330166842245,0.0008528605103492,0.000916615128517,3.816005952656269
0,3,0,0.1744025327314206,40.90780724119151,41.02,0,0.248,0,1129,2190.715209993762,2199.098752477533,2,2,2190.715209993762,2,2,8.383542483770725,0.0038268518178565,0.0,0.0,1.0038268518178566,1.0,0.0006669685244559,0.000788316130638,2.771421380341053
0,3,0,0.1992155226964318,44.38696630051049,45.62,0,0.258,0,1130,2092.6564159551544,2105.762332247833,1,2,2092.6564159551544,2,2,13.105916292678558,0.0062628132323846,0.0,0.0,1.0062628132323843,1.0,0.000583454966545,0.0007078126072882,7.074549697339535
0,2,0,0.2002882508346937,60.06341103728801,62.2,0,0.226,0,1129,1098.7405188210073,1098.7405188210073,1,1,1098.7405188210073,1,1,0.0,0.0,0.0,0.0,1.0,1.0,0.0006280615925788,0.0006373897194862,2.529725804924965
0,2,0,0.1774904679026042,72.07215450771376,70.3,0,0.264,0,1124,2149.5310889102825,2169.6374803800977,1,2,2149.5310889102857,2,2,20.106391469815208,0.0093538500436428,3.183231456205249e-12,1.4808957509979568e-15,1.009353850043643,1.0000000000000016,0.0004580244421958,0.0005434006452559,3.743543289601803
1,11,0,0.2129292446549641,10.18197825599825,10.3,0,0.21,0,1120,3232.1981805037863,3232.1981805037867,3,3,3232.1981805037867,3,3,4.547473508864641e-13,1.4069290479446561e-16,4.547473508864641e-13,1.4069290479446561e-16,1.0000000000000002,1.0000000000000002,0.0018333941698073,0.0018478110432624,2.09358149021864
1,17,0,0.2324171619468495,6.202797468218862,6.1,0,0.202,0,1129,3248.875604703704,3269.972336868439,2,3,3254.878573005935,3,3,21.09673216473493,0.0064935487632063,6.002968302230784,0.0018477064168107,1.0064935487632063,1.0018477064168108,0.0037698224186896,0.0038328915834426,2.5072372034192085
0,3,0,0.2087688491627018,33.97076249003992,32.92,0,0.21,0,1121,1110.5503036988923,1110.5503036988923,1,1,1110.5503036988923,1,1,0.0,0.0,0.0,0.0,1.0,1.0,0.0004976540803908,0.000503472983837,2.0278820917010307
0,3,0,0.2671352712922556,36.76512038156796,35.92,0,0.224,0,1122,2205.1246974148885,2205.1246974148885,2,2,2205.1246974148885,2,2,0.0,0.0,0.0,0.0,1.0,1.0,0.000653326511383,0.0006600692868232,2.140617713332176
0,1,0,0.1749261109361365,93.44697439489975,93.84,0,0.2,0,1120,1057.805153522852,1109.5174934265192,0,1,1057.805153522852,1,1,51.71233990366727,0.0488864510930463,0.0,0.0,1.0488864510930462,1.0,0.0006210058927535,0.0006960034370422,3.0248578637838364
0,3,0,0.1928741959489857,56.8218554145362,55.6,0,0.312,0,1133,2130.2426090994645,2144.8291572723147,1,2,2130.2426090994654,2,2,14.586548172850144,0.0068473647604938,9.094947017729282e-13,4.269441883698903e-16,1.006847364760494,1.0000000000000004,0.0008366480469703,0.0009568482637405,5.9784074649214745
0,2,0,0.172058103232742,98.69833330699092,101.96,0,0.374,0,1125,2186.491593107537,2220.5787310121336,1,2,2186.491593107537,2,2,34.0871379045966,0.0155898783293058,0.0,0.0,1.0155898783293058,1.0,0.0003875121474265,0.0004667937755584,11.235871441662312
0,2,0,0.2179288899959567,72.72804887903304,73.54,0,0.324,0,1128,2182.605218910605,2199.264683263717,2,2,2199.264683263717,2,2,16.65946435311207,0.0076328344717453,16.65946435311207,0.0076328344717453,1.0076328344717451,1.0076328344717451,0.0010982453823089,0.0011337548494338,7.397510781884193
0,4,0,0.1815760272650735,40.25596581197861,40.18,0,0.282,0,1132,2190.421490386549,2217.943002588656,2,2,2217.943002588656,2,2,27.521512202106805,0.0125644823714955,27.521512202106805,0.0125644823714955,1.0125644823714957,1.0125644823714957,0.0006001517176627,0.0006268098950385,4.332489065825939
0,5,0,0.1837935514853053,24.66402058833322,24.62,0,0.242,0,1121,2173.349402326897,2173.3494023268977,2,2,2173.3494023268977,2,2,9.094947017729282e-13,4.184760631673755e-16,9.094947017729282e-13,4.184760631673755e-16,1.0000000000000004,1.0000000000000004,0.0005548000335692,0.0006024464964866,2.6257878243923187
0,2,0,0.190788019765749,75.28885533564706,75.02,0,0.304,0,1130,2153.914586875406,2158.9719126505106,1,2,2158.9719126505106,1,2,5.0573257751048,0.0023479695090608,5.0573257751048,0.0023479695090608,1.002347969509061,1.002347969509061,0.0003967210650443,0.0004075318574904,5.928956910967827
0,2,0,0.1945436254988125,72.09732018892379,72.0,0,0.24,0,1119,3255.562090721323,3255.562090721323,2,3,3255.562090721323,2,3,0.0,0.0,0.0,0.0,1.0,1.0,0.0006701946258544,0.0006952136754989,3.517744019627571
0,3,0,0.2165465701819786,37.03307300478951,36.28,0,0.216,0,1123,1079.6518117015746,1079.6518117015746,1,1,1079.6518117015746,1,1,0.0,0.0,0.0,0.0,1.0,1.0,0.000713713467121,0.0007210001349448,2.18089260160923
0,3,0,0.1906208138197724,44.80812612416052,46.68,0,0.286,0,1130,2128.4974569258884,2140.80932909966,1,2,2128.4974569258884,2,2,12.311872173771462,0.0057843020360254,0.0,0.0,1.0057843020360255,1.0,0.0007349178194998,0.0008058249950406,4.207636050879955
0,2,0,0.1839118500045724,78.10444158550987,79.9,0,0.294,0,1128,2168.1901394865968,2180.8434438744607,1,2,2168.190139703516,2,2,12.653304387863956,0.0058358831900509,2.1691903384635225e-07,1.000461305933788e-10,1.005835883190051,1.0000000001000462,0.0004144459962844,0.0004875063896178,5.634745895862579
0,2,0,0.1665678154868417,87.53813062013585,88.38,0,0.34,0,1123,1116.2852111916598,1116.2852111916598,1,1,1116.2852111916598,1,1,0.0,0.0,0.0,0.0,1.0,1.0,0.0003540366888045,0.0003572404384612,10.179678909480572
0,5,0,0.1604505807402549,23.251285905757225,23.34,0,0.246,0,1127,2149.5385722082115,2181.9317371925044,2,2,2181.9317371925044,2,2,32.39316498429298,0.0150698226136112,32.39316498429298,0.0150698226136112,1.0150698226136112,1.0150698226136112,0.0008224993944167,0.0008346363902091,3.327908754348755
0,2,0,0.1818674533450289,52.49642881273614,49.16,0,0.222,0,1126,2152.8467090801496,2171.28634850249,1,2,2152.8467090801496,2,2,18.43963942234041,0.0085652356689246,0.0,0.0,1.0085652356689248,1.0,0.0006001964211462,0.0006800144910811,2.4267186298966408
0,3,0,0.1947646732390933,54.596401259107616,54.12,0,0.314,0,1124,2174.2728197074184,2174.311389512799,2,2,2174.311389512799,2,2,0.0385698053805754,1.7739174693710043e-05,0.0385698053805754,1.7739174693710043e-05,1.0000177391746936,1.0000177391746936,0.0005769431591033,0.0006702840328214,5.588332459330559
0,4,0,0.1856300590650116,28.60106384097354,29.02,0,0.206,0,1121,2229.303580562804,2239.839278407919,2,2,2235.852933019523,2,2,10.53569784511501,0.0047260040924777,6.54935245671868,0.0029378468297553,1.0047260040924777,1.0029378468297554,0.0005602091550826,0.0006463900208473,1.9163006767630577
0,2,0,0.1960309646885037,73.22933005284877,75.5,0,0.402,0,1128,2229.8803901655965,2253.7085440064566,2,2,2253.7085440064566,2,2,23.828153840860068,0.0106858439340284,23.828153840860068,0.0106858439340284,1.0106858439340285,1.0106858439340285,0.000651679933071,0.0006733760237692,13.6601459980011
0,2,0,0.1926037566604549,61.11056983092172,62.22,0,0.23,0,1131,1113.911198377541,1113.911198377541,1,1,1113.911198377541,1,1,0.0,0.0,0.0,0.0,1.0,1.0,0.0003206953406333,0.0003349110484122,2.731326751410961
0,4,0,0.1842885145674945,29.026256022292973,28.28,0,0.22,0,1129,2108.074330651585,2111.9536233830777,1,2,2108.074330651585,2,2,3.879292731492569,0.0018402068063195,0.0,0.0,1.0018402068063197,1.0,0.0009823814034461,0.001124657690525,3.2444696947932243
0,2,0,0.2049785994045502,82.21922644427235,81.46,0,0.248,0,1122,1089.5225090238969,1089.5225090238969,1,1,1089.5225090238969,1,1,0.0,0.0,0.0,0.0,1.0,1.0,0.0006317868828773,0.000640109181404,3.178121894598007
0,6,0,0.1928967872102956,19.37730226141872,19.88,0,0.24,0,1133,2222.5773000675576,2235.866054575544,2,2,2235.866054575544,2,2,13.28875450798614,0.0059789841764253,13.28875450798614,0.0059789841764253,1.0059789841764253,1.0059789841764253,0.0008696913719177,0.0008786097168922,2.7925037145614624
0,3,0,0.184047585969877,42.11815589739864,43.64,0,0.226,0,1119,2176.640916319739,2182.501581543356,2,2,2182.501581543356,2,2,5.8606652236167065,0.0026925273616219,5.8606652236167065,0.0026925273616219,1.0026925273616218,1.0026925273616218,0.0009753555059432,0.0009935870766639,2.097921207547188
0,5,0,0.1912734744351024,20.70038830610861,20.38,0,0.218,0,1125,2111.123240739664,2111.123240739664,1,2,2111.123240739664,1,2,0.0,0.0,0.0,0.0,1.0,1.0,0.0009473860263824,0.0009567365050315,2.6166262328624725
0,2,0,0.1706543964632809,64.3955656484363,63.68,0,0.284,0,1128,1120.2526007259376,1120.2526007259376,1,1,1120.2526007259376,1,1,0.0,0.0,0.0,0.0,1.0,1.0,0.0006315410137176,0.0006301030516624,4.427086696028709
0,6,0,0.2232816481948659,19.035121188323693,19.12,0,0.206,0,1130,2123.6883669752515,2157.476654052047,1,2,2123.8501080104925,2,2,33.788287076795314,0.0159101907804484,0.1617410352409933,7.616043754638046e-05,1.0159101907804484,1.0000761604375463,0.0015520974993705,0.0016430541872976,2.1520213037729263
0,3,0,0.1997973068304595,36.75274975919047,36.76,0,0.216,0,1128,1119.7218162381596,1127.6553885921378,1,1,1120.2616210813171,1,1,7.933572353978207,0.0070853065814435,0.5398048431575262,0.0004820883502753,1.0070853065814436,1.0004820883502754,0.0006949454545973,0.0007703527808188,2.706523694097996
0,3,0,0.2119804982515347,34.95892143803279,36.12,0,0.236,0,1119,3243.776923952518,3261.8981530294045,2,3,3249.4261858828995,3,3,18.12122907688672,0.0055864597047586,5.649261930381726,0.0017415691839555,1.0055864597047586,1.0017415691839555,0.0006648823618888,0.000774323940277,2.3988469764590263
0,2,0,0.1739808448188538,74.66030829328163,76.14,0,0.306,0,1132,2169.386159356201,2182.1583241651824,1,2,2169.386159356201,2,2,12.772164808981415,0.0058874556537097,0.0,0.0,1.0058874556537098,1.0,0.0005415007472037,0.00062907487154,7.776021711528301
0,2,0,0.2371098534108908,90.65402847646264,91.14,0,0.348,0,1132,1118.9729124107764,1118.9729124107766,1,1,1118.9729124107766,1,1,2.273736754432321e-13,2.0319855192326842e-16,2.273736754432321e-13,2.0319855192326842e-16,1.0000000000000002,1.0000000000000002,0.0006500855088233,0.0006609931588172,8.695180647075176
0,2,0,0.226453955271633,68.83608154054642,65.5,0,0.246,0,1128,2142.8128102378096,2156.795024759477,1,2,2142.8128102378096,2,2,13.982214521667627,0.0065251684397555,0.0,0.0,1.0065251684397556,1.0,0.0003682449460029,0.0004266127943992,3.021424010396004
0,8,0,0.2449133345982267,11.820153222369962,11.88,0,0.204,0,1132,2196.452322129704,2234.651166641899,2,2,2234.651166641899,2,2,38.19884451219514,0.0173911557866902,38.19884451219514,0.0173911557866902,1.01739115578669,1.01739115578669,0.0012193024158477,0.0012726485729216,1.9650526642799373
0,3,0,0.245427114211325,37.34137618630329,35.64,0,0.228,0,1125,2096.343306055207,2099.1317083584145,1,2,2096.343306055207,2,2,2.7884023032074765,0.0013301267474431,0.0,0.0,1.0013301267474433,1.0,0.0007151812314986,0.0007756575942038,2.617009110748768
0,6,0,0.1753278700516087,16.776701899219773,16.46,0,0.2,0,1129,2113.5165723690225,2184.827023788159,1,2,2141.219947053145,2,2,71.31045141913637,0.0337401903308499,27.703374684122537,0.0131077158543734,1.03374019033085,1.0131077158543735,0.0013885051012038,0.0014754906296729,2.258562840521336
0,2,0,0.1751908047321916,66.36280282376461,68.48,0,0.242,0,1123,1101.8070336876744,1101.8070336876744,1,1,1101.8070336876744,1,1,0.0,0.0,0.0,0.0,1.0,1.0,0.0006352439522742,0.0006380081176757,3.247754454612732
1,14,0,0.2240890571097001,7.355456098540177,7.48,0,0.212,0,1121,4268.597763894132,4278.872198906474,3,4,4278.872198906474,3,4,10.27443501234211,0.0024069813040826,10.27443501234211,0.0024069813040826,1.0024069813040826,1.0024069813040826,0.0021694749593733,0.0021874234080313,2.411814853549004
0,1,0,0.2464904834191031,86.50677574403423,82.68,0,0.22,0,1133,1058.2851351991685,1116.1575126179582,0,1,1058.2851351991685,1,1,57.87237741878971,0.0546850517822856,0.0,0.0,1.0546850517822857,1.0,0.0005020946264266,0.0006597116589545,4.309288710355759
0,2,0,0.1982917385927396,63.3911949770631,62.88,0,0.304,0,1127,1117.2463207630108,1117.2463207630108,1,1,1117.2463207630108,1,1,0.0,0.0,0.0,0.0,1.0,1.0,0.0004314258694648,0.0004397258162498,6.034759387373924
0,6,0,0.1904629405214624,18.11978601617104,18.02,0,0.222,0,1129,2133.8955839374457,2208.7424569061645,1,2,2159.9106742508857,2,2,74.8468729687188,0.0350752274535439,26.01509031343994,0.0121913604907683,1.035075227453544,1.0121913604907684,0.0006592422723769,0.0007369965314864,2.6482379510998726
0,5,0,0.1918672394484339,22.68577897378348,23.5,0,0.23,0,1126,1103.5294931865274,1103.5294931865274,1,1,1103.5294931865274,1,1,0.0,0.0,0.0,0.0,1.0,1.0,0.0005776733160018,0.0005834251642226,2.6823339834809303
0,2,0,0.2066576098266417,72.98432226264707,76.56,0,0.272,0,1125,2179.9000861879485,2200.1819642895634,1,2,2179.9000861879485,2,2,20.281878101614893,0.0093040402310742,0.0,0.0,1.0093040402310742,1.0,0.0006911009550093,0.0007760748267173,4.541379116475582
1,10,0,0.1878157154125707,10.872200224211786,11.26,0,0.22,0,1127,2204.322834640202,2204.322834640205,2,2,2204.322834640205,2,2,3.183231456205249e-12,1.4440858689942429e-15,3.183231456205249e-12,1.4440858689942429e-15,1.0000000000000016,1.0000000000000016,0.0014344826340674,0.0014443993568419,2.3308861404657364
0,4,0,0.1574591643244433,35.3143396623325,35.2,0,0.242,0,1130,2136.299764473707,2144.9749837502204,1,2,2136.299764473707,2,2,8.675219276513417,0.0040608623474948,0.0,0.0,1.004060862347495,1.0,0.0007440224289893,0.0008254274725913,3.188526153564453
0,2,0,0.1801497685385195,85.76313847897678,83.42,0,0.358,0,1121,2149.021430235139,2172.2018361242767,1,2,2149.021430235139,2,2,23.180405889137543,0.0107864935933194,0.0,0.0,1.0107864935933195,1.0,0.0004324465990066,0.0005321204662322,10.683009773492811
0,7,0,0.2054587056834126,15.932911801191963,15.98,0,0.224,0,1125,2172.3776894952216,2172.3776894952216,2,2,2172.3776894952216,2,2,0.0,0.0,0.0,0.0,1.0,1.0,0.001537300646305,0.0015980377793311,2.8964319229125977
0,3,0,0.2241927247349178,41.33717167723485,37.92,0,0.238,0,1119,2141.9168786863816,2162.0184146904458,1,2,2141.9168789006744,2,2,20.1015360040642,0.0093848347730432,2.142928678949829e-07,1.0004723807321916e-10,1.0093848347730432,1.0000000001000473,0.0003984123468398,0.0004567801952361,3.4243842139840126
0,2,0,0.2044282354210563,81.72763027673692,83.18,0,0.42,0,1128,2175.6385171371426,2191.692121645736,2,2,2191.692121645736,2,2,16.053604508593253,0.007378801387336,16.053604508593253,0.007378801387336,1.007378801387336,1.007378801387336,0.0035190805792807,0.0035385191440581,14.953796900808811
1,13,0,0.2086748680445234,8.68414170637651,8.62,0,0.206,0,1122,3252.2279031693893,3275.502495745273,3,3,3275.502495745273,3,3,23.274592575883617,0.0071565072525212,23.274592575883617,0.0071565072525212,1.0071565072525213,1.0071565072525213,0.0026486292481422,0.0026632025837897,2.241997063159942
0,2,0,0.1906997624666475,55.9260974502138,55.66,0,0.22,0,1127,1107.004487778469,1107.004487778469,1,1,1107.004487778469,1,1,0.0,0.0,0.0,0.0,1.0,1.0,0.0005957856774329,0.0005844756960868,2.178988568484783
0,2,0,0.1819407718029898,66.42869218890891,67.26,0,0.254,0,1123,1105.245679782739,1105.245679782739,1,1,1105.245679782739,1,1,0.0,0.0,0.0,0.0,1.0,1.0,0.0003520026803016,0.0003591552376747,3.514278583228588
0,2,0,0.1867950013495053,73.36724075750797,72.18,0,0.244,0,1124,1082.0514285912404,1082.0514285912404,1,1,1082.0514285912404,1,1,0.0,0.0,0.0,0.0,1.0,1.0,0.0003288686275481,0.0003430470824241,4.002875499427319
0,2,0,0.2154777825989271,46.32252318061174,45.7,0,0.228,0,1122,2145.087951067488,2163.8030880736096,1,2,2145.087951282097,2,2,18.71513700612149,0.0087246478620179,2.14608917303849e-07,1.0004667510115396e-10,1.008724647862018,1.0000000001000466,0.0004122853279113,0.0004810020327567,2.7929441183805466
0,7,0,0.1939148311430699,17.323389385416796,17.48,0,0.234,0,1130,3207.2262335330274,3213.247770233228,2,3,3213.247770233228,2,3,6.021536700200613,0.0018774904736194,6.021536700200613,0.0018774904736194,1.0018774904736194,1.0018774904736194,0.0011703222990035,0.0011941492557525,2.4911395013332367
0,3,0,0.2108130127024415,36.63510184866946,35.68,0,0.206,0,1128,2175.230934207143,2186.8659195062414,2,2,2186.8659195062414,2,2,11.634985299098387,0.0053488506052987,11.634985299098387,0.0053488506052987,1.0053488506052988,1.0053488506052988,0.0005940496921539,0.0006006807088851,1.8863226547837253
0,2,0,0.202558593962041,76.05093628486051,77.12,0,0.286,0,1127,2125.3384979617363,2125.3384979617367,1,2,2125.3384979617367,1,2,4.547473508864641e-13,2.1396467025021214e-16,4.547473508864641e-13,2.1396467025021214e-16,1.0000000000000002,1.0000000000000002,0.000904656946659,0.0009133890271185,6.105255119502544
0,2,0,0.1792726808306174,63.19364920695701,63.32,0,0.27,0,1119,1093.6797125076914,1093.6797125076914,1,1,1093.6797125076914,1,1,0.0,0.0,0.0,0.0,1.0,1.0,0.000323824584484,0.0003281235694884,4.267417810857296
0,3,0,0.1695935580070725,36.77689299100058,36.04,0,0.234,0,1125,1113.4719226572645,1113.4719226572645,1,1,1113.4719226572645,1,1,0.0,0.0,0.0,0.0,1.0,1.0,0.0007424876093864,0.0007483810186385,3.188052073121071
0,7,0,0.2020006142081129,15.46019140222848,15.62,0,0.218,0,1122,3199.2585974638523,3275.4657880056866,2,3,3229.270646165582,3,3,76.20719054183428,0.0238202659210624,30.012048701729785,0.0093809386729541,1.0238202659210625,1.0093809386729542,0.001590646803379,0.0017473772168159,2.33137084543705
1,10,0,0.1687402589092818,11.370483821111907,11.44,0,0.212,0,1130,2178.7862852921994,2213.1147455088835,2,2,2213.1147455088835,2,2,34.32846021668411,0.0157557721234142,34.32846021668411,0.0157557721234142,1.0157557721234145,1.0157557721234145,0.0017102137207984,0.0017247349023818,2.493390947580337
0,2,0,0.1775531252074631,94.40447206811584,92.86,0,0.302,0,1121,2196.3146024459866,2200.837610738451,2,2,2200.837610738451,2,2,4.52300829246451,0.0020593626648146,4.52300829246451,0.0020593626648146,1.0020593626648149,1.0020593626648149,0.0014981999993324,0.0014921352267265,5.636383816599846
0,8,0,0.1592192604222785,14.456438831278623,14.5,0,0.21,0,1127,2211.0911281610825,2222.0441014820826,2,2,2222.0441014820826,2,2,10.952973321000172,0.0049536507932667,10.952973321000172,0.0049536507932667,1.0049536507932668,1.0049536507932668,0.0014236867427825,0.0014240965247153,2.1710547655820847
0,3,0,0.1850532883004702,35.19405471499626,34.28,0,0.204,0,1131,2089.5109774583734,2089.5109774583734,1,2,2089.5109774583734,1,2,0.0,0.0,0.0,0.0,1.0,1.0,0.000449888408184,0.0004592016339301,1.7853799238801005
0,2,0,0.1886268587391526,82.08280548607588,82.48,0,0.33,0,1120,2098.063659024908,2098.0636592348146,1,2,2098.0636592348146,1,2,2.0990682969568297e-07,1.0004788405383224e-10,2.0990682969568297e-07,1.0004788405383224e-10,1.000000000100048,1.000000000100048,0.0004196763038635,0.000423640012741,7.759864866733551
0,9,0,0.1839099138971875,11.27312494289573,11.18,0,0.208,0,1120,2215.611373115016,2215.611373115034,2,2,2215.611373115034,2,2,1.8189894035458565e-11,8.20987572828924e-15,1.8189894035458565e-11,8.20987572828924e-15,1.0000000000000082,1.0000000000000082,0.001191273331642,0.0012010857462882,1.935318604111672
0,4,0,0.2179447764810036,32.76317668249899,31.96,0,0.246,0,1133,2152.3524147394605,2193.621282121446,1,2,2158.5682710320366,2,2,41.26886738198528,0.0191738430469718,6.215856292576063,0.0028879361251482,1.019173843046972,1.002887936125148,0.0010108724236487,0.0010873675346374,3.9758849814534174
0,3,0,0.1951770357199523,37.30273521370537,36.2,0,0.204,0,1126,2088.2352391677805,2088.2352391677805,1,2,2088.2352391677805,1,2,0.0,0.0,0.0,0.0,1.0,1.0,0.0004099085927008,0.0004214569926261,1.835970252752304
1,17,0,0.2011492827494478,6.011129513842413,5.76,0,0.202,0,1119,3250.275408364479,3298.5550991327664,2,3,3257.229282848237,3,3,48.27969076828731,0.0148540307212247,6.953874483757772,0.0021394723862052,1.0148540307212248,1.0021394723862052,0.0083074644207954,0.0085073709487914,2.5681518241763115
1,10,0,0.2139352740563304,9.50086584310418,9.62,0,0.214,0,1128,3231.8523684440884,3272.487145450966,2,3,3246.7990176247386,3,3,40.63477700687781,0.0125732157210017,14.946649180650184,0.0046247933001487,1.0125732157210017,1.0046247933001489,0.0040099024772643,0.0041197836399078,2.2193165495991707
0,2,0,0.2008732474284046,96.18368316373352,98.04,0,0.428,0,1119,3342.325670124072,3342.325670124076,3,3,3342.325670124076,3,3,4.092726157978177e-12,1.2245144734283925e-15,4.092726157978177e-12,1.2245144734283925e-15,1.000000000000001,1.000000000000001,0.0005310550332069,0.0005545988678931,13.545893587172031
0,2,0,0.1932790826100952,68.99822243528799,72.42,0,0.296,0,1122,2127.016400559286,2127.93170622239,1,2,2127.93170622239,1,2,0.9153056631039362,0.0004303237449712,0.9153056631039362,0.0004303237449712,1.0004303237449712,1.0004303237449712,0.0003964453935622,0.0004031062126158,5.639242343604565
0,4,0,0.2040742462450301,31.894529649323754,31.66,0,0.272,0,1133,2164.071369386518,2164.071369386518,2,2,2164.071369386518,2,2,0.0,0.0,0.0,0.0,1.0,1.0,0.0005412027239798,0.0005468949675559,3.785432979464531
0,6,0,0.1987176736986902,20.007863614075287,20.12,0,0.224,0,1129,2095.0520484291865,2110.30698292772,1,2,2095.0520484291865,2,2,15.254934498533656,0.0072814107458434,0.0,0.0,1.0072814107458434,1.0,0.0012020766735076,0.0012804195284843,3.4402163177728653
0,2,0,0.1775056991462958,56.18914242571798,58.86,0,0.256,0,1127,2139.2927330257726,2148.654071405247,1,2,2139.2927330257726,2,2,9.361338379474546,0.0043759034165623,0.0,0.0,1.0043759034165625,1.0,0.0004301816225051,0.0005034059286117,4.199414610862732
0,2,0,0.2057109637212368,70.78851504715402,71.0,0,0.33,0,1126,1114.6643422203174,1114.6643422203174,1,1,1114.6643422203174,1,1,0.0,0.0,0.0,0.0,1.0,1.0,0.0006137937307357,0.0006219521164893,8.490865163505077
0,3,0,0.1899886460553946,57.85496102833102,57.86,0,0.268,0,1126,2099.655348446233,2119.4187700598613,1,2,2099.655348446233,2,2,19.76342161362845,0.0094126979593358,0.0,0.0,1.009412697959336,1.0,0.0006623193621634,0.0008390247821806,5.299225404858589
0,5,0,0.2033738236678693,21.76663808510686,22.18,0,0.218,0,1125,2172.223112102527,2205.1485728858206,2,2,2205.1485728858206,2,2,32.9254607832936,0.0151574949183855,32.9254607832936,0.0151574949183855,1.0151574949183857,1.0151574949183857,0.0010728314518928,0.0010831356048583,2.184643991291523
0,7,0,0.2135271785601205,17.042245268140285,17.98,0,0.224,0,1126,3217.3165810010128,3222.57506049508,2,3,3222.57506049508,2,3,5.25847949406716,0.0016344302345375,5.25847949406716,0.0016344302345375,1.0016344302345377,1.0016344302345377,0.0008301883935927,0.0008438602089881,2.342004768550396
0,6,0,0.1967505813465531,18.00539499607384,18.58,0,0.22,0,1133,2079.741200829827,2079.741200829827,1,2,2079.741200829827,1,2,0.0,0.0,0.0,0.0,1.0,1.0,0.0009927079081534,0.0009953379631042,2.735469363629818
0,6,0,0.2070011603371624,19.093176348048043,18.38,0,0.228,0,1121,2227.2527096264484,2228.586502557146,2,2,2228.586502557146,2,2,1.3337929306976548,0.0005988511878031,1.3337929306976548,0.0005988511878031,1.0005988511878032,1.0005988511878032,0.0006264373660087,0.0006371811032295,2.5591064393520355
0,2,0,0.1617145408569288,72.77350200544637,72.32,0,0.336,0,1131,2143.7581059161685,2155.362156600608,1,2,2143.7581059161685,2,2,11.6040506844397,0.0054129477819422,0.0,0.0,1.0054129477819422,1.0,0.0008279010653495,0.0009114816784858,8.044953256845474
0,9,0,0.2070460559825168,11.320737789368744,11.48,0,0.212,0,1125,3285.1985735820863,3300.5897863703785,3,3,3300.5897863703785,3,3,15.39121278829225,0.004685017493938,15.39121278829225,0.004685017493938,1.004685017493938,1.004685017493938,0.0021056458353995,0.0021305084228514,2.141222171485424
0,2,0,0.2050986548628398,54.47773388203905,54.54,0,0.2,0,1123,2173.027673908045,2189.97558526798,1,2,2173.0276739080464,2,2,16.947911359935006,0.0077992156121303,1.3642420526593924e-12,6.278070311943587e-16,1.0077992156121305,1.0000000000000009,0.0004056692123412,0.0004787966609,1.9894440472126007
0,4,0,0.2093435624942835,26.784608349145493,27.14,0,0.214,0,1120,2120.2049928912875,2133.9940936410258,1,2,2120.2049928912875,2,2,13.789100749738282,0.0065036639362566,0.0,0.0,1.0065036639362566,1.0,0.0009560659527777,0.0010583177208899,2.0003511756658554
0,7,0,0.2084550950727011,15.34502573632585,15.14,0,0.21,0,1125,3205.1863570325404,3215.527173701448,2,3,3213.6668316802497,3,3,10.340816668907792,0.0032262762650973,8.480474647709343,0.0026458600852029,1.0032262762650974,1.0026458600852028,0.0012156516313552,0.0013264194130897,2.097413919866085
0,3,0,0.2200806288442638,57.06252587045673,55.42,0,0.266,0,1131,2124.6184317799857,2132.602432323956,1,2,2124.618431779986,2,2,7.984000543970069,0.0037578514920823,4.547473508864641e-13,2.140371861998208e-16,1.0037578514920824,1.0000000000000002,0.0007918179035185,0.0008550882339476,3.755294680595398
0,2,0,0.1843841293975958,57.61192503752976,58.14,0,0.248,0,1128,1094.7519948222605,1094.7519948222605,1,1,1094.7519948222605,1,1,0.0,0.0,0.0,0.0,1.0,1.0,0.00061447173357,0.0006211549043655,3.46882887929678
1,14,0,0.2021234917891122,7.193003074643078,7.16,0,0.2,0,1131,3271.340439197958,3365.801753248794,2,3,3303.8861734549,3,3,94.46131405083588,0.0288754153859924,32.54573425694207,0.0099487457395052,1.0288754153859925,1.009948745739505,0.0056325420737265,0.0058986693620681,2.102633535861969
1,10,0,0.200935448880326,11.44021911637056,11.64,0,0.224,0,1124,3262.5218691040864,3309.108700148676,2,3,3264.94529401326,3,3,46.58683104458942,0.0142793927255367,2.4234249091737183,0.0007428072535309,1.014279392725537,1.000742807253531,0.003131553530693,0.0033712238073348,2.704477936029434
0,3,0,0.2012908436958485,33.47036782275792,34.24,0,0.242,0,1127,2072.405105506084,2112.902698647054,1,2,2097.577273954624,2,2,40.49759314096991,0.0195413498226643,25.172168448540106,0.0121463551608038,1.0195413498226642,1.012146355160804,0.0005208104848861,0.0006227046251296,3.6762439534068094
0,4,0,0.2236729552892794,25.215485521585144,24.54,0,0.216,0,1123,3232.636566343557,3253.0797133168244,2,3,3241.3136873027265,3,3,20.443146973267176,0.00632398556216,8.677120959169315,0.0026842240941993,1.00632398556216,1.002684224094199,0.0006430968642234,0.0007315650582313,2.109281904995441
0,3,0,0.1910317910170465,49.319435064621786,49.52,0,0.294,0,1129,2132.27919464066,2136.159560146769,1,2,2132.279194640664,2,2,3.880365506108774,0.0018198205543916,3.637978807091713e-12,1.7061456193145472e-15,1.0018198205543916,1.0000000000000018,0.0005333423614501,0.0007083863019943,5.313696466386318
0,4,0,0.1894849806754931,28.13554470403203,28.56,0,0.218,0,1123,2116.743258527901,2125.894764714474,1,2,2118.3420496748195,2,2,9.151506186572988,0.0043233897874499,1.5987911469183018,0.0007553070692334,1.00432338978745,1.0007553070692334,0.0057032555341719,0.0068509876728057,3.1500177681446075
0,3,0,0.2026800730693152,34.91885759506644,35.1,0,0.204,0,1122,1118.694025035166,1118.694025035166,1,1,1118.694025035166,1,1,0.0,0.0,0.0,0.0,1.0,1.0,0.0009364560246466,0.0009368136525153,1.9545631483197208
0,2,0,0.1789298757172305,90.8259001519906,88.68,0,0.302,0,1121,1085.600669815619,1085.600669815619,1,1,1085.600669815619,1,1,0.0,0.0,0.0,0.0,1.0,1.0,0.0005101561546325,0.0005133599042892,7.740595586597919
0,3,0,0.167345237758955,39.593304306200274,40.78,0,0.21,0,1131,2083.3101558552416,2083.3101558552416,1,2,2083.3101558552416,1,2,0.0,0.0,0.0,0.0,1.0,1.0,0.0006922110915183,0.0007184371352194,1.685211792588234
0,2,0,0.1971549825290825,92.28294325560118,93.64,0,0.35,0,1132,2232.906888431088,2250.18901678574,2,2,2250.18901678574,2,2,17.28212835465183,0.0077397442966351,17.28212835465183,0.0077397442966351,1.0077397442966352,1.0077397442966352,0.0005613118410109,0.0005718022584914,8.13397278636694
0,2,0,0.1858333041697447,93.5823224902526,90.92,0,0.308,0,1132,1124.955562890966,1126.8390645814338,1,1,1126.8390645814338,1,1,1.8835016904679376,0.0016742898587279,1.8835016904679376,0.0016742898587279,1.001674289858728,1.001674289858728,0.0003030747175216,0.0003086477518081,6.651192359626293
0,2,0,0.2142816486908645,50.03202259530835,50.82,0,0.24,0,1127,1117.287083366428,1117.287083366428,1,1,1117.287083366428,1,1,0.0,0.0,0.0,0.0,1.0,1.0,0.0006146803498267,0.0006193220615386,3.257231503725052
0,3,0,0.1817902353740524,36.71481265381776,35.16,0,0.208,0,1129,2096.665432233852,2096.665432233852,1,2,2096.665432233852,1,2,0.0,0.0,0.0,0.0,1.0,1.0,0.0005105063319205,0.000521034002304,1.9056531265378
0,1,0,0.1515509335637269,95.6057431839371,100.14,0,0.204,0,1124,1054.2753204305754,1107.521279695745,0,1,1054.2753204305754,1,1,53.24595926516963,0.0505047953161072,0.0,0.0,1.0505047953161073,1.0,0.0006946101784705,0.0007918924093245,2.821500577032566
0,2,0,0.2210854323259675,74.55021334495582,72.84,0,0.272,0,1129,2167.9126886434256,2179.760187244334,1,2,2167.912688860317,2,2,11.84749860090824,0.005464933464789,2.1689129425794818e-07,1.0004613903231878e-10,1.005464933464789,1.0000000001000462,0.000581033527851,0.0006698295474051,4.686087124049664
0,4,0,0.2385954958730101,32.62162223604243,32.5,0,0.214,0,1132,2159.3085538151217,2220.5407449086683,1,2,2173.6723952389007,2,2,61.23219109354659,0.0283573141899336,14.363841423778922,0.0066520560011678,1.0283573141899336,1.0066520560011678,0.000825822353363,0.0008955001831054,2.27523010969162
0,2,0,0.2081729438300854,58.26990780520614,58.62,0,0.212,0,1127,1072.913539784278,1072.913539784278,1,1,1072.913539784278,1,1,0.0,0.0,0.0,0.0,1.0,1.0,0.0011707767844199,0.0011678859591483,2.7204300612211227
0,2,0,0.198001378857673,90.86506176615158,86.66,0,0.358,0,1123,2100.3074526307514,2100.3074526307514,1,2,2100.3074526307514,1,2,0.0,0.0,0.0,0.0,1.0,1.0,0.0006746724247932,0.0006867200136184,9.979155488312244
0,3,0,0.2192800116070505,43.46857017903784,44.72,0,0.332,0,1131,2151.628876462075,2163.4981956105894,1,2,2151.628876462075,2,2,11.869319148514478,0.0055164342133347,0.0,0.0,1.0055164342133347,1.0,0.0005093663930892,0.0006058812141417,9.974422834813597
0,2,0,0.1867933819328252,55.775277558035775,57.4,0,0.242,0,1120,1067.122694495038,1100.3935483461607,1,1,1100.3935483461607,1,1,33.27085385112264,0.0311780960359636,33.27085385112264,0.0311780960359636,1.0311780960359638,1.0311780960359638,0.0005490705370902,0.0006298720836638,5.049419067800045
0,2,0,0.2076486956044592,84.17857771650873,88.38,0,0.332,0,1120,2168.6620015605467,2195.250414629646,1,2,2168.662001777516,2,2,26.58841306909926,0.012260284474928,2.169690560549498e-07,1.0004742827550859e-10,1.012260284474928,1.0000000001000475,0.000382013618946,0.0004619434475898,8.09617131948471
0,2,0,0.2012702502381161,62.74508179592006,61.4,0,0.238,0,1121,1070.6068140863397,1070.6068140863397,1,1,1070.6068140863397,1,1,0.0,0.0,0.0,0.0,1.0,1.0,0.0003480315208434,0.0003556385636329,3.372888505458832
0,8,0,0.1902184660149064,12.923514591927212,12.68,0,0.208,0,1122,2148.761103311593,2234.239579614556,1,2,2178.087922253634,2,2,85.47847630296292,0.0397803535121827,29.326818942040973,0.01364824544564,1.0397803535121828,1.01364824544564,0.0014808475971221,0.0015659108757971,3.118291236460209
0,2,0,0.185089634417344,68.22341285151907,68.58,0,0.212,0,1122,1083.50616024202,1083.50616024202,1,1,1083.50616024202,1,1,0.0,0.0,0.0,0.0,1.0,1.0,0.0008368790149688,0.0008476078510283,2.037884630262852
0,2,0,0.1798683968182723,76.81344309058986,78.06,0,0.324,0,1126,2179.099288467638,2193.198561741184,2,2,2193.198561741184,2,2,14.09927327354626,0.0064702298551347,14.09927327354626,0.0064702298551347,1.006470229855135,1.006470229855135,0.0004563704133033,0.0004704818129539,6.853186026215553
0,2,0,0.1873577304034518,75.16692922831088,75.66,0,0.294,0,1124,1087.7196812259297,1088.2809168628503,1,1,1088.2809168628503,1,1,0.5612356369206282,0.0005159745167873,0.5612356369206282,0.0005159745167873,1.0005159745167873,1.0005159745167873,0.0005410686135291,0.0005439519882201,8.894264355301857
0,5,0,0.1876953789007711,21.05913747847438,21.88,0,0.224,0,1131,2141.827870441043,2180.0977270505064,1,2,2141.827870441043,2,2,38.2698566094632,0.0178678488302529,0.0,0.0,1.017867848830253,1.0,0.0005401968955992,0.0006101280450819,3.081728093326092
0,2,0,0.16676389875041,82.23044380488246,83.64,0,0.284,0,1132,1091.960170721898,1112.7268413815907,1,1,1112.7268413815907,1,1,20.76667065969264,0.0190177913228865,20.76667065969264,0.0190177913228865,1.0190177913228866,1.0190177913228866,0.0011664181947707,0.0012019500136375,7.415272384881973
0,2,0,0.2105940510699688,77.25623637154287,76.02,0,0.322,0,1127,2158.4315461647257,2180.723417608008,1,2,2158.4315461647257,2,2,22.29187144328216,0.0103278102485539,0.0,0.0,1.010327810248554,1.0,0.0003856122493743,0.0004680380225181,8.339060135185719
0,6,0,0.1800318885287622,15.539600026184404,16.68,0,0.224,0,1121,2133.7618961325625,2163.2868023242654,1,2,2139.2938530747524,2,2,29.52490619170294,0.0138370200748343,5.531956942189936,0.0025925839955323,1.0138370200748343,1.0025925839955323,0.0006024837493896,0.0006651803851127,2.4842797219753265
0,2,0,0.181147316424495,75.06715072387968,75.5,0,0.308,0,1124,1101.0359565097422,1101.0359565097422,1,1,1101.0359565097422,1,1,0.0,0.0,0.0,0.0,1.0,1.0,0.0005175918340682,0.0005285441875457,6.296181671321392
0,2,0,0.180534186769688,53.859557977120446,54.0,0,0.23,0,1120,2213.612969889248,2213.612969889248,2,2,2213.612969889248,2,2,0.0,0.0,0.0,0.0,1.0,1.0,0.0005442351102828,0.0005572587251662,2.328911527991295
0,5,0,0.189894986779903,23.195526268949816,22.94,0,0.2,0,1120,2138.1790503296684,2138.1790503296684,2,2,2138.1790503296684,2,2,0.0,0.0,0.0,0.0,1.0,1.0,0.0009025409817695,0.0009292587637901,1.826662451028824
0,2,0,0.2294415300571558,79.70063142362349,80.24,0,0.276,0,1121,2146.891344619542,2171.516503866701,1,2,2146.8913446195425,2,2,24.62515924715899,0.0114701469680212,4.547473508864641e-13,2.1181665854964424e-16,1.0114701469680214,1.0000000000000002,0.0007357597351074,0.0008028671145439,5.219694420695305
0,8,0,0.1901984409764121,12.05854591372043,11.88,0,0.204,0,1130,2133.3739278115872,2191.8861275959707,1,2,2144.2309485406176,2,2,58.51219978438348,0.0274270717484605,10.85702072903041,0.005089131627369,1.0274270717484606,1.0050891316273691,0.0025611296296118,0.0027006417512892,2.731488011777401
0,3,0,0.1962569076911862,42.222834456586085,43.06,0,0.232,0,1121,2168.809425579674,2168.809425579678,2,2,2168.809425579678,2,2,4.092726157978177e-12,1.8870842729228195e-15,4.092726157978177e-12,1.8870842729228195e-15,1.0000000000000018,1.0000000000000018,0.0009980052709579,0.001005433499813,2.936632551252842
0,5,0,0.1836903350090376,20.501002400308963,20.84,0,0.244,0,1122,2145.6178659103334,2145.6178659103416,2,2,2145.6178659103416,2,2,8.185452315956354e-12,3.814962788112069e-15,8.185452315956354e-12,3.814962788112069e-15,1.0000000000000038,1.0000000000000038,0.0012654960155486,0.0012633502483367,3.18633271753788
0,3,0,0.1707857197328637,35.158786040268154,35.92,0,0.206,0,1129,2095.407938055753,2095.407938055753,1,2,2095.407938055753,1,2,0.0,0.0,0.0,0.0,1.0,1.0,0.0004291608929633,0.0004308894276618,1.774671159684658
0,3,0,0.1978013522316778,48.1146753288421,49.4,0,0.24,0,1131,2099.012305728844,2101.9193508006574,1,2,2099.0123057288456,2,2,2.907045071813627,0.0013849585654545,1.8189894035458565e-12,8.665930154774607e-16,1.0013849585654546,1.0000000000000009,0.0004018545150755,0.0004794076085089,3.674522995948792
1,10,0,0.2080031396937291,10.792779752937502,10.5,0,0.204,0,1133,2238.820357499629,2238.820357499629,2,2,2238.820357499629,2,2,0.0,0.0,0.0,0.0,1.0,1.0,0.0018232837319373,0.0018344819545745,2.046682797372341
0,2,0,0.1826136656032398,70.0493763118277,68.0,0,0.322,0,1131,2161.4854177838893,2183.9739677892585,1,2,2161.4854177838893,2,2,22.488550005369238,0.0104042108359102,0.0,0.0,1.0104042108359104,1.0,0.0004806891083716,0.0005664825439452,6.674943916499615
0,9,0,0.1854851764518718,9.795065606579854,10.3,0,0.21,0,1119,3236.240309077109,3279.3021288925943,2,3,3252.8670665274303,3,3,43.06181981548525,0.0133061255354567,16.626757450321293,0.005137677014802,1.0133061255354567,1.005137677014802,0.0009767636656761,0.0010673031210899,1.946915566921234
0,2,0,0.2325494833510534,97.2534339398685,95.8,0,0.402,0,1119,2157.896467547297,2170.9620971096874,2,2,2170.9620971096874,2,2,13.065629562390312,0.0060547990873913,13.065629562390312,0.0060547990873913,1.0060547990873914,1.0060547990873914,0.0006782039999961,0.0007134824991225,12.59973706305027
0,2,0,0.2048005669043926,77.99532915715179,78.54,0,0.29,0,1120,1109.41441759776,1109.41441759776,1,1,1109.41441759776,1,1,0.0,0.0,0.0,0.0,1.0,1.0,0.000301107764244,0.0003068149089812,4.735586203634739
0,4,0,0.1850963981993222,36.37442277039975,34.64,0,0.272,0,1120,3284.159293534853,3286.075578285024,3,3,3286.075578285024,3,3,1.916284750171144,0.0005834932410079,1.916284750171144,0.0005834932410079,1.000583493241008,1.000583493241008,0.0006398260593414,0.0006592422723769,3.820669367909432
0,4,0,0.1763008029835012,26.15546242631316,25.26,0,0.226,0,1124,3159.7328914474547,3198.6649177600657,2,3,3187.6930495236265,3,3,38.932026312611015,0.0123213029867143,27.960158076171865,0.0088488992698884,1.0123213029867144,1.0088488992698883,0.0005927607417106,0.0007114484906196,2.112281322479248
0,3,0,0.2015230975442319,41.21470262063602,41.76,0,0.254,0,1123,2167.1793746389512,2177.574817887882,2,2,2167.968870820493,2,2,10.39544324893086,0.0047967618050364,0.7894961815418355,0.0003642966478828,1.0047967618050364,1.000364296647883,0.0005235522985458,0.0006091222167014,3.2472637072205544
0,3,0,0.1906513585706765,41.36166324117679,40.7,0,0.222,0,1129,2162.320098428462,2165.996733741258,2,2,2165.996733741258,2,2,3.676635312795952,0.0017003196314311,3.676635312795952,0.0017003196314311,1.0017003196314311,1.0017003196314311,0.0011159405112266,0.0011336728930473,2.171293243765831
0,5,0,0.1831002387427973,21.86654917350777,22.24,0,0.226,0,1128,2175.565647771385,2188.680771475015,2,2,2188.680771475015,2,2,13.115123703629706,0.0060283741458524,13.115123703629706,0.0060283741458524,1.0060283741458524,1.0060283741458524,0.00112646818161,0.001140035688877,2.3765435069799423
0,7,0,0.1893188350833596,14.73000950281962,14.6,0,0.22,0,1131,3289.870007638132,3308.0780739517195,3,3,3308.0780739517195,3,3,18.20806631358755,0.0055345853396376,18.20806631358755,0.0055345853396376,1.0055345853396376,1.0055345853396376,0.0019076541066169,0.0019428580999374,2.216719888150692
0,3,0,0.1879863465545067,34.007187484641335,35.02,0,0.204,0,1123,2116.904074226988,2117.509187998182,1,2,2116.904074226988,2,2,0.6051137711938281,0.0002858484607597,0.0,0.0,1.0002858484607595,1.0,0.000697687268257,0.0007823929190635,1.7386447116732595
0,2,0,0.2509293292237712,70.06946567929486,68.5,0,0.204,0,1120,1115.8996162614264,1115.8996162614264,1,1,1115.8996162614264,1,1,0.0,0.0,0.0,0.0,1.0,1.0,0.0003681182861328,0.0003737583756446,2.2094505950808525
0,3,0,0.1905451644845199,48.01434334801333,47.7,0,0.246,0,1127,2196.2055786234614,2196.2055786234614,2,2,2196.2055786234614,2,2,0.0,0.0,0.0,0.0,1.0,1.0,0.0005815252661704,0.0005920156836509,3.022593542933464
0,3,0,0.2179741401011881,39.15652392641503,38.44,0,0.208,0,1133,2160.8224913021986,2184.7491962749614,1,2,2164.0182011718816,2,2,23.926704972762764,0.0110729618323916,3.1957098696830144,0.0014789321577993,1.0110729618323917,1.0014789321577997,0.0005161985754966,0.0005800500512122,2.4643696919083595
0,2,0,0.1600679595068049,96.93035498561402,98.52,0,0.37,0,1125,2131.4662779748232,2134.7025408100726,1,2,2131.4662779748232,2,2,3.236262835249363,0.0015183270168009,0.0,0.0,1.0015183270168009,1.0,0.0005567744374274,0.0006775110960006,20.833538107573983
1,14,0,0.182325940056539,7.141116233276649,6.98,0,0.2,0,1124,3321.2349110860664,3321.2349114182903,3,3,3321.2349114182903,3,3,3.322238626424223e-07,1.0003022114860971e-10,3.322238626424223e-07,1.0003022114860971e-10,1.0000000001000302,1.0000000001000302,0.0021006241440772,0.0021188855171203,1.949155420064926
0,3,0,0.2073200085934108,52.342935725966925,50.8,0,0.29,0,1133,1124.080364213679,1132.528334420752,1,1,1124.2727448607404,1,1,8.447970207072785,0.0075154503859538,0.1923806470613271,0.0001711449227172,1.0075154503859538,1.0001711449227173,0.0018956214189528,0.0020610690116881,6.836154617369175
0,2,0,0.2042738240088485,55.40594514635375,57.14,0,0.208,0,1124,1074.0951258678472,1074.0951258678472,1,1,1074.0951258678472,1,1,0.0,0.0,0.0,0.0,1.0,1.0,0.0003488063812255,0.0003559961915015,1.871304303407669
0,2,0,0.1708154163875317,71.57309806063579,70.62,0,0.346,0,1129,1127.382493914897,1127.3824939148972,1,1,1127.3824939148972,1,1,2.273736754432321e-13,2.01682815433531e-16,2.273736754432321e-13,2.01682815433531e-16,1.0000000000000002,1.0000000000000002,0.0003345906734465,0.0003422200679778,8.303253434598446
0,2,0,0.1898303804738479,60.94881807064623,60.18,0,0.278,0,1125,1108.8183744473831,1108.8183744473831,1,1,1108.8183744473831,1,1,0.0,0.0,0.0,0.0,1.0,1.0,0.0008108764886855,0.0008206516504287,4.93663327395916
0,6,0,0.1774179064815815,17.77152754091617,17.34,0,0.208,0,1125,2149.209826392017,2149.209826392017,2,2,2149.209826392017,2,2,0.0,0.0,0.0,0.0,1.0,1.0,0.0009071677923202,0.000919260084629,1.7458040937781334
0,2,0,0.2085242779212347,64.05982543341938,63.84,0,0.222,0,1127,2178.996642467784,2194.110296771816,1,2,2178.996642467784,2,2,15.113654304032025,0.0069360613088945,0.0,0.0,1.006936061308895,1.0,0.0005907267332076,0.0007421523332595,2.766466468572617
0,3,0,0.1725932920030336,36.07945020747458,37.5,0,0.21,0,1128,2131.89247186983,2142.296845352138,1,2,2131.892471869832,2,2,10.404373482308074,0.0048803462743046,1.8189894035458565e-12,8.532275560551449e-16,1.0048803462743046,1.0000000000000009,0.000458925962448,0.000517502427101,2.198563687503338
0,2,0,0.1928282621298166,51.39630401592021,55.48,0,0.248,0,1125,1073.0739094050396,1073.0739094050396,1,1,1073.0739094050396,1,1,0.0,0.0,0.0,0.0,1.0,1.0,0.0006734505295753,0.0006632059812545,3.711170732975006
0,2,0,0.1559918429812864,91.47861773005184,88.8,0,0.288,0,1132,2126.907677934254,2126.907677934254,1,2,2126.907677934254,1,2,0.0,0.0,0.0,0.0,1.0,1.0,0.0006219372153281,0.0006292536854743,4.982571378350258
0,2,0,0.1901869684259072,91.73219425260253,93.36,0,0.392,0,1124,2201.764274721704,2202.5791635791047,2,2,2202.5791635791047,2,2,0.8148888574005468,0.0003701072211754,0.8148888574005468,0.0003701072211754,1.0003701072211757,1.0003701072211757,0.0008319243788719,0.0008523613214492,10.606947019696236
0,2,0,0.1957372944812134,73.216008889726,72.2,0,0.244,0,1123,2237.0425249690966,2240.897878795769,2,2,2237.2493669607925,2,2,3.855353826672399,0.0017234155290479,0.2068419916959101,9.246225290186092e-05,1.001723415529048,1.000092462252902,0.0004480481147765,0.000529110431671,2.794541358947754
0,2,0,0.1731017475812981,69.54883840079461,70.28,0,0.328,0,1121,2109.8470016057054,2109.8470016057054,1,2,2109.8470016057054,1,2,0.0,0.0,0.0,0.0,1.0,1.0,0.0007197558879852,0.0007302090525627,13.659215606749058
0,2,0,0.2163187855787476,89.79975411382803,84.32,0,0.348,0,1128,2151.579878290799,2167.7182158232963,1,2,2151.579878290799,2,2,16.13833753249719,0.0075006917917996,0.0,0.0,1.0075006917917997,1.0,0.0004031285643577,0.0004828572273254,8.613752238452435
0,4,0,0.1955524927996144,27.08394657206408,26.1,0,0.21,0,1132,2123.281540558106,2123.281540558106,2,2,2123.281540558106,2,2,0.0,0.0,0.0,0.0,1.0,1.0,0.0005109533667564,0.0005175694823264,2.0490090996027
0,2,0,0.1926450837402913,89.66064558704582,90.28,0,0.378,0,1132,2152.4844840391447,2171.0550015971103,1,2,2152.484484039146,2,2,18.57051755796556,0.008627480335244,1.3642420526593924e-12,6.337987859031566e-16,1.008627480335244,1.0000000000000009,0.0004747435450553,0.00054582208395,13.785097539424896
0,3,0,0.183219749643732,38.70615522770315,39.06,0,0.23,0,1133,1116.6680314073303,1116.6680314073303,1,1,1116.6680314073303,1,1,0.0,0.0,0.0,0.0,1.0,1.0,0.0007356256246565,0.0007443502545355,2.975282035768032
0,2,0,0.2025520480036541,72.47829460644304,71.74,0,0.258,0,1129,1086.800410858504,1086.800410858504,1,1,1086.800410858504,1,1,0.0,0.0,0.0,0.0,1.0,1.0,0.0003660544753074,0.0003731697797775,3.510669633746147
0,2,0,0.1999516421956646,97.14902162503998,96.36,0,0.35,0,1133,2154.4310131285256,2156.0501153818627,1,2,2154.4310131285256,2,2,1.6191022533371324,0.0007515219765547,0.0,0.0,1.0007515219765548,1.0,0.000402271747589,0.0004664212465285,9.806278832256794
0,2,0,0.215211308779488,66.64288328364918,63.68,0,0.272,0,1125,1093.4347783557396,1093.4347783557396,1,1,1093.4347783557396,1,1,0.0,0.0,0.0,0.0,1.0,1.0,0.0002984702587127,0.0003049820661544,4.383311964571476
0,3,0,0.1767384880512362,57.08113335418745,56.3,0,0.31,0,1125,1087.353210986725,1102.3380982239387,1,1,1102.3380982239387,1,1,14.984887237213798,0.0137810668012978,14.984887237213798,0.0137810668012978,1.013781066801298,1.013781066801298,0.0006282553076743,0.0006369724869727,9.03624165803194
0,5,0,0.1704300133042113,25.95092893630924,27.9,0,0.258,0,1123,3117.807483305849,3161.809190183229,2,3,3161.809190183229,2,3,44.00170687738,0.0141130288232949,44.00170687738,0.0141130288232949,1.014113028823295,1.014113028823295,0.0010399594902991,0.0010787397623061,3.670031137764454
0,5,0,0.2141506971251318,18.20237632964921,17.64,0,0.204,0,1129,2141.300113851008,2149.428445644139,2,2,2149.428445644139,2,2,8.12833179313111,0.0037959797137042,8.12833179313111,0.0037959797137042,1.0037959797137044,1.0037959797137044,0.0016018599271773,0.001613713800907,1.7681539952754974
0,8,0,0.1656985214176638,12.01957406360587,12.5,0,0.202,0,1122,3245.5779973897334,3292.989561456485,2,3,3261.5867889260617,3,3,47.41156406675145,0.0146080495076323,16.008791536328317,0.0049324932413281,1.0146080495076324,1.0049324932413282,0.0018718317151069,0.001968391239643,2.035254679620266
0,2,0,0.211648063046049,93.76266707513147,94.54,0,0.384,0,1124,2222.870223384637,2235.76203444906,2,2,2235.76203444906,2,2,12.89181106442311,0.0057996238056549,12.89181106442311,0.0057996238056549,1.005799623805655,1.005799623805655,0.0004769191145896,0.0004949271678924,10.753552421927452
0,2,0,0.2153113881143225,65.78417728772433,64.26,0,0.228,0,1127,1111.4822068949325,1111.4822068949325,1,1,1111.4822068949325,1,1,0.0,0.0,0.0,0.0,1.0,1.0,0.0003016293048857,0.0003083273768424,2.632547080516815
0,1,0,0.2302202413142142,96.90790762508075,98.66,0,0.228,0,1123,1060.9935505317892,1121.112403973758,0,1,1060.9935505317892,1,1,60.118853441968895,0.0566627887717472,0.0,0.0,1.0566627887717472,1.0,0.00038143992424,0.0004413500428198,3.3804269954562187
0,7,0,0.1898580708380749,12.473598119407583,12.56,0,0.206,0,1122,3284.9816498584632,3298.5691600608816,3,3,3294.0543271355264,3,3,13.587510202418343,0.0041362514773876,9.07267727706312,0.0027618654361293,1.0041362514773875,1.0027618654361292,0.0013199597597121,0.0014206469058989,1.7703897580504415
0,2,0,0.187536318290972,53.823075231096766,54.76,0,0.216,0,1124,1089.8688740170574,1089.8688740170574,1,1,1089.8688740170574,1,1,0.0,0.0,0.0,0.0,1.0,1.0,0.0006821975111961,0.0006902888417243,2.473389185965061
0,2,0,0.1697632881875352,69.63265324231722,71.64,0,0.326,0,1121,2143.087090265288,2164.2917815773544,1,2,2143.087090479697,2,2,21.20469131206619,0.0098944608496714,2.1440882846945897e-07,1.0004671739351376e-10,1.0098944608496714,1.0000000001000466,0.0008243918418883,0.0008893385529517,7.246551878750324
0,2,0,0.2246812308512436,61.26861511587766,60.26,0,0.254,0,1129,2143.433880263437,2155.621289094964,1,2,2143.4338802634384,2,2,12.187408831527136,0.0056859271208446,1.3642420526593924e-12,6.3647498773870335e-16,1.0056859271208447,1.0000000000000009,0.0004392489790915,0.0005051642656325,5.2444161251187325
0,2,0,0.1749681312657836,66.2207523986946,64.62,0,0.328,0,1129,2167.35361810201,2176.686248041315,1,2,2167.35361810201,2,2,9.332629939305209,0.0043060024268111,0.0,0.0,1.0043060024268111,1.0,0.0004329532384872,0.0005430877208709,8.173055961728096
0,6,0,0.1885644368071782,16.280901673294913,16.78,0,0.216,0,1129,2201.9413201096395,2217.0293634786967,2,2,2217.0293634786967,2,2,15.088043369057232,0.0068521550648343,15.088043369057232,0.0068521550648343,1.0068521550648344,1.0068521550648344,0.0008674487471579,0.0008727684617041,2.180146671831608
0,2,0,0.1971605041283659,69.43523003015261,70.58,0,0.268,0,1132,2182.7361684427124,2189.650581494037,2,2,2189.650581494037,2,2,6.914413051324573,0.0031677731607195,6.914413051324573,0.0031677731607195,1.0031677731607196,1.0031677731607196,0.0004141032695769,0.0004230067133903,3.8816889449954033
0,2,0,0.1761011772285306,85.36325513320634,83.14,0,0.376,0,1124,1122.061105090476,1122.061105090476,1,1,1122.061105090476,1,1,0.0,0.0,0.0,0.0,1.0,1.0,0.0006539300084113,0.0006607696413993,11.976735033094885
0,4,0,0.2222934317337563,26.94110193861169,26.2,0,0.214,0,1131,2145.9632738414834,2192.1299467699555,1,2,2161.7185579283823,2,2,46.16667292847205,0.0215132632935647,15.755284086898882,0.0073418237296742,1.0215132632935648,1.0073418237296743,0.0008111968636512,0.0008871629834174,2.144676946103573
0,5,0,0.1896494430702617,23.106223090116337,23.02,0,0.238,0,1133,2186.8784069266403,2211.5743172587063,2,2,2211.5743172587063,2,2,24.695910332065974,0.0112927679261201,24.695910332065974,0.0112927679261201,1.01129276792612,1.01129276792612,0.0018093660473823,0.0018360391259193,2.9812203496694565
0,1,0,0.1963262768335757,91.64020039113788,94.32,0,0.232,0,1123,1061.7162561700902,1122.7231605722145,0,1,1061.7162561700902,1,1,61.00690440212429,0.0574606483112478,0.0,0.0,1.057460648311248,1.0,0.0004946961998939,0.0005566179752349,3.774465851485729
1,10,0,0.189117940616796,11.311433606908665,11.5,0,0.22,0,1128,3218.313510515521,3229.6845821190864,2,3,3229.6845821190864,2,3,11.37107160356527,0.0035332392467083,11.37107160356527,0.0035332392467083,1.0035332392467085,1.0035332392467085,0.0021697580814361,0.0021948292851447,2.645768918097019
0,7,0,0.1710902598379263,16.016195412524702,16.76,0,0.214,0,1129,2186.6732544705424,2207.823168562168,2,2,2207.823168562168,2,2,21.14991409162576,0.009672187670648,21.14991409162576,0.009672187670648,1.009672187670648,1.009672187670648,0.002314805984497,0.0023401230573654,2.3263007178902626
0,5,0,0.1897054197877538,22.52489375978893,22.26,0,0.22,0,1133,2119.216730613282,2150.059988725646,1,2,2122.237730004313,2,2,30.843258112363856,0.014554083906009,3.0209993910311823,0.0014255263972727,1.014554083906009,1.001425526397273,0.0011877790093421,0.0012697353959083,2.914251394569874
0,6,0,0.1941137302733927,18.928575834046747,18.84,0,0.242,0,1130,2159.358887445976,2187.501828477424,2,2,2187.501828477424,2,2,28.14294103144812,0.0130330077112539,28.14294103144812,0.0130330077112539,1.013033007711254,1.013033007711254,0.0031026750802993,0.0030826926231383,2.956101208925247
0,2,0,0.2184500405864504,64.81345602931387,61.62,0,0.2,0,1123,2196.316088622586,2196.316088622586,2,2,2196.316088622586,2,2,0.0,0.0,0.0,0.0,1.0,1.0,0.0004849061369895,0.0004970729351043,1.638174369931221
1,15,0,0.2134915922124092,6.884382654223174,6.9,0,0.208,0,1121,3248.228129508858,3307.307013717945,2,3,3270.0663141840337,3,3,59.07888420908739,0.0181880341692688,21.838184675175853,0.0067231068153079,1.0181880341692688,1.006723106815308,0.0036718547344206,0.0037985667586325,2.4847180619835854
0,4,0,0.2218843232639984,35.30586592442644,33.22,0,0.274,0,1129,2170.6037532059245,2170.603753205924,2,2,2170.603753205924,2,2,-4.547473508864641e-13,-2.0950270182423402e-16,-4.547473508864641e-13,-2.0950270182423402e-16,0.9999999999999998,0.9999999999999998,0.000653564929962,0.0006603747606276,4.143157541751862
0,2,0,0.1669232803949162,92.17258414547916,91.12,0,0.366,0,1119,3205.538202709024,3205.814371888706,2,3,3205.814371888706,2,3,0.2761691796818013,8.615376333634356e-05,0.2761691796818013,8.615376333634356e-05,1.0000861537633363,1.0000861537633363,0.0004951208829879,0.0005126297473906,11.201928794384004
0,3,0,0.1934816768367491,35.384718381811936,34.82,0,0.224,0,1132,1127.0739254929258,1127.0739254929258,1,1,1127.0739254929258,1,1,0.0,0.0,0.0,0.0,1.0,1.0,0.0005435198545455,0.0005495473742484,2.680825307965278
0,4,0,0.1958019430097473,31.04698065332664,31.52,0,0.238,0,1125,3167.5192797574164,3216.5089357410257,2,3,3210.0324526957875,3,3,48.98965598360928,0.0154662534484592,42.5131729383711,0.0134215987918554,1.0154662534484593,1.0134215987918556,0.0006377846002577,0.0007198750972747,2.8427661657333374
0,3,0,0.2226630510520428,40.04793439873247,39.9,0,0.226,0,1121,1115.4405856443095,1115.4405856443095,1,1,1115.4405856443095,1,1,0.0,0.0,0.0,0.0,1.0,1.0,0.0004231110215186,0.0004301592707633,2.480702258646488
0,4,0,0.1927095207193393,29.44254936038305,29.04,0,0.222,0,1124,2166.9892999204008,2166.9892999204844,2,2,2166.9892999204844,2,2,8.36735125631094e-11,3.86127945191898e-14,8.36735125631094e-11,3.86127945191898e-14,1.0000000000000386,1.0000000000000386,0.0005289688706397,0.0005383566021918,2.1964396983385086
0,3,0,0.2091251268314002,35.96543798051282,35.58,0,0.23,0,1129,3188.8525435446627,3231.6717915339864,2,3,3223.5917980929235,3,3,42.819247989323685,0.0134277917854824,34.73925454826076,0.0108939670536303,1.0134277917854824,1.0108939670536303,0.0008296445012091,0.0009031668305396,2.2277356311678886
0,9,0,0.2125738744197121,13.628146582034958,13.88,0,0.216,0,1133,2218.9003998819426,2218.9003998819426,2,2,2218.9003998819426,2,2,0.0,0.0,0.0,0.0,1.0,1.0,0.0032755061984061,0.0032959729433059,2.279105566442013
0,3,0,0.2061963108943586,42.26841017994434,44.18,0,0.282,0,1123,2161.2668588956026,2173.360905508884,2,2,2173.360905508884,2,2,12.094046613281536,0.005595813660633,12.094046613281536,0.005595813660633,1.005595813660633,1.005595813660633,0.0006850287318228,0.0007086321711539,5.1062146499753
0,8,1,0.5898308152555273,10.722284308247492,12.8,0,0.222,0,1120,3302.6591881788218,3316.9632312423205,3,3,3310.8040001573286,3,3,14.30404306349874,0.0043310684658886,8.144811978506823,0.0024661375922951,1.0043310684658886,1.0024661375922952,0.0010428205132484,0.0011356323957442,2.241939000785351
1,11,1,0.7050549941115177,12.062190952925445,12.6,0,0.238,0,1122,3338.437268278353,3355.933188426099,3,3,3355.933188426099,3,3,17.495920147746347,0.0052407515078961,17.495920147746347,0.0052407515078961,1.005240751507896,1.005240751507896,0.0028676465153693,0.0029035359621047,2.922956608235836
0,9,1,0.7756873711447181,16.575405223749314,14.26,0,0.208,0,1124,3270.16833207882,3285.2836956037736,3,3,3285.2836956037736,3,3,15.115363524953864,0.0046221973886418,15.115363524953864,0.0046221973886418,1.0046221973886418,1.0046221973886418,0.0022452548146247,0.0022620931267737,2.361439861357212
0,3,1,0.604970995361302,67.53819533466539,77.22,0,0.348,0,1126,3269.298918583196,3290.8922246958955,2,3,3279.4794878759344,3,3,21.593306112699334,0.0066048735984218,10.180569292738255,0.0031139915762582,1.006604873598422,1.003113991576258,0.0007130950689315,0.0007948577404021,9.57274543493986
0,4,1,0.7604324774789075,22.9053445418586,24.32,0,0.204,0,1132,2128.31238871302,2138.971573024676,1,2,2128.31238871302,2,2,10.65918431165619,0.0050082799725193,0.0,0.0,1.0050082799725193,1.0,0.0006607398390769,0.0007609203457831,1.8927835002541544
0,2,1,0.6028256014369217,77.63506285844798,84.1,0,0.318,0,1121,2083.788169591412,2083.788169591412,1,2,2083.788169591412,1,2,0.0,0.0,0.0,0.0,1.0,1.0,0.0004360601305961,0.0004531666636466,17.118033029139042
1,23,1,0.753367784111745,5.451290871455094,5.34,0,0.2,0,1119,4344.017324611793,4398.756013621036,3,4,4360.204602903749,4,4,54.73868900924299,0.0126009370863028,16.187278291956318,0.0037263383366922,1.012600937086303,1.0037263383366923,0.0079186409711837,0.008006028831005,2.5353128239512444
1,11,1,0.7031447107782609,7.331542425621345,8.52,0,0.202,0,1120,3232.185471768068,3299.5986574097383,2,3,3261.8061607060404,3,3,67.41318564167022,0.0208568432197035,29.62068893797232,0.0091642912192688,1.0208568432197036,1.0091642912192689,0.0023798868060111,0.0024780854582785,2.239662729203701
0,1,1,0.7694756798659405,84.37485908292362,79.98,0,0.388,0,1126,1117.358802946048,1125.537445830705,1,1,1117.8811605418969,1,1,8.178642884657165,0.0073196209338425,0.5223575958489164,0.0004674931583942,1.0073196209338426,1.0004674931583943,0.0008717477321623,0.0010111853480338,15.012735605239868
0,8,1,0.8474707216477368,42.31749593480857,39.76,0,0.43,0,1122,3283.23328160158,3283.483051358453,3,3,3283.483051358453,3,3,0.2497697568728654,7.607432535254585e-05,0.2497697568728654,7.607432535254585e-05,1.0000760743253525,1.0000760743253525,0.0016986727714537,0.0017241314053534,17.077272817492485
0,3,1,0.7084518625447073,48.41278925713506,50.66,0,0.266,0,1121,2134.3479193637954,2144.474245884642,1,2,2136.449431101594,2,2,10.12632652084676,0.0047444591525945,2.101511737798773,0.0009846153566308,1.0047444591525945,1.0009846153566309,0.000598058104515,0.0007180795073508,4.259267374873161
0,2,1,0.784174329773534,93.28544924282728,89.62,0,0.304,0,1127,1101.4540927062817,1126.7242248877396,1,1,1101.4540927062817,1,1,25.27013218145794,0.0229425196645,0.0,0.0,1.0229425196645,1.0,0.0008749365806579,0.0009484812617301,11.307929761707785
1,10,1,0.6096013184860885,12.156522199779946,11.54,0,0.216,0,1125,2227.4675906578304,2227.4675906578304,2,2,2227.4675906578304,2,2,0.0,0.0,0.0,0.0,1.0,1.0,0.0019783377647399,0.0019956752657889,2.39809001237154
0,3,1,0.723609104951528,85.77502120654142,85.22,0,0.546,0,1133,3206.1856982465124,3224.7819116847445,2,3,3224.7819116847445,2,3,18.5962134382321,0.0058001049185649,18.5962134382321,0.0058001049185649,1.005800104918565,1.005800104918565,0.000647097826004,0.0006651803851127,36.41360488533974
0,5,1,0.7277459221609697,26.84792079723586,25.96,0,0.28,0,1120,2195.037660829205,2198.619596768175,2,2,2198.619596768175,2,2,3.5819359389702186,0.0016318334773432,3.5819359389702186,0.0016318334773432,1.0016318334773433,1.0016318334773433,0.0008739978075027,0.0008975714445113,4.504091560840607
0,3,1,0.5774067337637646,66.53654667289075,85.8,0,0.392,0,1133,2135.947120791441,2140.120774577156,1,2,2137.693049544955,2,2,4.173653785715032,0.0019540061385829,1.7459287535139083,0.0008174026110098,1.001954006138583,1.00081740261101,0.0023424401879309,0.002297133207321,25.040812723338604
0,3,1,0.6513827691974586,47.39656130242953,41.08,0,0.248,0,1128,2171.5951904861818,2175.169597306832,2,2,2171.5951904861818,2,2,3.574406820650438,0.0016459821039897,0.0,0.0,1.0016459821039898,1.0,0.0007340162992477,0.0008589699864387,2.813982106745243
0,6,1,0.6488523731254703,17.31829250784064,20.56,0,0.208,0,1132,2155.6609196124614,2238.566313967713,1,2,2186.0746759375897,2,2,82.9053943552517,0.0384593855188302,30.41375632512836,0.0141087849431329,1.0384593855188302,1.014108784943133,0.0010721683502197,0.0011500418186187,2.005673050880432
0,2,1,0.8498317283237727,67.48314937769443,63.88,0,0.372,0,1127,2166.787206078903,2203.654661276997,1,2,2166.787206078906,2,2,36.86745519809392,0.0170148019587076,2.7284841053187847e-12,1.259230300817748e-15,1.0170148019587075,1.000000000000001,0.0008904263377189,0.0009475350379943,25.05590683221817
0,2,1,0.5600806094537373,77.59132381232016,86.56,0,0.48,0,1125,2155.547518901939,2186.3269052238347,1,2,2155.547518901939,2,2,30.7793863218958,0.014279149984861,0.0,0.0,1.014279149984861,1.0,0.0006892457604408,0.0007738843560218,30.730506137013435
0,2,1,0.5622485601740005,60.138586649768285,65.58,0,0.404,0,1130,2157.478209685106,2173.017913558432,1,2,2157.478209685106,2,2,15.539703873326289,0.007202716487966,0.0,0.0,1.007202716487966,1.0,0.0003784671425818,0.0004436746239661,14.123238921165466
0,3,1,0.5677529269542736,72.38725612121522,87.96,0,0.394,0,1132,2198.579835436872,2218.033964258816,2,2,2218.033964258816,2,2,19.45412882194387,0.0088484977931575,19.45412882194387,0.0088484977931575,1.0088484977931576,1.0088484977931576,0.0005099326372146,0.000522531569004,13.04831113666296
0,4,1,0.6690218878731546,66.31643902420666,68.68,0,0.364,0,1120,2157.393586353961,2185.3327462122616,1,2,2157.393586353961,2,2,27.939159858300627,0.0129504231564525,0.0,0.0,1.0129504231564526,1.0,0.0005183517932891,0.0005922764539718,10.436219736933708
0,2,1,0.65404735604517,48.1941968090575,47.96,0,0.268,0,1126,1114.1975460114654,1114.1975460114654,1,1,1114.1975460114654,1,1,0.0,0.0,0.0,0.0,1.0,1.0,0.0003452226519584,0.0003521889448165,4.948643445968628
0,3,1,0.6001535514802468,44.21571106079942,44.1,0,0.24,0,1120,3242.984995648402,3251.0599814211623,2,3,3248.2564169961183,2,3,8.074985772760101,0.0024899855483745,5.271421347716114,0.0016254843469179,1.0024899855483749,1.001625484346918,0.00080007314682,0.0009190440177917,2.791579909622669
0,3,1,0.7337996415384009,83.30718915236996,75.74,0,0.2,0,1121,2164.42077454869,2189.706269588528,1,2,2164.42077454869,2,2,25.28549503983777,0.0116823379895298,0.0,0.0,1.01168233798953,1.0,0.0008764266967773,0.0009918957948684,2.1562568694353104
0,2,1,0.7467301789836474,76.72445286572696,77.52,0,0.288,0,1119,1116.1985572633837,1118.1545679954131,1,1,1116.1985572633837,1,1,1.9560107320294264,0.0017523860063258,0.0,0.0,1.0017523860063258,1.0,0.0007890239357947,0.0008611157536506,7.084016002714634
0,1,1,0.6828784573614434,65.51202908689079,67.2,0,0.212,0,1124,1056.101909338992,1111.7281721500185,0,1,1056.101909338992,1,1,55.62626281102644,0.052671302190754,0.0,0.0,1.052671302190754,1.0,0.0004359111189842,0.0004943683743476,3.7382090985774994
1,20,1,0.6223783140821688,6.584030551057483,6.94,0,0.222,0,1126,3274.9661007223035,3300.304018236918,3,3,3300.304018236918,3,3,25.337917514614677,0.0077368487902901,25.337917514614677,0.0077368487902901,1.0077368487902902,1.0077368487902902,0.012164756655693,0.0121987611055373,3.025118790566921
0,3,1,0.7042741426723317,32.71307504424054,33.54,0,0.292,0,1126,1087.5615590201326,1087.5615590201326,1,1,1087.5615590201326,1,1,0.0,0.0,0.0,0.0,1.0,1.0,0.0005644634366034,0.00057315826416,8.170726224780083
0,2,1,0.7897588106878477,56.63287757842379,41.04,0,0.206,0,1130,1107.899176020575,1107.8991760205754,1,1,1107.8991760205754,1,1,4.547473508864641e-13,4.1045914712190284e-16,4.547473508864641e-13,4.1045914712190284e-16,1.0000000000000004,1.0000000000000004,0.0005599483847617,0.0005659982562064,2.3448326587677
0,2,1,0.6685694501370275,52.11917678498689,52.92,0,0.344,0,1121,2143.535690450699,2150.6100238789204,1,2,2143.7184386739445,2,2,7.074333428221507,0.0033003105382089,0.1827482232456532,8.525550755221092e-05,1.003300310538209,1.000085255507552,0.0004641339182853,0.0005273073911666,8.874750301241875
0,4,1,0.7614060214254482,78.39980974527681,71.54,0,0.362,0,1125,2136.160669497021,2166.166908655712,1,2,2143.0536122428966,2,2,30.006239158691187,0.0140468081765387,6.892942745875644,0.0032267904021932,1.0140468081765388,1.0032267904021932,0.0009059011936187,0.0009783804416656,14.290256306529043
0,2,1,0.6763475755246251,71.03877226061228,73.54,0,0.3,0,1131,1096.5165614048974,1130.183980566566,1,1,1130.183980566566,1,1,33.667419161668704,0.0307039768907208,33.667419161668704,0.0307039768907208,1.030703976890721,1.030703976890721,0.0006819665431975,0.0006975084543227,8.790424078702927
0,7,1,0.6257900040324363,27.39189720502334,26.44,0,0.266,0,1119,2189.9255647016494,2189.92556470165,2,2,2189.92556470165,2,2,4.547473508864641e-13,2.0765425008791007e-16,4.547473508864641e-13,2.0765425008791007e-16,1.0000000000000002,1.0000000000000002,0.0012346357107161,0.0012501254677771,3.5597690418362617
0,3,1,0.6425440295893889,58.0054710142736,69.02,0,0.32,0,1120,3215.2052130145657,3268.6764408534927,2,3,3239.185221163667,3,3,53.47122783892701,0.0166307356129198,23.980008149101195,0.0074583134078143,1.0166307356129198,1.0074583134078143,0.0009791180491447,0.0011308342218399,7.69525869935751
0,2,1,0.6065550019662178,90.3146518979768,105.22,0,0.446,0,1126,2139.6910948304326,2153.7470891095336,1,2,2139.6910950445017,2,2,14.055994279101014,0.0065691698736611,2.140691321983468e-07,1.0004674633434011e-10,1.0065691698736612,1.0000000001000466,0.0013924986124038,0.0015106722712516,16.525782875716686
0,3,1,0.6251848838969593,37.27258087840245,41.6,0,0.26,0,1124,2120.9674772739454,2120.9674772739454,1,2,2120.9674772739454,1,2,0.0,0.0,0.0,0.0,1.0,1.0,0.0007614791393279,0.0007704719901084,3.889438852667809
0,2,1,0.6191505452066225,92.8010228773938,104.84,0,0.352,0,1132,2148.884412123949,2154.934309549388,1,2,2148.88441212395,2,2,6.049897425439212,0.0028153666113011,9.094947017729282e-13,4.23240401690097e-16,1.002815366611301,1.0000000000000004,0.0003887340426444,0.0004706084728239,10.806566037237644
0,7,1,0.6902676232083702,37.57865773334698,36.54,0,0.232,0,1120,3302.825403230404,3318.5206070514214,3,3,3317.858493050527,3,3,15.695203821017458,0.0047520537433393,15.033089820123225,0.0045515847750897,1.0047520537433394,1.0045515847750897,0.0013692453503608,0.0015135332942008,2.6057650074362755
0,3,1,0.7518946356197814,54.1692939025102,60.7,0,0.216,0,1131,2185.493971086792,2205.332639359859,1,2,2185.493971086792,2,2,19.83866827306701,0.0090774298787938,0.0,0.0,1.009077429878794,1.0,0.0004762113094329,0.0005575567483901,3.247657351195812
0,2,1,0.6128696287472823,51.44041715968511,57.94,0,0.298,0,1127,1101.8714525768817,1101.8714525768817,1,1,1101.8714525768817,1,1,0.0,0.0,0.0,0.0,1.0,1.0,0.0006593242287635,0.0006663501262664,6.673342950642109
0,1,1,0.6352097932025563,96.93273326365782,119.1,0,0.29,0,1119,1083.986972608439,1118.8719691726933,1,1,1084.8571694752045,1,1,34.88499656425438,0.0321821179089535,0.870196866765582,0.0008027742848897,1.0321821179089536,1.0008027742848895,0.0005316361784934,0.0006002038717269,8.353583119809628
0,3,1,0.6373808791198158,17.358742908663444,21.02,0,0.234,0,1120,2102.870111011351,2102.870111011351,1,2,2102.870111011351,1,2,0.0,0.0,0.0,0.0,1.0,1.0,0.0005159080028533,0.0005227178335189,2.770256780087948
0,7,1,0.690114630923336,17.118815221019382,17.42,0,0.246,0,1127,3215.306089465404,3218.439796813512,2,3,3218.439796813512,2,3,3.133707348108146,0.000974621781228,3.133707348108146,0.000974621781228,1.000974621781228,1.000974621781228,0.001430071890354,0.0014520958065986,2.971336990594864
0,2,1,0.5969763462860381,71.28500188034573,80.24,0,0.252,0,1130,1090.3263726613804,1090.3263726613804,1,1,1090.3263726613804,1,1,0.0,0.0,0.0,0.0,1.0,1.0,0.0008260682225226,0.000843435525894,4.307694412767887
0,5,1,0.6054704679087397,22.065957606592253,23.34,0,0.3,0,1125,2205.3125503401734,2207.698345781958,2,2,2207.698345781958,2,2,2.3857954417844667,0.0010818400509335,2.3857954417844667,0.0010818400509335,1.0010818400509336,1.0010818400509336,0.0010238960385321,0.0010363981127738,4.60686694085598
0,1,1,0.7064220797213835,56.60348332623083,54.82,0,0.232,0,1123,1067.977608582533,1122.3944760859667,1,1,1067.977608582533,1,1,54.41686750343365,0.0509531914022599,0.0,0.0,1.0509531914022598,1.0,0.0007687509059905,0.0008454322814941,4.967776104807854
0,4,1,0.7525015534812647,29.118967962391125,30.14,0,0.258,0,1124,2128.904441854028,2128.904441854028,2,2,2128.904441854028,2,2,0.0,0.0,0.0,0.0,1.0,1.0,0.0005267113447188,0.0005418732762336,3.458791248500347
0,2,1,0.6240224986248407,91.66198402937772,82.24,0,0.344,0,1122,2163.820490206963,2172.1237260033263,2,2,2172.1237260033263,2,2,8.303235796363424,0.0038373034334143,8.303235796363424,0.0038373034334143,1.0038373034334145,1.0038373034334145,0.0005284100770949,0.0005194395780562,7.971091791987419
0,5,1,0.6541480616251276,37.93845196478047,41.62,0,0.338,0,1122,3283.609079934496,3318.3251752063497,3,3,3309.671695913131,3,3,34.716095271853646,0.010572542110447,26.062615978634767,0.0079371859877895,1.010572542110447,1.0079371859877897,0.0011463165283203,0.0012788102030754,8.176147870719433
0,4,1,0.771624220691921,25.061763901332707,22.42,0,0.218,0,1125,2148.160738296306,2197.709668761192,1,2,2159.251531108938,2,2,49.54893046488587,0.0230657462365608,11.090792812631662,0.0051629250152982,1.0230657462365609,1.0051629250152982,0.0005182623863219,0.0005895197391508,3.911209493875504
0,3,1,0.7704418255235446,86.62400386224886,78.74,0,0.368,0,1129,2113.2815834377934,2113.2815834377934,1,2,2113.2815834377934,1,2,0.0,0.0,0.0,0.0,1.0,1.0,0.001354232430458,0.0012345537543296,11.341071516275406
1,10,1,0.5148220516852922,10.577558715862672,11.64,0,0.224,0,1122,4267.347682466329,4297.152167455319,3,4,4297.152167455319,3,4,29.80448498898932,0.0069843113818566,29.80448498898932,0.0069843113818566,1.0069843113818566,1.0069843113818566,0.0013156309723853,0.0013461038470267,2.755018137395382
0,2,1,0.6659861788709253,92.7080127979786,97.48,0,0.574,0,1128,2186.525611718951,2210.826303342453,2,2,2210.826303342453,2,2,24.30069162350173,0.0111138380878134,24.30069162350173,0.0111138380878134,1.0111138380878135,1.0111138380878135,0.0008811876177787,0.0009068921208381,38.52701205015183
0,3,1,0.6470628438766312,69.05614328323219,73.92,0,0.334,0,1129,2175.927814731769,2236.187210198735,1,2,2192.54377135069,2,2,60.259395466966,0.0276936555794679,16.61595661892079,0.0076362627962311,1.027693655579468,1.0076362627962312,0.0004355087876319,0.0005220919847488,7.989098936319351
0,2,1,0.840057809064493,35.06418945083797,32.78,0,0.204,0,1121,2107.585850235138,2107.5858502351384,1,2,2107.5858502351384,1,2,4.547473508864641e-13,2.157669405664918e-16,4.547473508864641e-13,2.157669405664918e-16,1.0000000000000002,1.0000000000000002,0.000376060605049,0.0003851279616355,2.5190541595220566
1,15,1,0.5707462987307765,8.031817128939206,9.22,0,0.202,0,1131,3186.65766607478,3217.330132896604,2,3,3217.330132896604,2,3,30.672466821823942,0.0096252782808657,30.672466821823942,0.0096252782808657,1.0096252782808657,1.0096252782808657,0.0029354691505431,0.0029541701078414,2.5169029980897903
0,2,1,0.6358748399674996,67.96339074805101,66.7,0,0.328,0,1123,2142.1691677148538,2156.747427357946,1,2,2142.1691677148538,2,2,14.578259643092224,0.0068053727328376,0.0,0.0,1.0068053727328377,1.0,0.0004227384924888,0.0004865899682044,7.284222058951855
0,4,1,0.5220092655063433,23.718357849290264,28.68,0,0.226,0,1130,2128.869479442827,2128.869479442827,1,2,2128.869479442827,1,2,0.0,0.0,0.0,0.0,1.0,1.0,0.0004868209362029,0.000496856868267,2.5176708325743675
0,2,1,0.5876463419665289,97.41364766870666,95.02,0,0.394,0,1129,2131.8568498256154,2141.7568600369013,1,2,2131.864084974056,2,2,9.900010211285917,0.0046438437984688,0.0072351484404862,3.393824703135231e-06,1.0046438437984688,1.000003393824703,0.0005953013896941,0.0006599277257918,14.744944274425508
0,3,1,0.784809200825809,61.47960714764901,62.42,0,0.388,0,1132,2227.559908552073,2227.559908552073,2,2,2227.559908552073,2,2,0.0,0.0,0.0,0.0,1.0,1.0,0.0004773065447807,0.0004903897643089,10.041057139635086
0,5,1,0.6635723814093836,40.018043426768834,44.54,0,0.318,0,1133,2128.3576970240983,2202.8238441421227,1,2,2157.2081099222573,2,2,74.46614711802431,0.034987609095099,28.850412898158996,0.0135552463472178,1.034987609095099,1.013555246347218,0.000901848077774,0.0009785369038581,8.55320730805397
0,3,1,0.69113729001315,87.6439739275361,86.74,0,0.442,0,1128,2209.916755615637,2226.627839088398,2,2,2216.170070808756,2,2,16.711083472760947,0.0075618610657149,6.253315193118851,0.0028296609712689,1.0075618610657149,1.002829660971269,0.000622197985649,0.0006984919309615,20.11859225481749
0,3,1,0.725471214161323,44.895846011304,44.1,0,0.232,0,1123,2180.5228095040848,2180.5228095040848,2,2,2180.5228095040848,2,2,0.0,0.0,0.0,0.0,1.0,1.0,0.0006214454770087,0.0006192922592162,2.560330606997013
1,18,1,0.7305118284355154,5.760615701717292,6.02,0,0.216,0,1122,3231.651543317035,3260.273767420736,2,3,3247.836501421084,3,3,28.622224103701228,0.0088568410671909,16.1849581040492,0.0050082621492775,1.008856841067191,1.0050082621492775,0.0061146840453147,0.0061953738331793,3.0727155953645706
0,2,1,0.6410163771764678,91.58667611487051,107.74,0,0.496,0,1119,2154.12097514156,2204.6972225445725,1,2,2161.581578437038,2,2,50.57624740301253,0.0234788333555356,7.460603295477995,0.0034634096142106,1.0234788333555356,1.0034634096142103,0.0007219314575194,0.0007947608828542,45.09980297833681
0,2,1,0.6516241835654201,71.65031198033032,79.4,0,0.324,0,1121,2234.907764575297,2234.907764575297,2,2,2234.907764575297,2,2,0.0,0.0,0.0,0.0,1.0,1.0,0.0009816214442252,0.0009911879897116,6.358319289982319
0,2,1,0.6303664868664967,35.95832328078551,36.88,0,0.292,0,1129,1112.488078763718,1112.488078763718,1,1,1112.488078763718,1,1,0.0,0.0,0.0,0.0,1.0,1.0,0.0003633424639701,0.0003741011023521,5.193359717726708
1,18,1,0.6449222839040705,5.255489845519988,5.64,0,0.21,0,1123,3324.017643560698,3337.182731226814,3,3,3337.182731226814,3,3,13.165087666116053,0.0039605950021413,13.165087666116053,0.0039605950021413,1.0039605950021413,1.0039605950021413,0.004756785929203,0.004770316183567,2.4719435647130013
0,2,1,0.8794320184612308,86.2631004365936,76.18,0,0.266,0,1133,2155.470895424528,2158.897065854856,1,2,2155.470895424528,2,2,3.4261704303280567,0.0015895229379347,0.0,0.0,1.0015895229379348,1.0,0.0003529340028762,0.0004085600376129,4.461147055029869
0,2,1,0.6595374767173119,52.88116593343011,56.68,0,0.218,0,1131,1102.063037178595,1102.063037178595,1,1,1102.063037178595,1,1,0.0,0.0,0.0,0.0,1.0,1.0,0.0003499835729598,0.0003575682640075,2.3582598492503166
0,3,1,0.7639571967681544,63.64491313152222,69.6,0,0.352,0,1125,1124.9028888455746,1124.9510969827677,1,1,1124.9510969827677,1,1,0.0482081371931144,4.285537682509447e-05,0.0482081371931144,4.285537682509447e-05,1.000042855376825,1.000042855376825,0.0009229481220244,0.0009428039193152,9.661243468523026
0,2,1,0.6939668249421636,64.00697440286064,56.12,0,0.366,0,1125,1109.0159727313928,1109.0159727313928,1,1,1109.0159727313928,1,1,0.0,0.0,0.0,0.0,1.0,1.0,0.0003298595547675,0.0003397166728972,10.008108392357826
0,9,1,0.5780160835403595,14.450243753094307,16.58,0,0.2,0,1130,3253.0051927477675,3267.2796492867715,3,3,3267.2796492867715,3,3,14.27445653900395,0.0043880829243148,14.27445653900395,0.0043880829243148,1.0043880829243148,1.0043880829243148,0.0024902150034903,0.0025147348642348,1.727353252470493
0,2,1,0.663854579605495,86.62409755151768,85.2,0,0.312,0,1123,2127.997059693876,2132.8453989527293,1,2,2127.997059693876,2,2,4.84833925885323,0.0022783580629339,0.0,0.0,1.002278358062934,1.0,0.0003741830587386,0.0004338845610618,9.72306152433157
0,3,1,0.7963341484114566,26.24836009078141,29.24,0,0.226,0,1126,2086.8801542120814,2130.2743806810063,1,2,2102.5528373286907,2,2,43.3942264689249,0.0207938277535198,15.672683116609278,0.0075101021421743,1.0207938277535198,1.0075101021421744,0.0004688948392867,0.000553712248802,2.492267534136772
0,4,1,0.7861626467249068,52.79780209961018,53.9,0,0.218,0,1130,2121.2843237415336,2138.178808337171,1,2,2121.388333411597,2,2,16.89448459563755,0.0079642716473947,0.1040096700635331,4.903146122349137e-05,1.0079642716473949,1.0000490314612236,0.0013252794742583,0.0014221370220183,4.28455375880003
1,13,1,0.707229404404531,7.312894264003665,7.44,0,0.23,0,1127,3262.40349880113,3317.112892885812,2,3,3287.2321734675807,3,3,54.70939408468212,0.0167696589660925,24.828674666450752,0.007610546848535,1.0167696589660926,1.007610546848535,0.0040098354220389,0.0041915327310561,3.235488452017308
0,9,1,0.6420560253150398,14.567395774642764,13.5,0,0.214,0,1119,3268.553232892327,3272.577371881424,3,3,3272.577371881424,3,3,4.024138989097082,0.0012311682577481,4.024138989097082,0.0012311682577481,1.0012311682577482,1.0012311682577482,0.001192420721054,0.0012376084923743,2.112485386431217
0,4,1,0.7575155767444028,36.94007737322255,38.34,0,0.228,0,1124,2127.847070227773,2127.847070227773,2,2,2127.847070227773,2,2,0.0,0.0,0.0,0.0,1.0,1.0,0.0006108954548835,0.0006152987480162,2.67650343477726
0,2,1,0.7712147435454036,62.01147462219769,53.66,0,0.226,0,1123,1107.2692540447065,1107.2692540447065,1,1,1107.2692540447065,1,1,0.0,0.0,0.0,0.0,1.0,1.0,0.0005953311920165,0.000602900981903,3.093301869928837
0,3,1,0.5042531662927158,41.49076554037854,49.58,0,0.322,0,1130,2096.160366546559,2096.160366546559,1,2,2096.160366546559,1,2,0.0,0.0,0.0,0.0,1.0,1.0,0.0004496723413466,0.0004471093416213,8.015692971646786
0,4,1,0.7902272450115546,34.19692279272651,34.34,0,0.298,0,1130,2179.2424867628592,2212.1495415173185,2,2,2212.1495415173185,2,2,32.907054754459296,0.015100226319165,32.907054754459296,0.015100226319165,1.015100226319165,1.015100226319165,0.0007997304201125,0.0008187666535377,5.233179032802582
1,18,1,0.5978690168201436,6.175685995711061,5.82,0,0.21,0,1122,3264.4102860809885,3264.4102864075294,3,3,3264.4102864075294,3,3,3.265408849983942e-07,1.0003058941172962e-10,3.265408849983942e-07,1.0003058941172962e-10,1.0000000001000309,1.0000000001000309,0.0084006786346435,0.0084295794367789,2.572783477604389
0,5,1,0.7331376586855547,77.22396246524826,74.24,0,0.512,0,1119,2211.748618666568,2229.4057498033258,2,2,2229.4057498033258,2,2,17.657131136757926,0.0079833354422543,17.657131136757926,0.0079833354422543,1.0079833354422545,1.0079833354422545,0.0010071769356727,0.0010134950280189,27.873415425419807
0,1,1,0.7052445647180273,68.31224367854153,66.94,0,0.23,0,1119,1061.0249042401272,1063.5871324805669,1,1,1063.5871324805669,1,1,2.5622282404397083,0.0024148615458509,2.5622282404397083,0.0024148615458509,1.002414861545851,1.002414861545851,0.0004037767648696,0.0004136040806769,4.555409975349903
0,2,1,0.6129331316097186,49.255832058454,56.32,0,0.22,0,1124,2221.180216935524,2226.6919493368864,2,2,2221.58568994134,2,2,5.511732401362679,0.0024814431352026,0.405473005816475,0.0001825484500199,1.0024814431352027,1.00018254845002,0.0005964934825897,0.0006864964962004,2.2929285913705826
0,8,1,0.6521185115322453,15.573551307399248,16.16,0,0.208,0,1128,3200.514271278009,3215.836324086089,2,3,3215.836324086089,2,3,15.322052808080116,0.0047873721250309,15.322052808080116,0.0047873721250309,1.0047873721250309,1.0047873721250309,0.0045777708292007,0.0045883208513259,2.741960145533085
0,1,1,0.5953823154134296,70.2800662617928,77.32,0,0.326,0,1124,1088.66108388534,1106.3220984799304,1,1,1106.3220984799304,1,1,17.66101459459037,0.016222693045626,17.66101459459037,0.016222693045626,1.016222693045626,1.016222693045626,0.0003182590007781,0.0003203451633453,9.319335900247095
0,3,1,0.7042858623849423,33.405154356124164,36.86,0,0.238,0,1129,2112.097757209848,2112.097757209848,1,2,2112.097757209848,1,2,0.0,0.0,0.0,0.0,1.0,1.0,0.0005588605999945,0.000565968453884,2.771840788424015
0,9,1,0.5977651983205716,9.773320033726066,10.56,0,0.224,0,1121,2166.0764900133745,2166.076490013409,2,2,2166.076490013409,2,2,3.4560798667371267e-11,1.5955483948379812e-14,3.4560798667371267e-11,1.5955483948379812e-14,1.000000000000016,1.000000000000016,0.0014583468437194,0.0014716386795043,2.4374911710619926
0,3,1,0.8549219522855055,96.45300708729206,104.56,0,0.25,0,1121,2165.2947159729183,2171.489941847355,2,2,2165.593446730129,2,2,6.195225874436801,0.0028611467199988,0.2987307572107056,0.0001379630934334,1.0028611467199988,1.0001379630934335,0.0005226135253905,0.0006105676293372,3.634473644196987
0,2,1,0.5520636051607566,91.67410692421927,110.76,0,0.458,0,1129,2205.305900112536,2216.372800868531,2,2,2205.305900112536,2,2,11.066900755994991,0.0050183064197262,0.0,0.0,1.0050183064197262,1.0,0.0029090344905852,0.0030512064695356,21.53612358123064
0,3,1,0.6481117224435803,61.23044691004878,57.4,0,0.378,0,1124,3264.9944873153613,3265.0999231656456,3,3,3265.0999231656456,3,3,0.105435850284266,3.2292811119249574e-05,0.105435850284266,3.2292811119249574e-05,1.0000322928111192,1.0000322928111192,0.0005606859922408,0.000574305653572,10.202087469398975
0,4,1,0.5518838133609453,21.313779863026625,26.38,0,0.204,0,1131,2117.8912460464003,2172.214623711464,1,2,2128.068605828816,2,2,54.32337766506362,0.0256497484308849,10.177359782415806,0.0048054213366311,1.0256497484308849,1.004805421336631,0.0009983107447623,0.0010837316513061,2.6530047804117203
0,3,1,0.7641280471979256,34.613894247134525,37.84,0,0.222,0,1123,1101.2175377808596,1101.2175377808596,1,1,1101.2175377808596,1,1,0.0,0.0,0.0,0.0,1.0,1.0,0.0008843019604681,0.0008860528469084,3.278947234153748
0,2,1,0.6497699233084924,55.77437999585061,58.24,0,0.29,0,1132,1120.746594404524,1120.746594404524,1,1,1120.746594404524,1,1,0.0,0.0,0.0,0.0,1.0,1.0,0.0003506317734718,0.0003577172756194,5.334428504109383
0,5,1,0.7566957483549861,17.176105246662175,14.08,0,0.206,0,1125,2138.277339926704,2152.842571555453,1,2,2138.277339926704,2,2,14.565231628749189,0.0068116662683468,0.0,0.0,1.0068116662683468,1.0,0.0007135421037673,0.0008032321929931,2.1052566468715668
1,12,1,0.5486650485830198,6.448161212605236,7.38,0,0.206,0,1121,3310.6797945706285,3319.7122276731943,3,3,3319.7122276731943,3,3,9.032433102565848,0.0027282714315587,9.032433102565848,0.0027282714315587,1.0027282714315588,1.0027282714315588,0.0022911503911017,0.0023088678717612,2.155696228146553
0,1,1,0.6493260646582746,61.913002829308695,66.06,0,0.402,0,1128,1114.9470287714305,1127.414244203286,1,1,1115.540894306373,1,1,12.467215431855491,0.0111818903590363,0.5938655349425517,0.0005326401341209,1.0111818903590364,1.000532640134121,0.0008875876665114,0.0009849593043326,19.00091589987278
0,4,1,0.6800225007850892,30.7582670181759,34.58,0,0.246,0,1129,2131.9085936850665,2142.326445809408,1,2,2131.944900695433,2,2,10.417852124341607,0.0048866317041923,0.0363070103662721,1.7030284728818706e-05,1.0048866317041925,1.0000170302847289,0.0004868283867835,0.000568777322769,3.793953806161881
0,2,1,0.6902290635766539,56.526502437998666,57.18,0,0.272,0,1124,1097.1792596129465,1097.1792596129465,1,1,1097.1792596129465,1,1,0.0,0.0,0.0,0.0,1.0,1.0,0.0003037378191947,0.0003102421760559,4.38826797157526
0,5,1,0.746410994602684,40.60428127946386,41.3,0,0.286,0,1127,2181.039231113308,2181.039231113308,2,2,2181.039231113308,2,2,0.0,0.0,0.0,0.0,1.0,1.0,0.0005714297294616,0.0005831718444823,4.383842580020428
0,3,1,0.7286085321350225,37.64685270646242,40.58,0,0.22,0,1120,2103.2709381710465,2127.625226778548,1,2,2103.4998735036875,2,2,24.35428860750153,0.0115792445782945,0.2289353326409582,0.0001088472856664,1.0115792445782943,1.0001088472856663,0.0006560087203979,0.0007345154881476,3.6441124752163887
0,4,1,0.71506515987508,46.38178274965918,46.36,0,0.224,0,1128,2123.500828430824,2158.5042377032937,1,2,2127.706072526948,2,2,35.00340927246998,0.0164838218115205,4.205244096124261,0.0019803355100321,1.0164838218115206,1.001980335510032,0.0006637349724768,0.0007609948515891,2.479823090136051
0,4,1,0.643846958324375,50.27651803673851,54.74,0,0.32,0,1130,2142.085670247092,2158.880582920386,1,2,2144.9925683639267,2,2,16.79491267329422,0.007840448636845,2.906898116834782,0.0013570410171781,1.007840448636845,1.0013570410171782,0.0013791546225547,0.0014519095420837,7.127486139535904
0,2,1,0.6897942512010032,67.9001294181804,75.24,0,0.246,0,1123,2155.5809637594807,2155.5809637594807,2,2,2155.5809637594807,2,2,0.0,0.0,0.0,0.0,1.0,1.0,0.0004569590091704,0.0004769414663314,4.047745816409588
0,3,1,0.7616259676660793,29.829325929014555,28.04,0,0.256,0,1129,1096.6252146115062,1096.6252146133847,1,1,1096.6252146133847,1,1,1.8785613065119833e-09,1.713038585545827e-12,1.8785613065119833e-09,1.713038585545827e-12,1.000000000001713,1.000000000001713,0.0006298869848251,0.0006414949893951,4.369072161614895
0,4,1,0.6539675576463484,37.79299863952967,40.6,0,0.226,0,1124,3154.003624636847,3193.698746170527,2,3,3183.3016329222187,3,3,39.69512153368032,0.01258562964976,29.298008285371907,0.0092891485781806,1.0125856296497602,1.0092891485781803,0.0009218975901603,0.0010240972042083,2.461801089346409
0,1,1,0.7543355838699927,98.72075100271633,96.26,0,0.362,0,1126,1098.8632324490602,1100.3935483461607,1,1,1100.3935483461607,1,1,1.530315897100536,0.0013926354544504,1.530315897100536,0.0013926354544504,1.0013926354544505,1.0013926354544505,0.0004208162426948,0.0004278868436812,12.219889223575592
0,1,1,0.6127097925742122,60.930889470184624,77.58,0,0.25,0,1130,1069.384962151553,1108.7067784520823,1,1,1108.7067784520823,1,1,39.32181630052924,0.0367704967735992,39.32181630052924,0.0367704967735992,1.0367704967735991,1.0367704967735991,0.000292383134365,0.0002989694476127,5.850275188684464
0,9,1,0.6494148233099131,18.002720796636716,20.54,0,0.252,0,1123,3206.5760137093034,3227.266129262902,2,3,3216.902796675261,3,3,20.69011555359839,0.0064524013979835,10.326782965957593,0.0032205015324154,1.0064524013979836,1.0032205015324156,0.0017003342509269,0.0017744824290275,3.432197019457817
0,4,1,0.6706486370647845,35.83688452931554,35.92,0,0.206,0,1131,2133.5582232456886,2156.666412181269,1,2,2143.407274408109,2,2,23.10818893558053,0.0108308218092248,9.849051162420436,0.0046162560998394,1.0108308218092248,1.0046162560998395,0.0005687698721885,0.0006527006626128,2.0262758880853653
0,2,1,0.6773067754480616,69.24447318811545,79.3,0,0.376,0,1119,1118.25383748154,1118.2538374852957,1,1,1118.2538374852957,1,1,3.755758370971307e-09,3.3585919807168173e-12,3.755758370971307e-09,3.3585919807168173e-12,1.0000000000033586,1.0000000000033586,0.0007032677531241,0.0007218793034553,11.699159674346449
0,2,1,0.6438591342012584,82.82771183311459,86.24,0,0.246,0,1126,2183.795047326593,2203.49100832357,1,2,2183.795047326593,2,2,19.695960996977192,0.0090191435414642,0.0,0.0,1.0090191435414642,1.0,0.000390201807022,0.0004629045724868,6.3509626016020775
0,4,1,0.7308326385866184,15.939900898167684,16.18,0,0.25,0,1128,3157.6358121100234,3198.5211066330257,2,3,3187.750439459388,3,3,40.88529452300236,0.0129480715813397,30.114627349364586,0.0095370806328805,1.0129480715813397,1.0095370806328805,0.000577002763748,0.0006521940231322,3.0510004982352257
0,3,1,0.7285930424777439,52.93906356234824,54.24,0,0.344,0,1128,2121.947346216375,2126.5491357799137,1,2,2121.947346216375,2,2,4.601789563538659,0.0021686634080454,0.0,0.0,1.0021686634080456,1.0,0.0008010864257811,0.0008642449975013,10.675714902579784
0,3,1,0.7163436621701061,63.75457985380381,61.16,0,0.284,0,1129,2205.484848614165,2205.484848614165,2,2,2205.484848614165,2,2,0.0,0.0,0.0,0.0,1.0,1.0,0.0004840418696402,0.0004922822117804,4.209884323179722
0,2,1,0.739907284707976,62.46017634509564,58.82,0,0.294,0,1133,1097.615991243207,1098.5944868825818,1,1,1098.5944868825818,1,1,0.9784956393748416,0.0008914735637794,0.9784956393748416,0.0008914735637794,1.0008914735637795,1.0008914735637795,0.0003165900707244,0.0003233700990676,7.965783536434174
0,2,1,0.6132635388587209,65.63002007301839,65.88,0,0.204,0,1120,1094.4934506591576,1108.708523019949,1,1,1108.708523019949,1,1,14.21507236079151,0.0129878094311395,14.21507236079151,0.0129878094311395,1.0129878094311395,1.0129878094311395,0.0007366836071014,0.0007415562868118,2.9768856912851334
0,3,1,0.6431189956585392,52.06720442328948,51.68,0,0.236,0,1123,2106.608456949425,2106.608456949425,1,2,2106.608456949425,1,2,0.0,0.0,0.0,0.0,1.0,1.0,0.000532418489456,0.0005422085523604,2.565286450088024
1,11,1,0.6301275111323512,7.910245342898067,7.96,0,0.202,0,1123,3317.5054945951647,3317.5054945951647,3,3,3317.5054945951647,3,3,0.0,0.0,0.0,0.0,1.0,1.0,0.0017611235380172,0.0017742067575454,1.842939890921116
1,10,1,0.6272068476603759,10.87843996682236,11.0,0,0.23,0,1127,2157.2968599124424,2158.0375555219684,2,2,2158.0375555219684,2,2,0.7406956095260284,0.0003433443135666,0.7406956095260284,0.0003433443135666,1.0003433443135663,1.0003433443135663,0.001724287867546,0.0017344057559966,2.754738450050354
0,2,1,0.7214192688296985,42.04308892576505,40.84,0,0.202,0,1133,1106.1762088459204,1106.1762088459204,1,1,1106.1762088459204,1,1,0.0,0.0,0.0,0.0,1.0,1.0,0.000334471464157,0.0003419369459151,1.7982323542237282
0,2,1,0.7829915759901793,66.6336478108397,71.04,0,0.284,0,1125,2152.8348959606483,2171.39506590112,1,2,2152.834896176032,2,2,18.560169940471496,0.0086212695526702,2.1538380678975957e-07,1.00046597718145e-10,1.0086212695526702,1.0000000001000466,0.0006268024444579,0.0007254853844641,8.62921480089426
0,3,1,0.6331203412501725,30.74628469545451,34.54,0,0.21,0,1127,2103.8039793833914,2105.372203610188,1,2,2103.8039793833914,2,2,1.5682242267967013,0.0007454231678258,0.0,0.0,1.000745423167826,1.0,0.0004665255546568,0.0005231201648711,2.463133804500103
0,5,1,0.894707611899738,33.53319069677089,32.48,0,0.27,0,1130,3157.9165953231845,3204.432543865856,2,3,3204.432543865856,2,3,46.5159485426716,0.014729948413318,46.5159485426716,0.014729948413318,1.014729948413318,1.014729948413318,0.000593677163124,0.000613510608673,4.421216398477554
0,4,1,0.7620386302790153,39.2743777028357,36.76,0,0.26,0,1124,2122.217744358698,2137.30036248524,1,2,2123.2387397192406,2,2,15.082618126542002,0.0071070078301978,1.0209953605426565,0.0004810983054197,1.0071070078301978,1.0004810983054198,0.0009633302688598,0.0010227859020233,6.387505546212196
0,3,1,0.7759178688671257,40.120023322018994,38.96,0,0.22,0,1125,1105.8250539178582,1105.8250539178582,1,1,1105.8250539178582,1,1,0.0,0.0,0.0,0.0,1.0,1.0,0.0003533959388732,0.0003653913736342,2.230364166200161
0,3,1,0.7437613651761665,92.23637847518724,95.62,0,0.606,0,1125,2241.486199223028,2245.662200181513,2,2,2245.662200181513,2,2,4.17600095848502,0.0018630500423926,4.17600095848502,0.0018630500423926,1.0018630500423926,1.0018630500423926,0.0007627978920936,0.000774323940277,41.19067692756653
0,7,1,0.6702323367434119,15.73697843729491,16.76,0,0.224,0,1125,2151.735638769572,2201.3799750471,1,2,2157.5112532740404,2,2,49.644336277528055,0.0230717637348406,5.775614504468649,0.0026841654710758,1.0230717637348408,1.002684165471076,0.0009240135550498,0.0010028034448623,2.9028160572052
0,8,1,0.6279252530809619,21.39134504098724,21.6,0,0.274,0,1122,3342.0891272519343,3357.226294786661,3,3,3357.226294786661,3,3,15.137167534726814,0.0045292530983976,15.137167534726814,0.0045292530983976,1.0045292530983976,1.0045292530983976,0.0009400993585586,0.0009587556123733,4.007576771080494
0,1,1,0.6174538654436856,83.18605376023697,86.44,0,0.206,0,1124,1054.5952697633734,1108.2909974243178,0,1,1054.5952697633895,1,1,53.69572766094439,0.0509159572401576,1.6143530956469476e-11,1.5307797616133542e-14,1.0509159572401576,1.000000000000015,0.0006272047758102,0.0006869286298751,2.714083194732666
0,2,1,0.6416252924739331,73.12505667650542,77.84,0,0.206,0,1133,1129.3783231596897,1129.3783231596897,1,1,1129.3783231596897,1,1,0.0,0.0,0.0,0.0,1.0,1.0,0.0005683600902556,0.0005753934383391,1.722865790128708
0,1,1,0.6695741643094693,85.02339731037569,86.9,0,0.29,0,1120,1079.2188796269093,1102.7592750997271,1,1,1102.7592750997271,1,1,23.540395472817863,0.0218124385305007,23.540395472817863,0.0218124385305007,1.0218124385305007,1.0218124385305007,0.0003180056810378,0.0003240182995795,9.367351278662682
0,3,1,0.7004238157895762,47.390739019607146,50.26,0,0.314,0,1126,2208.3458763781723,2214.851825471327,2,2,2214.851825471327,2,2,6.505949093154868,0.0029460734220787,6.505949093154868,0.0029460734220787,1.0029460734220788,1.0029460734220788,0.0008383542299269,0.0008335039019583,6.0961736887693405
0,3,1,0.7117634578024866,64.48857778722223,67.74,0,0.436,0,1129,2192.286183078971,2192.286183079017,2,2,2192.286183079017,2,2,4.592948243953288e-11,2.0950495785649163e-14,4.592948243953288e-11,2.0950495785649163e-14,1.0000000000000209,1.0000000000000209,0.0010854974389076,0.0011030659079551,16.119674898684025
0,4,1,0.5618488249809156,28.937583966418053,31.68,0,0.296,0,1124,2107.7743392245898,2107.7743392245898,1,2,2107.7743392245898,1,2,0.0,0.0,0.0,0.0,1.0,1.0,0.0007261931896208,0.0007333904504775,5.090108685195446
0,6,1,0.6328834551301038,24.9029106501583,24.38,0,0.208,0,1133,2157.943960196485,2185.554447351184,1,2,2160.852388945435,2,2,27.610487154699054,0.0127948119432096,2.908428748949973,0.0013477777007171,1.0127948119432095,1.0013477777007171,0.0009039789438247,0.0009856224060058,2.5123546570539474
0,2,1,0.6879078318381916,90.05711447964049,98.74,0,0.204,0,1120,2209.2531935434977,2233.131487201813,2,2,2233.131487201813,2,2,23.87829365831521,0.010808310124027,23.87829365831521,0.010808310124027,1.010808310124027,1.010808310124027,0.0004461333155631,0.000463731586933,3.1748537868261337
0,6,1,0.7214908509617953,21.23108372636792,21.84,0,0.292,0,1124,3227.673759957564,3240.227706642637,3,3,3240.227706642637,3,3,12.553946685072788,0.003889471990886,12.553946685072788,0.003889471990886,1.003889471990886,1.003889471990886,0.0009001865983008,0.0009216964244842,5.523797661066055
0,3,1,0.7471455667836625,96.28444686451674,89.02,0,0.314,0,1127,2153.910252995527,2179.962235324609,1,2,2153.910252995527,2,2,26.05198232908197,0.0120952032671047,0.0,0.0,1.012095203267105,1.0,0.0008194297552108,0.0008833035826682,6.235983476042748
0,2,1,0.8814380526559776,91.7337039888218,80.92,0,0.41,0,1131,2154.954250444156,2169.113911319012,1,2,2154.954250444157,2,2,14.159660874855945,0.0065707477882361,9.094947017729282e-13,4.2204826463739214e-16,1.0065707477882362,1.0000000000000004,0.0004561394453048,0.0005562305450438,17.6991668343544
0,4,1,0.7155362679132228,62.055282072900646,61.72,0,0.248,0,1129,2169.323900237425,2176.564798472662,2,2,2176.564798472662,2,2,7.240898235237182,0.0033378594291266,7.240898235237182,0.0033378594291266,1.003337859429127,1.003337859429127,0.0007740408182143,0.0007837936282156,3.2497418969869614
0,4,1,0.7088022929605944,50.90596716643895,44.16,0,0.228,0,1120,1103.8301240664289,1103.8301240664289,1,1,1103.8301240664289,1,1,0.0,0.0,0.0,0.0,1.0,1.0,0.0009146407246589,0.0009083524346351,2.907813936471939
0,2,1,0.5797059826535822,69.54220128366626,72.76,0,0.358,0,1128,3307.461590299381,3311.705973442837,2,3,3307.461590299381,3,3,4.244383143456162,0.0012832751122204,0.0,0.0,1.0012832751122205,1.0,0.0004698634147643,0.0005455315113066,8.802157871425152
0,9,1,0.7192402383834182,15.32752474037537,15.98,0,0.214,0,1128,2141.6004579973005,2141.6004579973005,2,2,2141.6004579973005,2,2,0.0,0.0,0.0,0.0,1.0,1.0,0.0020178630948066,0.0020323172211646,2.2467234656214714
0,3,1,0.7074844014967747,44.16825655199206,47.0,0,0.308,0,1119,3248.95339882979,3268.6035782898025,2,3,3251.043290113545,3,3,19.650179460012623,0.0060481567593706,2.0898912837551507,0.0006432506186478,1.0060481567593706,1.0006432506186478,0.0008351430296897,0.0009493678808211,6.869739934802055
1,18,1,0.7437023997974261,5.090640851576136,5.7,0,0.202,0,1132,3256.24893344149,3294.5256338605564,2,3,3268.397643863952,3,3,38.2767004190664,0.0117548446698797,12.148710422462043,0.0037308911790175,1.01175484466988,1.0037308911790177,0.0055111721158026,0.0055888593196867,2.4732918068766594
0,2,1,0.7556142102399863,96.5547315795732,79.92,0,0.23,0,1128,2083.173967966481,2083.173967966481,1,2,2083.173967966481,1,2,0.0,0.0,0.0,0.0,1.0,1.0,0.0004731714725493,0.0004919692873953,3.363160252571106
0,1,1,0.7473048756621506,76.82133958394913,83.48,0,0.32,0,1120,1095.376711108702,1119.3463156310152,1,1,1095.3769443020028,1,1,23.969604522313148,0.0218825215829647,0.0002331933008008,2.128886787859667e-07,1.0218825215829648,1.000000212888679,0.0009118989109992,0.0010313615202902,9.457830928266048
0,3,1,0.6184150677415249,36.87685033918891,37.68,0,0.2,0,1123,1079.595501840377,1079.595501840377,1,1,1079.595501840377,1,1,0.0,0.0,0.0,0.0,1.0,1.0,0.0003632754087447,0.0003695338964461,1.6580507382750511
0,9,1,0.65404349213335,12.968070088700632,13.9,0,0.208,0,1129,2188.547242623661,2205.315383997241,2,2,2205.315383997241,2,2,16.768141373579965,0.007661768065595,16.768141373579965,0.007661768065595,1.007661768065595,1.007661768065595,0.0012819170951842,0.0012969002127646,2.023492209613323
0,4,1,0.6718502526892286,32.93347643319434,36.36,0,0.232,0,1126,2135.443343357179,2158.127990228015,1,2,2143.245114679169,2,2,22.68464687083588,0.0106229214375563,7.801771321990145,0.0036534667830263,1.0106229214375564,1.0036534667830264,0.0005951896309852,0.0006878674030303,3.3129168674349785
0,7,1,0.6992588448576251,23.168473091709863,23.52,0,0.202,0,1127,2123.7914561724533,2148.1570734088627,1,2,2134.75430087844,2,2,24.365617236409435,0.0114726976443919,10.962844705986754,0.0051619214655586,1.011472697644392,1.0051619214655587,0.0021909400820731,0.0022765696048736,2.5946709662675858
0,5,1,0.651960372685336,31.323470706199075,31.56,0,0.258,0,1128,2160.6756358854386,2163.826655867918,2,2,2160.8765052030376,2,2,3.1510199824792835,0.0014583493839361,0.2008693175989719,9.296597520833168e-05,1.0014583493839362,1.0000929659752082,0.0007524341344832,0.0008525103330611,3.388679027557373
0,5,1,0.6752932996976436,35.58524096640038,34.68,0,0.228,0,1128,2140.5571117486725,2146.4714363473254,1,2,2140.5571117486725,2,2,5.914324598652911,0.0027629837887489,0.0,0.0,1.002762983788749,1.0,0.0005451366305351,0.0006191357970237,2.9228863939642906
0,7,1,0.6527412056522521,20.69547208977393,20.86,0,0.216,0,1133,2127.0226457096096,2186.6701465253864,1,2,2127.0226457096096,2,2,59.647500815776766,0.0280427201544332,0.0,0.0,1.028042720154433,1.0,0.0014699324965476,0.0015484616160392,3.70913515239954
0,2,1,0.7104699895047838,78.83873318041938,85.06,0,0.538,0,1133,3279.288533827223,3289.8854508431423,2,3,3279.5914376692645,3,3,10.596917015919187,0.0032314683220483,0.3029038420413599,9.236876807782571e-05,1.0032314683220485,1.0000923687680778,0.000699184834957,0.0008223056793211,30.642518185079098
0,4,1,0.7039328288088831,96.5591796430421,116.4,0,0.416,0,1121,2133.370829629452,2145.6587260173283,1,2,2133.457637496833,2,2,12.287896387876115,0.0057598501944504,0.0868078673806849,4.0690472643128186e-05,1.0057598501944505,1.000040690472643,0.0013703405857086,0.0014479756355285,20.61359580606222
0,2,1,0.7542069519063223,74.16279706122769,67.66,0,0.368,0,1124,2110.5299959025374,2110.5299959025374,1,2,2110.5299959025374,1,2,0.0,0.0,0.0,0.0,1.0,1.0,0.0006886869668959,0.0007013157010077,10.742700025439262
1,10,1,0.7107601430230349,10.411637148439087,9.58,0,0.22,0,1122,3262.4791952910514,3289.8566420370053,2,3,3271.3739679285927,3,3,27.37744674595388,0.0083916080707792,8.894772637541337,0.0027263844779086,1.008391608070779,1.0027263844779086,0.0012193098664283,0.0013026744127273,2.787324018776417
0,3,1,0.5712905516580212,31.838109160285786,35.3,0,0.288,0,1126,2138.9021656399523,2151.811175556955,1,2,2138.9021656399527,2,2,12.90900991700255,0.0060353437966342,4.547473508864641e-13,2.126078313406192e-16,1.0060353437966345,1.0000000000000002,0.001268371939659,0.0012633949518202,4.805470213294029
0,4,1,0.5556309082249341,44.44559679871669,53.16,0,0.304,0,1133,2146.66566212574,2217.421645250511,1,2,2167.4910205762526,2,2,70.75598312477132,0.0329608771282553,20.825358450512795,0.0097012584763155,1.0329608771282552,1.0097012584763154,0.0007073283195495,0.0007834881544111,5.842472702264786
0,3,1,0.798056423645218,54.86493236566974,57.9,0,0.266,0,1122,2178.547362432951,2193.966873312805,2,2,2186.4479330277827,2,2,15.419510879853988,0.0070778864603768,7.900570594831606,0.0036265314819726,1.0070778864603769,1.0036265314819726,0.0012680292129516,0.00136861205101,4.855455115437508
0,8,1,0.5827089739291222,13.810254154242449,16.22,0,0.202,0,1124,3225.854744015872,3264.229609102142,2,3,3236.724644365787,3,3,38.37486508627035,0.0118960300855014,10.869900349915042,0.0033696186631091,1.011896030085501,1.0033696186631091,0.0019643083214759,0.0020458698272704,2.523522399365902
0,5,1,0.6506624853893965,55.6703515909068,54.5,0,0.29,0,1123,4384.627099088464,4395.0632809472645,4,4,4395.0632809472645,4,4,10.43618185880041,0.0023801754682787,10.43618185880041,0.0023801754682787,1.0023801754682786,1.0023801754682786,0.0012712255120277,0.0012959167361259,4.960790134966373
0,2,1,0.6539822419505434,83.09543274254935,83.52,0,0.522,0,1133,2210.560624794306,2230.6746047520764,2,2,2217.875595556088,2,2,20.113979957770425,0.009099040185628,7.314970761781751,0.0033091020801396,1.009099040185628,1.0033091020801397,0.0005355104804038,0.0006236135959624,25.71994061022997
0,7,1,0.7577894303839731,15.15940033493869,16.1,0,0.264,0,1120,4342.806436961149,4370.4661526318,3,4,4365.448690245591,4,4,27.659715670650257,0.0063690878403516,22.64225328444172,0.0052137376171629,1.0063690878403515,1.005213737617163,0.0009986236691474,0.0012307539582251,3.4767084568738937
0,2,1,0.6375557132624676,56.04308144578009,58.86,0,0.266,0,1128,2120.4588061926106,2120.4588061926106,1,2,2120.4588061926106,1,2,0.0,0.0,0.0,0.0,1.0,1.0,0.0004318803548812,0.0004430040717124,4.196910612285137
0,2,1,0.7713931442864781,88.11190152323992,93.34,0,0.324,0,1123,1102.27391863399,1102.27391863399,1,1,1102.27391863399,1,1,0.0,0.0,0.0,0.0,1.0,1.0,0.0003272220492362,0.0003337487578391,7.228449955582619
0,2,1,0.6712311432666966,75.86820473796564,74.48,0,0.34,0,1120,2108.666486154001,2108.666486154001,1,2,2108.666486154001,1,2,0.0,0.0,0.0,0.0,1.0,1.0,0.0005010217428206,0.0005207508802412,8.32346498966217
0,7,1,0.7016395458282996,20.887303613919645,20.26,0,0.238,0,1126,3231.84617751144,3242.9351940138145,3,3,3242.9351940138145,3,3,11.089016502374308,0.0034311708829264,11.089016502374308,0.0034311708829264,1.0034311708829264,1.0034311708829264,0.0008172765374183,0.0008454844355582,2.777309224009514
0,2,1,0.7276312954197135,86.3718764183422,88.48,0,0.33,0,1127,2088.055603311637,2088.055603311637,1,2,2088.055603311637,1,2,0.0,0.0,0.0,0.0,1.0,1.0,0.0004753172397612,0.0004928782582282,9.023702561855316
0,5,1,0.6941932311067638,18.857945410188385,19.82,0,0.206,0,1133,2103.5501923681977,2103.5501923681977,1,2,2103.5501923681977,1,2,0.0,0.0,0.0,0.0,1.0,1.0,0.0005126148462294,0.0005193278193472,2.2862105518579483
0,3,1,0.5619475646978445,64.51563075814157,72.48,0,0.31,0,1124,2111.8262376256585,2137.462241729955,1,2,2116.5332000411304,2,2,25.63600410429672,0.0121392582626113,4.706962415471935,0.0022288587629084,1.0121392582626114,1.0022288587629085,0.0005049854516982,0.0005762130022048,9.872787475585938
0,4,1,0.6702940580055209,95.7920205550826,90.06,0,0.276,0,1121,2190.555627592199,2204.8160219935,2,2,2199.0397713367915,2,2,14.2603944013008,0.0065099439711446,8.48414374459253,0.003873055601842,1.006509943971145,1.003873055601842,0.0004957914352416,0.000575192272663,3.9962511360645294
0,2,1,0.5997273182487365,64.6781407819602,68.48,0,0.472,0,1128,2173.181132618545,2210.792602124502,1,2,2173.1811326185457,2,2,37.6114695059573,0.0173071029107628,9.094947017729282e-13,4.185084658254165e-16,1.0173071029107628,1.0000000000000004,0.0006147101521491,0.0007149949669837,21.691370844841003
0,2,1,0.8864006557133065,75.1424848711724,70.0,0,0.27,0,1122,2097.75769903246,2097.75769903246,1,2,2097.75769903246,1,2,0.0,0.0,0.0,0.0,1.0,1.0,0.00045607984066,0.0004652440547942,4.736664928495884
0,2,1,0.5997486175218696,76.45894696190919,83.88,0,0.224,0,1127,2148.7243724136943,2150.3396924415424,1,2,2148.841659572224,2,2,1.6153200278481563,0.0007517576700792,0.1172871585299617,5.4584552600486086e-05,1.0007517576700793,1.0000545845526003,0.0006752237677573,0.0007513239979742,2.645781598985195
0,5,1,0.5957488813792546,23.204531743350085,25.24,0,0.242,0,1132,2193.886065812716,2205.775454781196,2,2,2205.775454781196,2,2,11.889388968480034,0.0054193283569972,11.889388968480034,0.0054193283569972,1.0054193283569972,1.0054193283569972,0.0010662600398063,0.0009192153811454,3.047058515250683
0,2,1,0.6776347165307882,91.12522906844188,95.74,0,0.37,0,1123,2142.48754638246,2158.385031502994,1,2,2142.4875465968084,2,2,15.89748512053393,0.0074201061972922,2.143483470717911e-07,1.0004648448655546e-10,1.0074201061972925,1.0000000001000464,0.0006140619516372,0.0007848739624023,10.58633141219616
0,6,1,0.7188743798526082,41.7424480649035,47.02,0,0.246,0,1120,3244.2041737421973,3257.9540699749105,2,3,3244.7045864364954,3,3,13.749896232713128,0.0042382955869428,0.5004126942981202,0.0001542482123499,1.0042382955869429,1.00015424821235,0.0009412840008735,0.0010727569460868,3.840921103954315
0,2,1,0.7819915924103217,95.9531512878102,84.22,0,0.284,0,1132,1131.7999115173352,1131.7999115173352,1,1,1131.7999115173352,1,1,0.0,0.0,0.0,0.0,1.0,1.0,0.0004835575819014,0.000518999993801,4.64400202780962
0,2,1,0.6938524609584461,77.43919114694118,72.12,0,0.344,0,1126,2180.448563170012,2213.78267685372,1,2,2180.4485631700145,2,2,33.33411368370798,0.0152877321881171,2.7284841053187847e-12,1.2513407339231244e-15,1.015287732188117,1.000000000000001,0.0004051774740218,0.0004864633083342,8.590125404298306
0,9,1,0.6649167879977298,10.596139295020098,11.8,0,0.208,0,1123,2217.184774163713,2226.645057006853,2,2,2226.645057006853,2,2,9.460282843140249,0.0042667994807552,9.460282843140249,0.0042667994807552,1.0042667994807553,1.0042667994807553,0.0029298290610312,0.0029468685388564,2.150795593857765
0,5,1,0.7241412606583408,19.95494254118305,20.08,0,0.21,0,1123,2117.5134375837074,2117.5134375837074,1,2,2117.5134375837074,1,2,0.0,0.0,0.0,0.0,1.0,1.0,0.0006349682807922,0.0006429180502891,2.081923186779022
0,3,1,0.7045814186007215,23.831591745697203,24.56,0,0.262,0,1131,2183.02225087249,2190.2821609465645,2,2,2183.0222508724905,2,2,7.259910074074469,0.0033256234887999,4.547473508864641e-13,2.0831090965963123e-16,1.0033256234888,1.0000000000000002,0.0005941912531852,0.0006745010614394,3.362820789217949
0,3,1,0.6573664502647516,68.14408138760422,79.2,0,0.426,0,1121,2185.196210516304,2212.294957961766,2,2,2212.294957961766,2,2,27.098747445462323,0.0124010591429039,27.098747445462323,0.0124010591429039,1.012401059142904,1.012401059142904,0.000489480793476,0.0005194470286369,14.93533030897379
0,3,1,0.8286269506281863,80.5696798881359,61.48,0,0.434,0,1123,2168.813771172146,2189.911809088022,2,2,2189.911809088022,2,2,21.09803791587592,0.0097279158756325,21.09803791587592,0.0097279158756325,1.0097279158756325,1.0097279158756325,0.000493176281452,0.000511549413204,17.74837227910757
0,7,1,0.7144613548671075,11.298456594382133,11.86,0,0.228,0,1119,2177.6064914966823,2195.512154977383,2,2,2195.512154977383,2,2,17.905663480700696,0.0082226350585472,17.905663480700696,0.0082226350585472,1.0082226350585473,1.0082226350585473,0.0008519291877745,0.0008603706955908,2.6671491861343384
0,3,1,0.6180436621922232,62.59790843255636,60.72,0,0.304,0,1127,2177.162413764081,2184.866376166478,2,2,2184.866376166478,2,2,7.703962402396883,0.0035385336223389,7.703962402396883,0.0035385336223389,1.003538533622339,1.003538533622339,0.0009698793292044,0.0010132491588591,5.209055133163929
0,4,1,0.6656005293137216,72.61393512170231,75.22,0,0.492,0,1125,2205.2754221756804,2234.6615199984326,2,2,2234.6615199984326,2,2,29.386097822752163,0.0133253640462561,29.386097822752163,0.0133253640462561,1.013325364046256,1.013325364046256,0.0010244548320769,0.0010481625795364,22.13220737874508
0,5,1,0.6861501742909936,35.2398162229299,37.42,0,0.328,0,1128,2158.267619595116,2168.568297097515,2,2,2168.568297097515,2,2,10.30067750239914,0.0047726599838121,10.30067750239914,0.0047726599838121,1.0047726599838125,1.0047726599838125,0.0005876496434211,0.0006060525774955,6.815050549805164
0,4,1,0.6306714545968704,18.68027969081541,20.62,0,0.232,0,1125,2121.7360306869805,2179.580898467081,1,2,2132.470357073136,2,2,57.844867780100685,0.0272629898081014,10.734326386155317,0.0050592185978383,1.0272629898081014,1.0050592185978384,0.0006937459111212,0.0007730647921561,3.4474738463759422
0,3,1,0.5643085383346063,57.53641075337959,67.98,0,0.266,0,1126,1118.9150578200602,1125.885357794935,1,1,1125.885357794935,1,1,6.9702999748749335,0.0062295166430728,6.9702999748749335,0.0062295166430728,1.0062295166430728,1.0062295166430728,0.0009965002536773,0.0010153278708457,4.64752171933651
0,5,1,0.583041244200433,22.52065521388073,23.02,0,0.254,0,1133,2131.187955240632,2140.7001032899016,1,2,2131.1879552406326,2,2,9.5121480492694,0.0044633079057522,4.547473508864641e-13,2.1337740285563815e-16,1.004463307905752,1.0000000000000002,0.001319870352745,0.0014141649007796,3.612989380955696
1,14,1,0.6306858398076329,7.370913203157531,7.8,0,0.2,0,1132,2207.4770829044405,2231.7332855017607,2,2,2231.7332855017607,2,2,24.256202597320225,0.0109882013204892,24.256202597320225,0.0109882013204892,1.0109882013204892,1.0109882013204892,0.0045671984553336,0.0045745447278022,2.0224886015057564
0,1,1,0.7452771863906744,99.88776310337468,95.02,0,0.33,0,1126,1103.982741537954,1125.9263819851635,1,1,1103.982741537954,1,1,21.943640447209415,0.0198767966396284,0.0,0.0,1.0198767966396285,1.0,0.0005454942584037,0.0006210431456565,10.107615426182749
0,3,1,0.6675262560870444,45.4325056352104,46.08,0,0.202,0,1133,1066.5633984114957,1132.223444537418,0,1,1066.5633984114957,1,1,65.66004612592224,0.0615622533303825,0.0,0.0,1.0615622533303826,1.0,0.0005396306514739,0.0005968287587165,2.782294347882271
0,2,1,0.7614458766973278,88.91839842166378,90.86,0,0.338,0,1119,2207.027767479402,2216.785461968604,2,2,2216.785461968604,2,2,9.757694489202096,0.0044211924439655,9.757694489202096,0.0044211924439655,1.0044211924439657,1.0044211924439657,0.0004148706793784,0.0004384592175483,7.106253333389759
0,4,1,0.6595727014781194,29.4426010074728,28.18,0,0.222,0,1131,1083.8781832152092,1083.8781832152092,1,1,1083.8781832152092,1,1,0.0,0.0,0.0,0.0,1.0,1.0,0.000625267624855,0.0006314441561698,3.58346376568079
1,25,1,0.8124021077897926,5.264461430092201,4.46,0,0.2,0,1125,4331.264423871414,4346.440601781776,3,4,4342.90249194609,4,4,15.17617791036264,0.0035038677912898,11.638068074676085,0.0026869908958995,1.0035038677912895,1.0026869908958995,0.009240485727787,0.0093126371502876,2.946335040032864
0,4,1,0.5838785151451402,26.575783343703968,28.96,0,0.204,0,1125,2123.0860746385106,2125.6501985600235,1,2,2125.6501985600235,1,2,2.564123921512873,0.0012077343222881,2.564123921512873,0.0012077343222881,1.001207734322288,1.001207734322288,0.0007184743881224,0.000738814473152,1.938858911395073
0,4,1,0.6594128559326518,25.385303180499086,29.16,0,0.216,0,1121,2145.28029611171,2153.609802857644,2,2,2153.609802857644,2,2,8.32950674593394,0.0038827125579025,8.32950674593394,0.0038827125579025,1.0038827125579026,1.0038827125579026,0.0006316378712653,0.0006541684269904,1.929132729768753
0,2,1,0.6162024487213833,67.63724495889156,71.84,0,0.268,0,1130,1110.621978827303,1110.621978827303,1,1,1110.621978827303,1,1,0.0,0.0,0.0,0.0,1.0,1.0,0.0004078671336173,0.0004163980484008,4.223265714943409
0,4,1,0.6582485804630792,32.86220270051112,33.24,0,0.256,0,1128,3166.614377510701,3197.324098187484,2,3,3197.324098187484,2,3,30.70972067678304,0.0096979666658761,30.70972067678304,0.0096979666658761,1.009697966665876,1.009697966665876,0.0011770799756049,0.0011952444911002,3.210419431328773
0,3,1,0.6976310780661833,36.55753894301597,39.28,0,0.242,0,1125,1098.2107397926166,1098.2107397926166,1,1,1098.2107397926166,1,1,0.0,0.0,0.0,0.0,1.0,1.0,0.000757835805416,0.0007661506533622,2.936956450343132
0,2,1,0.6385962347977857,24.179828239635896,27.34,0,0.22,0,1132,1108.2951245567824,1108.2951245567824,1,1,1108.2951245567824,1,1,0.0,0.0,0.0,0.0,1.0,1.0,0.0005886182188987,0.0005988925695419,2.438975840806961
0,5,1,0.8466357757847996,24.82771067918464,20.38,0,0.212,0,1121,3200.766222546484,3255.816741205314,2,3,3217.718018514124,3,3,55.05051865882979,0.0171991688337151,16.95179596764001,0.0052961681013221,1.0171991688337152,1.0052961681013222,0.0006192177534102,0.0007044970989226,2.030982688069344
0,2,1,0.7859554057398301,97.39035460474514,86.36,0,0.382,0,1120,2146.49257893157,2171.929583288238,1,2,2146.49257914632,2,2,25.43700435666824,0.0118504972280545,2.147503437299747e-07,1.0004709349466656e-10,1.0118504972280546,1.000000000100047,0.0008912757039069,0.0009834542870521,13.093703620135784
1,13,1,0.7084092127875362,7.7619559601646895,7.46,0,0.206,0,1131,2229.731946354904,2241.758561728024,2,2,2241.758561728024,2,2,12.026615373119968,0.0053937494113499,12.026615373119968,0.0053937494113499,1.00539374941135,1.00539374941135,0.0035024136304855,0.003511756658554,2.1761987060308456
0,6,1,0.6873610242448861,21.08574543415332,22.98,0,0.22,0,1133,2151.809362045042,2151.809362045045,2,2,2151.809362045045,2,2,3.183231456205249e-12,1.4793278216709505e-15,3.183231456205249e-12,1.4793278216709505e-15,1.0000000000000016,1.0000000000000016,0.000924915075302,0.0009363293647765,2.586839519441128
0,4,1,0.7075045413114682,62.39903816748152,65.44,0,0.31,0,1125,3085.600076354348,3141.866106332587,2,3,3115.8531255021726,2,3,56.2660299782392,0.0182350364875275,30.25304914782464,0.0098045917809182,1.0182350364875274,1.0098045917809182,0.0006110444664954,0.0006993189454077,7.015064805746079
0,3,1,0.5933550160663722,44.24129550742773,47.56,0,0.31,0,1120,3309.5080997364,3309.619589713275,3,3,3309.619589713275,3,3,0.1114899768754185,3.3687778822568406e-05,0.1114899768754185,3.3687778822568406e-05,1.0000336877788225,1.0000336877788225,0.0005724802613257,0.0005957558751105,5.229263782501221
1,10,1,0.7310639575677285,13.122099984400135,12.78,0,0.24,0,1130,3162.559988231719,3172.6578726222315,2,3,3172.6578726222315,2,3,10.097884390512265,0.0031929463561443,10.097884390512265,0.0031929463561443,1.0031929463561444,1.0031929463561444,0.0009112209081649,0.0009237229824065,2.9254553392529488
0,3,1,0.8199899639269558,31.99767302323443,28.44,0,0.208,0,1125,2135.773992460733,2135.773992460733,2,2,2135.773992460733,2,2,0.0,0.0,0.0,0.0,1.0,1.0,0.0006031543016433,0.0006246492266654,1.9947448149323463
0,2,1,0.6678077144638234,46.00302306100712,51.12,0,0.222,0,1127,1062.3650472266795,1122.1254799665735,0,1,1062.3650472266795,1,1,59.76043273989399,0.0562522580123466,0.0,0.0,1.0562522580123466,1.0,0.0005378574132919,0.0005983561277389,3.54532390832901
0,6,1,0.6565169734988793,14.9901400215168,16.92,0,0.212,0,1126,2177.3905996315307,2231.364837294883,2,2,2231.364837294883,2,2,53.97423766335214,0.024788495767588,53.97423766335214,0.024788495767588,1.024788495767588,1.024788495767588,0.0011869221925734,0.0011994764208793,2.1255518943071365
0,2,1,0.5836587761623165,76.61242009214465,86.34,0,0.338,0,1125,2121.4150808094146,2121.415081021656,1,2,2121.415081021656,1,2,2.122415025951341e-07,1.0004713576098201e-10,2.122415025951341e-07,1.0004713576098201e-10,1.000000000100047,1.000000000100047,0.0013607442378997,0.0013512969017028,10.035833649337292
0,2,1,0.5655937936473049,80.69574189949554,85.92,0,0.404,0,1133,2176.8333311821107,2192.3053931405066,2,2,2192.3053931405066,2,2,15.472061958395898,0.0071076006310478,15.472061958395898,0.0071076006310478,1.0071076006310478,1.0071076006310478,0.0004090890288352,0.0004243552684783,13.137710645794868
0,2,1,0.6358276221361144,69.32493025726998,71.26,0,0.264,0,1121,2153.0911396199576,2171.9988865106725,1,2,2153.09113983537,2,2,18.90774689071486,0.0087816751194528,2.154124558728654e-07,1.0004799699788272e-10,1.0087816751194527,1.000000000100048,0.0004365816712378,0.0005332902073859,5.128806538879871
1,20,1,0.6273939269827271,5.199146451537423,5.34,0,0.212,0,1128,3340.631475858233,3343.2621981073667,3,3,3343.2621981073667,3,3,2.630722249133669,0.0007874925049785,2.630722249133669,0.0007874925049785,1.0007874925049784,1.0007874925049784,0.007808580994606,0.0078241527080535,2.661566525697708
0,5,1,0.8024360358822501,19.97801072486016,18.4,0,0.234,0,1119,2213.9916490618625,2214.6194585267885,2,2,2213.9916490618625,2,2,0.6278094649260311,0.0002835645135301,0.0,0.0,1.0002835645135302,1.0,0.0005564764142035,0.0006426945328711,2.417753651738167
0,1,1,0.7328118167475162,84.13691562443702,85.2,0,0.302,0,1125,1090.4448797243426,1124.1849659641002,1,1,1124.1849659641002,1,1,33.7400862397576,0.0309415788611771,33.7400862397576,0.0309415788611771,1.030941578861177,1.030941578861177,0.000814452767372,0.0008447766304015,8.172555841505527
0,2,1,0.7294591478813989,55.89056010657446,56.66,0,0.34,0,1125,2116.01132879872,2116.01132879872,1,2,2116.01132879872,1,2,0.0,0.0,0.0,0.0,1.0,1.0,0.0003603547811507,0.0003683418035506,8.179430186748505
0,3,1,0.7876613744629615,55.59895784237962,63.5,0,0.288,0,1120,3298.4964505760304,3313.113649966802,2,3,3298.5053212887497,3,3,14.617199390771477,0.0044314734333634,0.0088707127192719,2.6893200742183147e-06,1.0044314734333637,1.0000026893200742,0.0004893243312835,0.0005820542573928,6.254132077097893
0,7,1,0.6895870871519025,13.299143565034198,13.8,0,0.222,0,1120,3217.102763091495,3225.88057810089,3,3,3217.3670693890244,3,3,8.777815009394999,0.0027284844954594,0.2643062975294015,8.215662258653333e-05,1.0027284844954594,1.0000821566225866,0.001573897898197,0.0016705095767973,2.435830309987068
0,3,1,0.787796216888068,99.67617008618814,108.08,0,0.65,0,1130,3310.867312253241,3326.1163081077066,3,3,3326.1163081077066,3,3,15.248995854465647,0.0046057405556635,15.248995854465647,0.0046057405556635,1.0046057405556637,1.0046057405556637,0.0009215101599693,0.0009508952498435,53.11116548627615
0,2,1,0.7985644439934784,61.70641859023828,72.76,0,0.42,0,1131,2144.4748370473408,2157.768389670568,1,2,2144.4748370473408,2,2,13.293552623227242,0.006198978133747,0.0,0.0,1.006198978133747,1.0,0.0009756311774253,0.0010722130537032,21.95594833046198
0,3,1,0.6645200173455962,99.7549576286468,109.26,0,0.5,0,1127,2190.906378711976,2194.0951867107187,2,2,2194.0951867107187,2,2,3.188807998742959,0.0014554743323252,3.188807998742959,0.0014554743323252,1.0014554743323252,1.0014554743323252,0.0008747354149818,0.0008865296840667,25.066567294299603
0,3,1,0.7021967611160156,94.36545157784188,102.34,0,0.332,0,1129,2120.238725535072,2139.516434934907,1,2,2134.491435559876,2,2,19.277709399835203,0.0090922353071209,14.2527100248044,0.0067222194619653,1.009092235307121,1.0067222194619654,0.00101650506258,0.001091144979,8.37664308398962
0,4,1,0.6249183081604325,50.42786012114941,63.8,0,0.244,0,1123,2173.320270445542,2173.320270445542,2,2,2173.320270445542,2,2,0.0,0.0,0.0,0.0,1.0,1.0,0.0005251541733741,0.0005351752042769,3.081765688955784
0,3,1,0.7933743732880356,60.446164363023634,56.28,0,0.2,0,1124,2071.5086935211907,2110.0879640760904,1,2,2087.811011375621,2,2,38.57927055489972,0.0186237550803235,16.302317854430385,0.0078697800812601,1.0186237550803237,1.0078697800812602,0.0004965215921401,0.0005777850747107,2.661857657134533
0,2,1,0.6294356232335727,47.52380248889415,53.18,0,0.232,0,1119,2153.6540987336925,2180.587740828966,1,2,2153.6540987336925,2,2,26.933642095273623,0.012506020400913,0.0,0.0,1.012506020400913,1.0,0.0003629773855208,0.0004223436117171,2.9114582240581512
0,5,1,0.6856247373020055,23.12630742426562,24.54,0,0.214,0,1123,2140.816869311916,2185.6875538752283,1,2,2146.950791263826,2,2,44.87068456331235,0.0209596090195862,6.133921951909997,0.0028652249708222,1.0209596090195865,1.0028652249708223,0.0006809830665588,0.0007775276899337,2.1724658608436584
0,2,1,0.641183871008739,44.644094094557566,47.26,0,0.336,0,1119,1102.9876598428375,1102.9876598428375,1,1,1102.9876598428375,1,1,0.0,0.0,0.0,0.0,1.0,1.0,0.0005912780761718,0.0006040856242179,9.327352777123451
0,1,1,0.6610240697191234,48.02033351464847,56.82,0,0.214,0,1121,1056.603269683391,1112.7204964709686,0,1,1056.603269683391,1,1,56.117226787577465,0.0531109721100833,0.0,0.0,1.0531109721100833,1.0,0.0005546733736991,0.0006271302700042,3.9759794175624847
0,2,1,0.7643932472758008,62.578507228726174,57.08,0,0.556,0,1121,2232.104191025217,2241.0294900790814,2,2,2232.880623955424,2,2,8.925299053864364,0.0039986032416188,0.7764329302071928,0.0003478479783018,1.0039986032416188,1.000347847978302,0.0023398846387863,0.0025575757026672,29.616777159273624
0,5,1,0.5969220609577485,14.875739321214578,15.3,0,0.242,0,1131,2108.667602437077,2108.667602437077,1,2,2108.667602437077,1,2,0.0,0.0,0.0,0.0,1.0,1.0,0.0006733685731887,0.0006771981716155,3.1907235756516457
0,8,1,0.5823582219015349,10.189393985820342,11.76,0,0.21,0,1133,2165.920612758711,2166.884439015943,2,2,2166.884439015943,2,2,0.9638262572320856,0.0004449961146103,0.9638262572320856,0.0004449961146103,1.0004449961146102,1.0004449961146102,0.0018363595008849,0.0018661320209502,2.117329865694046
0,4,1,0.6725312358629848,57.91841977355136,63.64,0,0.398,0,1126,2158.914820764868,2193.801280789942,1,2,2160.4385001819987,2,2,34.88646002507403,0.0161592572757059,1.523679417130552,0.000705761710687,1.016159257275706,1.000705761710687,0.0008686855435371,0.0009469538927077,20.1105193272233
1,14,1,0.7375239184825871,7.488288089596367,8.06,0,0.208,0,1127,3246.661109725126,3280.406569812598,2,3,3262.757095712637,3,3,33.745460087471656,0.0103938966670681,16.09598598751063,0.0049577043749026,1.010393896667068,1.0049577043749027,0.0023478642106055,0.0024126917123793,2.3955188393592834
0,6,1,0.6718540740675341,16.244337291887582,15.06,0,0.212,0,1124,2175.8703674237904,2175.87036742379,2,2,2175.87036742379,2,2,-4.547473508864641e-13,-2.0899560823785683e-16,-4.547473508864641e-13,-2.0899560823785683e-16,0.9999999999999998,0.9999999999999998,0.000783048570156,0.0007952675223349,2.240359559655189
0,3,1,0.7376890709650906,59.603521280372206,54.02,0,0.306,0,1131,2102.299477249572,2113.082023064814,1,2,2102.299477249572,2,2,10.782545815241974,0.0051289295040632,0.0,0.0,1.0051289295040633,1.0,0.0009407997131347,0.0010168850421905,8.465695910155773
0,4,1,0.6695333150499567,34.157875405495645,37.1,0,0.298,0,1123,3267.259218214946,3289.3081316924563,2,3,3267.259218214946,3,3,22.04891347751027,0.0067484432684703,0.0,0.0,1.0067484432684703,1.0,0.0009506046772002,0.0010218396782873,4.84222274273634
0,4,1,0.7690041205827616,34.045840784048764,31.52,0,0.276,0,1121,2124.216125409057,2145.2980573047453,1,2,2124.2161254090565,2,2,21.081931895688285,0.0099245701242516,-4.547473508864641e-13,-2.1407772281122955e-16,1.0099245701242516,0.9999999999999998,0.0008012950420379,0.0008725076913833,4.274424850940704
0,4,1,0.6715320357751705,21.264677485953,22.74,0,0.2,0,1128,2125.2012185849603,2142.2343248374536,1,2,2125.2012185849726,2,2,17.033106252493326,0.0080148204807799,1.2278178473934531e-11,5.777419270496094e-15,1.00801482048078,1.0000000000000058,0.0006495565176009,0.0007254555821417,2.913909859955311
0,3,1,0.7063268256997141,71.18370159346489,71.94,0,0.334,0,1131,2114.1893592151905,2114.1893594267094,1,2,2114.1893594267094,1,2,2.115189090545755e-07,1.0004728674497423e-10,2.115189090545755e-07,1.0004728674497423e-10,1.0000000001000473,1.0000000001000473,0.0004794299602507,0.0004900023341177,8.206187181174755
0,5,1,0.680275726389871,22.458958466373865,23.68,0,0.288,0,1131,2230.3129163488184,2230.3129163488184,2,2,2230.3129163488184,2,2,0.0,0.0,0.0,0.0,1.0,1.0,0.0005343109369277,0.0005527734756469,4.815116100013256
0,9,1,0.5552245854838802,10.940652742582753,12.02,0,0.218,0,1119,3235.3657483510656,3280.838908466857,2,3,3257.9061607359445,3,3,45.473160115791416,0.0140550292154657,22.54041238487889,0.0069668823057692,1.0140550292154658,1.0069668823057691,0.001693844795227,0.0017843842506408,2.8037094399333
0,5,1,0.6981501828971045,24.151923433725667,26.8,0,0.226,0,1120,2210.9148222593903,2222.723120421253,2,2,2222.723120421253,2,2,11.808298161862696,0.0053409104878113,11.808298161862696,0.0053409104878113,1.0053409104878113,1.0053409104878113,0.0006156265735625,0.0006230175495146,2.525424212217331
0,3,1,0.7117631015753195,44.59234730105013,42.92,0,0.316,0,1124,2152.230947502605,2181.1260378588768,1,2,2153.9149748231275,2,2,28.895090356271798,0.0134256457885251,1.6840273205225458,0.000782456605076,1.0134256457885251,1.000782456605076,0.0004242584109305,0.0004965662956237,8.494631014764309
0,1,1,0.628061639895795,75.49190501560113,87.8,0,0.268,0,1128,1081.033595286321,1127.3169997639338,1,1,1127.3169997639338,1,1,46.28340447761275,0.0428140297206528,46.28340447761275,0.0428140297206528,1.0428140297206527,1.0428140297206527,0.000474527478218,0.0004915893077849,6.164879992604256
0,3,1,0.7342689273669142,48.02799012805909,41.12,0,0.312,0,1119,2122.3951673993542,2132.583905037344,1,2,2122.3951673993542,2,2,10.18873763798956,0.004800584638757,0.0,0.0,1.004800584638757,1.0,0.0010112226009368,0.001171976327896,5.458820104598999
0,2,1,0.655654718038135,61.87217524727374,65.22,0,0.366,0,1132,2181.142587431359,2200.842485877128,1,2,2181.142587431359,2,2,19.69989844576912,0.0090319168307876,0.0,0.0,1.0090319168307875,1.0,0.0003538280725479,0.0004300475120544,10.380625545978546
0,5,1,0.6606885812601903,38.34724968642377,35.3,0,0.256,0,1126,3235.7270342409784,3308.694646329836,2,3,3262.957693459928,3,3,72.96761208885755,0.0225506080447153,27.230659218949768,0.0084156231136899,1.022550608044715,1.00841562311369,0.001195728778839,0.0012954548001289,4.002834297716618
0,1,1,0.5661949863781037,82.93633867260053,90.8,0,0.358,0,1131,1105.6986244298537,1130.1223321947818,1,1,1130.1223321947818,1,1,24.423707764928167,0.0220889374602614,24.423707764928167,0.0220889374602614,1.0220889374602615,1.0220889374602615,0.0005012452602385,0.0005183294415473,13.973649494349957
0,2,1,0.6694406468848317,92.26943275508,97.24,0,0.43,0,1130,2153.728508372194,2176.47559076452,1,2,2153.728508587667,2,2,22.747082392325865,0.0105617222894627,2.154729372705333e-07,1.0004647123949225e-10,1.0105617222894627,1.0000000001000464,0.0006174072623252,0.0007000863552093,19.448795542120934
1,11,1,0.7134931240376067,9.73503807451412,9.66,0,0.224,0,1132,2183.1144476574395,2191.3424356829737,2,2,2191.3424356829737,2,2,8.22798802553416,0.0037689219794972,8.22798802553416,0.0037689219794972,1.0037689219794972,1.0037689219794972,0.0032948926091194,0.0032978057861328,2.8643055260181427
0,5,1,0.6248510958531601,25.687322421488748,30.48,0,0.288,0,1122,3228.866894678277,3275.1927557773247,2,3,3255.290292666437,3,3,46.32586109904787,0.0143474050216813,26.423397988160104,0.0081834893942857,1.0143474050216814,1.0081834893942858,0.0007498338818549,0.0008508339524268,6.681468583643436
0,2,1,0.7387547224791362,53.90666734493592,59.34,0,0.416,0,1125,2184.03617434218,2206.2032866643367,2,2,2206.2032866643367,2,2,22.167112322156758,0.0101496085928308,22.167112322156758,0.0101496085928308,1.0101496085928308,1.0101496085928308,0.0012560859322547,0.0012957602739333,14.621001988649368
0,2,1,0.6948552941479822,81.76551551182014,80.22,0,0.314,0,1131,1119.6133779247316,1127.6016783053724,1,1,1127.6016783053724,1,1,7.988300380640794,0.0071348740003871,7.988300380640794,0.0071348740003871,1.0071348740003871,1.0071348740003871,0.0016410872340201,0.0016657859086989,8.511552952229977
0,5,1,0.6256805290098992,26.68010449765989,28.08,0,0.252,0,1124,3355.731619786633,3359.4308083728683,3,3,3359.4308083728683,3,3,3.699188586235323,0.0011023493548839,3.699188586235323,0.0011023493548839,1.0011023493548838,1.0011023493548838,0.0016028434038161,0.0016255378723144,2.8355961814522743
0,1,1,0.5413868354974638,68.40077366899028,86.92,0,0.222,0,1123,1060.5196797114156,1118.5196797114156,0,1,1060.5196797114156,1,1,58.0,0.0546901685179314,0.0,0.0,1.0546901685179315,1.0,0.0004212781786918,0.0004774034023284,3.2833611369133
0,2,1,0.6885482105837349,61.72599889586203,61.18,0,0.302,0,1127,1103.9255103168923,1123.0795773684451,1,1,1123.0795773684451,1,1,19.15406705155283,0.017350869123456,19.15406705155283,0.017350869123456,1.017350869123456,1.017350869123456,0.0003809630870818,0.0003876611590384,7.792846232652664
0,3,1,0.5746112632986327,36.21842174398709,46.44,0,0.268,0,1124,3208.538182322249,3232.400578335328,2,3,3229.5951668302823,3,3,23.86239601307898,0.0074371550709762,21.05698450803311,0.006562796922302,1.0074371550709762,1.006562796922302,0.0009388625621795,0.0011042952537536,3.7349271550774574
0,2,1,0.6444796401408992,99.22023764766118,108.16,0,0.306,0,1121,2160.865667785012,2181.557426829651,1,2,2160.865667785012,2,2,20.69175904463873,0.0095756804104573,0.0,0.0,1.0095756804104574,1.0,0.0003749206662177,0.0004385113716125,8.312618233263493
0,6,1,0.6444868822231209,25.130963024386457,30.84,0,0.278,0,1133,2104.87124044801,2104.87124044801,1,2,2104.87124044801,1,2,0.0,0.0,0.0,0.0,1.0,1.0,0.0008573755621909,0.0008662566542624,7.728908777236938
1,10,1,0.7891239704109937,11.535387817317131,10.72,0,0.216,0,1125,3226.42553079384,3249.4243381038746,2,3,3228.522701228333,3,3,22.998807310034408,0.0071282622488967,2.0971704344929094,0.0006499980906042,1.0071282622488968,1.0006499980906045,0.001874305307865,0.0020060911774634,4.167116276919842
0,4,1,0.6194358737991134,26.93500669064319,31.36,0,0.206,0,1132,2129.743137401161,2135.804983231542,1,2,2129.743137401161,2,2,6.061845830380662,0.0028462802503862,0.0,0.0,1.0028462802503864,1.0,0.0009506344795226,0.0010083094239234,2.1143822073936462
0,1,1,0.7439386012477349,67.61218522318111,63.56,0,0.31,0,1126,1083.747017731156,1085.2025286384887,1,1,1085.2025286384887,1,1,1.4555109073328367,0.001343035674857,1.4555109073328367,0.001343035674857,1.001343035674857,1.001343035674857,0.0003600940108298,0.0003706291317939,8.389348194003105
0,2,1,0.6042931595157267,96.46855140436622,110.54,0,0.272,0,1128,1117.9177622663342,1117.9177622663342,1,1,1117.9177622663342,1,1,0.0,0.0,0.0,0.0,1.0,1.0,0.000613011419773,0.0006202086806296,4.361661873757839
0,5,1,0.6999524732906126,22.26038855178296,24.74,0,0.252,0,1121,3171.8798972176014,3216.5929480231625,2,3,3197.9597940870262,3,3,44.71305080556112,0.0140967036125118,26.07989686942483,0.0082222208010783,1.014096703612512,1.0082222208010785,0.0009358525276183,0.0010477602481841,3.683126851916313
0,3,1,0.6856583671958155,87.80092631495945,95.68,0,0.444,0,1120,2220.961739657885,2220.961739657885,2,2,2220.961739657885,2,2,0.0,0.0,0.0,0.0,1.0,1.0,0.0014042630791664,0.0014069378376006,16.10597512871027
0,3,1,0.7058666652049475,36.59853205640494,39.12,0,0.272,0,1122,2143.3885197407526,2149.252544777235,2,2,2149.252544777235,2,2,5.864025036482417,0.002735866588103,5.864025036482417,0.002735866588103,1.002735866588103,1.002735866588103,0.0010480806231498,0.0010733157396315,4.823575206100941
1,11,1,0.7363783568968938,10.49136944091891,10.16,0,0.2,0,1126,3339.175740776754,3350.113373423584,3,3,3343.8651604768293,3,3,10.937632646830023,0.0032755486670748,4.689419700075177,0.0014043644492291,1.0032755486670748,1.0014043644492292,0.0029779151082037,0.0031673237681387,1.909599632024765
0,4,1,0.7124679028905622,74.59454294762347,78.56,0,0.27,0,1123,2182.3173776517783,2182.31737765178,2,2,2182.31737765178,2,2,1.8189894035458565e-12,8.335127704949724e-16,1.8189894035458565e-12,8.335127704949724e-16,1.0000000000000009,1.0000000000000009,0.0010032132267951,0.000994637608528,4.05226045101881
0,3,1,0.6466783862644364,71.43084073738727,72.56,0,0.348,0,1125,2160.242917401254,2214.1701191840984,1,2,2175.532999200701,2,2,53.92720178284435,0.0249634896837056,15.290081799446853,0.0070779455756025,1.0249634896837057,1.0070779455756025,0.0004931315779685,0.0005743205547332,8.099707655608654
0,5,1,0.5993730523782183,29.74769684662866,30.32,0,0.314,0,1122,3177.2671755965985,3184.6798993680177,2,3,3184.6798993680177,2,3,7.412723771419223,0.0023330501848738,7.412723771419223,0.0023330501848738,1.0023330501848735,1.0023330501848735,0.0008602514863013,0.0008647590875624,5.864186629652977
0,3,1,0.8473670401444751,28.290470720807782,31.2,0,0.218,0,1132,2100.340852097212,2100.340852097212,1,2,2100.340852097212,1,2,0.0,0.0,0.0,0.0,1.0,1.0,0.0008219704031943,0.0008301287889479,2.658680371940136
0,4,1,0.8043010834506978,32.882897568338194,32.52,0,0.284,0,1130,2166.0618705608013,2177.900330523857,2,2,2166.0618705608013,2,2,11.838459963055811,0.0054654302002882,0.0,0.0,1.0054654302002883,1.0,0.0006140395998954,0.0006938129663467,4.5370437279343605
0,2,1,0.6659144792682,54.20843461745307,54.28,0,0.214,0,1132,1076.831457801493,1110.1575950708873,1,1,1110.1575950708873,1,1,33.326137269394394,0.0309483318192008,33.326137269394394,0.0309483318192008,1.0309483318192008,1.0309483318192008,0.00057166069746,0.0005784407258032,3.05374326556921
0,4,1,0.6958492695198164,54.04915428498866,61.84,0,0.218,0,1131,2141.4953103162093,2156.34643027534,1,2,2141.4953103162093,2,2,14.851119959130756,0.0069349299471208,0.0,0.0,1.0069349299471209,1.0,0.0008821710944175,0.0010095909237861,2.4598367139697075
0,3,1,0.8231247896227712,82.54584578550842,76.54,0,0.33,0,1126,2127.121275760124,2165.2251934148967,1,2,2127.121275760127,2,2,38.103917654772886,0.0179133733882458,3.183231456205249e-12,1.4964973988461119e-15,1.0179133733882455,1.0000000000000016,0.0015087649226186,0.0012774989008901,11.793864496052263
0,5,1,0.7381419260075573,28.463408965089965,27.94,0,0.224,0,1130,2146.291602225184,2208.75720817214,1,2,2155.911104340297,2,2,62.4656059469562,0.0291039697877932,9.619502115112937,0.0044819176038986,1.0291039697877933,1.0044819176038986,0.0018474757671355,0.0019308626651762,3.7395701110363007
0,4,1,0.799052294178468,51.66337323758897,57.3,0,0.266,0,1129,2105.2296482179354,2139.6555431227616,1,2,2105.2296482179354,2,2,34.42589490482624,0.0163525603650734,0.0,0.0,1.0163525603650736,1.0,0.0013720914721488,0.0014681890606879,5.948163710534573
0,5,1,0.8266195507536945,38.04066655694119,34.36,0,0.242,0,1120,2131.506367263828,2195.2627494741,1,2,2155.986282141784,2,2,63.75638221027202,0.0299114200123712,24.47991487795616,0.0114847955670808,1.0299114200123711,1.011484795567081,0.0007120743393897,0.0008184909820556,3.561575874686241
0,2,1,0.5293621464122346,33.34171417650356,36.36,0,0.208,0,1128,1118.1799503271648,1118.1799503271648,1,1,1118.1799503271648,1,1,0.0,0.0,0.0,0.0,1.0,1.0,0.0003502666950225,0.0003503635525702,2.173378773033619
0,4,1,0.6680443847006464,27.78289142669861,26.76,0,0.262,0,1131,2148.210935983728,2166.4013502332164,1,2,2148.80680003249,2,2,18.190414249488185,0.0084677039599736,0.595864048761996,0.0002773768808178,1.0084677039599736,1.000277376880818,0.0011545345187186,0.0012578517198561,4.371453024446964
0,4,1,0.6990175397165758,45.97169354374994,52.1,0,0.294,0,1126,2123.1198931256104,2144.832765489012,1,2,2123.11989312561,2,2,21.712872363401857,0.0102268705755644,-4.547473508864641e-13,-2.1418825774223947e-16,1.0102268705755644,0.9999999999999998,0.0008904486894606,0.0009648650884627,11.174002654850485
0,4,1,0.7008471701731652,66.28861074879114,67.74,0,0.48,0,1121,2170.664904167971,2216.411483655505,1,2,2170.664904167971,2,2,45.74657948753384,0.0210749155245907,0.0,0.0,1.0210749155245908,1.0,0.0012417137622832,0.0013505369424818,27.979731433093548
1,19,1,0.6129159787689569,6.013581522561156,6.42,0,0.218,0,1130,3288.674997471553,3372.843095103599,2,3,3313.127132928756,3,3,84.16809763204583,0.0255933157568799,24.452135457202985,0.0074352544644887,1.02559331575688,1.007435254464489,0.0060706436634063,0.0061783641576766,3.4744885861873627
0,7,1,0.8115532917755444,11.65446316139464,10.52,0,0.2,0,1119,3262.309486621483,3283.1418052573217,3,3,3283.1418052573217,3,3,20.832318635838877,0.0063857579182082,20.832318635838877,0.0063857579182082,1.0063857579182085,1.0063857579182085,0.001102365553379,0.0011207312345504,1.8835239633917809
0,2,1,0.6565426844273422,75.17394891037391,89.98,0,0.33,0,1121,2082.9602899769234,2110.176903879424,1,2,2101.2578973194863,2,2,27.21661390250074,0.0130663143380435,18.29760734256297,0.0087844244706007,1.0130663143380436,1.0087844244706008,0.0005079880356787,0.0005659088492392,12.299107737839222
0,5,1,0.7042768940551088,27.87728705449397,27.96,0,0.224,0,1130,3225.1588741359096,3250.805697631642,2,3,3240.434649729684,2,3,25.64682349573241,0.0079521116622832,15.275775593774142,0.0047364412700031,1.0079521116622832,1.004736441270003,0.0013681650161742,0.0015060827136038,2.295342795550823
0,3,1,0.6502889433104261,43.12373024449128,45.18,0,0.304,0,1121,2107.9412925230763,2115.0498532061474,1,2,2115.0498532061474,1,2,7.108560683071119,0.0033722764046064,7.108560683071119,0.0033722764046064,1.0033722764046065,1.0033722764046065,0.0006468817591666,0.000654749572277,6.281165435910225
0,1,1,0.6490522339754485,78.14427867667153,83.36,0,0.406,0,1130,1126.151130066392,1129.760265895857,1,1,1126.468872570512,1,1,3.609135829465004,0.0032048414578709,0.3177425041201331,0.0002821490789618,1.003204841457871,1.000282149078962,0.0005134716629981,0.0005779564380645,16.93330394476652
0,3,1,0.790043785402372,91.94996433466812,91.7,0,0.468,0,1122,3266.7271558167554,3266.7939655005325,3,3,3266.7939655005325,3,3,0.0668096837771372,2.0451565310000103e-05,0.0668096837771372,2.0451565310000103e-05,1.00002045156531,1.00002045156531,0.0010325834155081,0.0011006370186804,22.96267655491829
0,3,1,0.681940798453323,74.29842380802889,68.0,0,0.23,0,1127,2076.2512665682084,2076.2512665682084,1,2,2076.2512665682084,1,2,0.0,0.0,0.0,0.0,1.0,1.0,0.0003933832049369,0.0004006847739218,3.821162134408951
0,2,1,0.6118029487290563,30.238297220315523,35.58,0,0.208,0,1119,1106.407789241316,1106.407789241316,1,1,1106.407789241316,1,1,0.0,0.0,0.0,0.0,1.0,1.0,0.0006070658564567,0.0006026029586791,2.1374378204345703
0,9,1,0.7329662059556822,25.13147662218251,25.62,0,0.244,0,1129,3263.3552187835094,3286.03706914176,2,3,3263.5012366661567,3,3,22.68185035825036,0.006950469329142,0.1460178826473566,4.474470992520028e-05,1.006950469329142,1.0000447447099252,0.0023048147559165,0.0024381428956984,3.77998436242342
0,3,1,0.7424369452557343,94.46993646516418,88.7,0,0.268,0,1122,2202.150230818332,2204.691130803171,2,2,2204.691130803171,2,2,2.5408999848386884,0.0011538268140291,2.5408999848386884,0.0011538268140291,1.0011538268140292,1.0011538268140292,0.000612661242485,0.0006259009242057,4.556565582752228
0,1,1,0.7864199304919334,95.6818868538782,99.02,0,0.472,0,1130,2143.008450014602,2155.923453711274,1,2,2143.092425159924,2,2,12.915003696671649,0.0060265761885276,0.0839751453218013,3.9185634252272405e-05,1.0060265761885276,1.0000391856342523,0.0003996416926383,0.0004979893565177,51.927792355418205
0,4,1,0.5383981958867277,20.473366612363805,22.44,0,0.212,0,1132,2177.920948510394,2185.4540485674684,2,2,2185.4540485674684,2,2,7.533100057074535,0.0034588491663239,7.533100057074535,0.0034588491663239,1.003458849166324,1.003458849166324,0.0004972890019416,0.000507541000843,1.8102612644433973
0,8,1,0.7872458402982153,12.762069206405016,11.82,0,0.23,0,1120,2196.962541723574,2196.962541723574,2,2,2196.962541723574,2,2,0.0,0.0,0.0,0.0,1.0,1.0,0.0014777034521102,0.0014921501278877,2.77126893401146
0,5,1,0.5744530598795309,16.470226963104956,19.02,0,0.264,0,1122,2126.339304582273,2148.771089060535,1,2,2127.869452184993,2,2,22.43178447826176,0.0105494849434053,1.5301476027198078,0.0007196159142721,1.0105494849434054,1.0007196159142722,0.0004920959472656,0.0005782023072242,5.102171018719673
0,2,1,0.6563618490224047,52.05970277490416,59.82,0,0.36,0,1128,2112.058062498162,2112.058062498162,1,2,2112.058062498162,1,2,0.0,0.0,0.0,0.0,1.0,1.0,0.0004258602857589,0.0004395321011542,10.02892780303955
0,3,1,0.7097007789053479,49.599975985491874,51.74,0,0.292,0,1130,1119.195393855971,1119.195393855971,1,1,1119.195393855971,1,1,0.0,0.0,0.0,0.0,1.0,1.0,0.0003709420561789,0.0003778040409087,4.897979527711868
0,3,1,0.6227045824864609,85.64226512368845,94.64,0,0.416,0,1120,2207.598870084771,2212.4356969387463,2,2,2212.4356969387463,2,2,4.8368268539752535,0.0021909899119442,4.8368268539752535,0.0021909899119442,1.0021909899119443,1.0021909899119443,0.0016330704092979,0.0016818791627882,13.783039465546608
0,5,1,0.7766661520471577,18.772510609001067,16.66,0,0.22,0,1128,2123.423350719331,2157.115821347669,1,2,2124.613543390046,2,2,33.692470628338015,0.0158670528968819,1.190192670714623,0.0005605065378561,1.015867052896882,1.0005605065378562,0.0011684298515319,0.0012358352541923,3.6325093805789934
0,4,1,0.6087644488609713,28.81936309751592,30.02,0,0.266,0,1126,2180.8237957073093,2180.8237957074434,2,2,2180.8237957074434,2,2,1.3415046851150692e-10,6.151366688843275e-14,1.3415046851150692e-10,6.151366688843275e-14,1.0000000000000615,1.0000000000000615,0.0007457435131072,0.0007560104131697,3.6793070808053017
0,3,1,0.785385580424347,32.16433928167828,37.46,0,0.314,0,1126,1120.526063844315,1120.526063844315,1,1,1120.526063844315,1,1,0.0,0.0,0.0,0.0,1.0,1.0,0.0007137805223464,0.0007220432162284,7.939860112965107
0,2,1,0.791731871367445,58.891434671201,57.7,0,0.234,0,1126,2137.084062184739,2147.3439615859934,1,2,2137.084062398548,2,2,10.259899401254188,0.0048008871446851,2.138090167136397e-07,1.0004707839852727e-10,1.0048008871446852,1.000000000100047,0.0006822198629378,0.0007538869976996,2.84156896173954
0,2,1,0.7832437594996106,47.23261975236365,44.32,0,0.38,0,1126,2226.9242764704045,2241.8454956095206,2,2,2227.037683473785,2,2,14.921219139116149,0.006700371133753,0.1134070033804164,5.09253972300138e-05,1.006700371133753,1.00005092539723,0.0004490837454795,0.0005410090088843,10.257407627999784
0,8,1,0.6015998174952994,12.8444034965521,14.02,0,0.216,0,1122,2158.280871290332,2165.3517276206385,2,2,2165.3517276206385,2,2,7.070856330306469,0.0032761520636001,7.070856330306469,0.0032761520636001,1.0032761520636002,1.0032761520636002,0.0032817646861076,0.0033031329512595,2.258432298898697
0,4,1,0.6403267594620311,59.3365937311753,53.92,0,0.388,0,1129,2189.7898962229083,2202.5645821439293,2,2,2202.5645821439293,2,2,12.774685921021046,0.0058337495953633,12.774685921021046,0.0058337495953633,1.005833749595363,1.005833749595363,0.0006006062030792,0.0006129443645477,11.604783870279787
0,2,1,0.6873434420556457,55.609296210835545,61.5,0,0.376,0,1128,2197.425265692072,2231.897795583516,1,2,2197.425265692072,2,2,34.47252989144363,0.015687691604195,0.0,0.0,1.015687691604195,1.0,0.0004316195845603,0.0005406886339187,10.990895934402944
0,5,1,0.7122368347593097,39.57881367305083,39.04,0,0.22,0,1133,2154.5841437836057,2174.187307286474,1,2,2156.687054201995,2,2,19.603163502868483,0.0090983513266016,2.102910418389456,0.0009760168450402,1.0090983513266016,1.0009760168450403,0.0005190968513487,0.0005912557244299,2.316049985587597
0,3,1,0.7779335553197493,43.44604784991103,43.34,0,0.248,0,1130,1114.7037729713431,1114.7037729713431,1,1,1114.7037729713431,1,1,0.0,0.0,0.0,0.0,1.0,1.0,0.0008484870195388,0.0008620917797088,3.1267138198018074
0,2,1,0.5982954771002336,67.86536700461842,84.88,0,0.202,0,1130,1117.2463207630108,1117.2463207630108,1,1,1117.2463207630108,1,1,0.0,0.0,0.0,0.0,1.0,1.0,0.000394083559513,0.0003926679491996,2.2870122641325
0,2,1,0.7560373791604301,65.97115305447585,62.2,0,0.258,0,1127,1096.4620150800786,1096.4620150800786,1,1,1096.4620150800786,1,1,0.0,0.0,0.0,0.0,1.0,1.0,0.000738002359867,0.0007572099566459,3.55621300637722
0,3,1,0.8427596735395895,35.11050764694634,30.38,0,0.208,0,1132,1109.1436302019083,1109.1436302019083,1,1,1109.1436302019083,1,1,0.0,0.0,0.0,0.0,1.0,1.0,0.0007750615477561,0.0007823258638381,1.9780408218503
0,3,1,0.8029010818514448,58.14633426229873,53.26,0,0.236,0,1133,2132.9153635576185,2152.544587495924,1,2,2132.9153635576185,2,2,19.629223938305586,0.0092030018038619,0.0,0.0,1.009203001803862,1.0,0.0008321553468703,0.0009000971913337,3.2499548941850662
0,2,1,0.7930238905139217,58.799730062450514,60.4,0,0.244,0,1125,2152.7064414128463,2164.848556469118,1,2,2152.7064414128463,2,2,12.142115056271903,0.0056403951893705,0.0,0.0,1.0056403951893704,1.0,0.0005117952823638,0.0005949884653091,3.089526481926441
0,3,1,0.7013788326640863,22.514485129949684,24.22,0,0.232,0,1126,2095.84936379388,2095.84936379388,1,2,2095.84936379388,1,2,0.0,0.0,0.0,0.0,1.0,1.0,0.0004045739769935,0.0004120543599128,2.4027929604053497
0,5,1,0.6821110377837754,22.676402001105124,23.9,0,0.264,0,1129,3174.522703257143,3217.371381828886,2,3,3206.0244842799525,3,3,42.84867857174322,0.0134976758955856,31.50178102280961,0.0099233125630155,1.0134976758955856,1.0099233125630156,0.0008374750614165,0.0009023249149322,3.6795827448368073
0,2,1,0.7194829303272652,67.06643927271907,71.94,0,0.248,0,1123,1097.6236330177055,1116.3463522026682,1,1,1116.3463522026682,1,1,18.72271918496267,0.0170575037032394,18.72271918496267,0.0170575037032394,1.0170575037032394,1.0170575037032394,0.0003467202186584,0.0003570988774299,4.910388953983784
0,2,1,0.7449886259959224,37.27295320680944,36.38,0,0.3,0,1121,2231.8030982724867,2232.4245376471204,2,2,2232.4245376471204,2,2,0.62143937463361,0.0002784472228372,0.62143937463361,0.0002784472228372,1.0002784472228372,1.0002784472228372,0.0006502792239188,0.0006526336073874,5.168388083577156
1,11,1,0.7412256404996448,7.86320105890373,8.84,0,0.204,0,1132,3198.47361079898,3211.514703724229,2,3,3211.514703724229,2,3,13.04109292524936,0.0040772863909893,13.04109292524936,0.0040772863909893,1.0040772863909897,1.0040772863909897,0.0014498904347419,0.0014646798372268,2.114783607423305
0,3,1,0.7449075841878039,33.31711742389041,34.12,0,0.222,0,1124,2104.493020738564,2113.290306894355,1,2,2104.4930207385805,2,2,8.797286155790971,0.0041802401191635,1.6370904631912708e-11,7.779025385490421e-15,1.0041802401191635,1.0000000000000078,0.0008663833141326,0.0009324327111243,3.394636571407318
0,2,1,0.642624472757688,50.42699614494113,49.9,0,0.246,0,1127,1084.1201448727345,1084.1201448727345,1,1,1084.1201448727345,1,1,0.0,0.0,0.0,0.0,1.0,1.0,0.0003273934125899,0.0003346130251884,3.4448789581656456
0,3,1,0.7286083378127307,83.98131823647066,91.92,0,0.372,0,1124,2153.5816358743377,2195.684755323603,2,2,2195.684755323603,2,2,42.10311944926525,0.0195502778942353,42.10311944926525,0.0195502778942353,1.0195502778942354,1.0195502778942354,0.0018541812896727,0.0018424242734908,11.104721046984196
0,4,1,0.6549411082474483,53.21326728608611,52.36,0,0.408,0,1122,3292.380231476229,3295.6516511559794,3,3,3295.6516511559794,3,3,3.2714196797505792,0.0009936336175496,3.2714196797505792,0.0009936336175496,1.0009936336175496,1.0009936336175496,0.0007790103554724,0.0007930621504782,14.036893531680107
0,3,1,0.6645052400890052,45.23712918112155,47.18,0,0.226,0,1133,2082.7924148014304,2111.22488053729,1,2,2087.5040556514323,2,2,28.43246573585975,0.0136511279442941,4.711640850001913,0.0022621749611331,1.013651127944294,1.0022621749611331,0.0008510500192641,0.0009271726012229,4.4992788806557655
0,2,1,0.7078599093590042,47.99265579027928,46.32,0,0.246,0,1122,2153.190388593722,2184.283343521911,1,2,2153.190388593722,2,2,31.092954928188647,0.0144404113509423,0.0,0.0,1.0144404113509422,1.0,0.0010070577263831,0.0010711401700973,3.287661515176296
0,2,1,0.6559131955492307,58.04335608204968,63.44,0,0.262,0,1127,1088.159820605665,1088.159820605665,1,1,1088.159820605665,1,1,0.0,0.0,0.0,0.0,1.0,1.0,0.0004883557558059,0.0004953145980834,4.885966651141644
0,1,1,0.6085899403760334,64.01142910401936,75.8,0,0.364,0,1130,1113.0110132644804,1129.8903269795192,1,1,1113.0110132644804,1,1,16.879313715038734,0.0151654507582377,0.0,0.0,1.0151654507582375,1.0,0.0005278065800666,0.0006026476621627,14.326655864715576
0,3,1,0.8226146931815589,39.29491891867008,40.04,0,0.266,0,1122,2147.032633483215,2166.8375348622967,1,2,2151.576814420635,2,2,19.80490137908191,0.0092243131614407,4.544180937420151,0.0021164936510759,1.009224313161441,1.002116493651076,0.0005737468600273,0.0006664395332336,4.933405518531799
0,6,1,0.4957633003762985,12.285683027606977,16.0,0,0.2,0,1132,2116.227376758591,2122.4270332313254,1,2,2122.4270332313254,1,2,6.199656472734205,0.0029295795625847,6.199656472734205,0.0029295795625847,1.0029295795625848,1.0029295795625848,0.0008856579661368,0.0008983090519904,2.312847785651684
0,2,1,0.5763211655801982,49.47807490933049,60.6,0,0.266,0,1128,1117.532003849994,1117.532003849994,1,1,1117.532003849994,1,1,0.0,0.0,0.0,0.0,1.0,1.0,0.0009287744760512,0.0009337812662124,4.534019000828266
1,11,1,0.5892093320859959,6.1390441804779385,6.82,0,0.206,0,1121,3291.9994561617978,3301.6268655326094,3,3,3301.6268655326094,3,3,9.62740937081162,0.0029244869262634,9.62740937081162,0.0029244869262634,1.0029244869262637,1.0029244869262637,0.0012545138597488,0.0012687966227531,1.908881023526192
0,6,1,0.6484959561906065,18.87798750897284,20.2,0,0.262,0,1122,2184.0994267616074,2197.2793273126053,2,2,2197.2793273126053,2,2,13.1799005509979,0.0060344782794709,13.1799005509979,0.0060344782794709,1.006034478279471,1.006034478279471,0.001117557287216,0.0012544095516203,3.675408534705639
0,4,1,0.6613751723519767,28.86477064525734,33.78,0,0.304,0,1119,1111.1685943999494,1111.1685943999494,1,1,1111.1685943999494,1,1,0.0,0.0,0.0,0.0,1.0,1.0,0.0012300461530684,0.0012461990118025,6.387533150613308
0,6,1,0.7105024308085277,11.004236972494848,11.48,0,0.206,0,1129,2208.857010076234,2219.3772280496314,2,2,2219.3772280496314,2,2,10.520217973397394,0.0047627428690073,10.520217973397394,0.0047627428690073,1.0047627428690074,1.0047627428690074,0.0005907341837882,0.0005992650985717,1.924288772046566
1,12,1,0.7389130091233456,9.746723864744189,10.06,0,0.202,0,1128,3235.810668755757,3281.688607175748,2,3,3252.668391478723,3,3,45.8779384199911,0.0141781899858906,16.857722722966173,0.0052097370485054,1.0141781899858906,1.0052097370485056,0.0043884143233298,0.0044838935136794,3.6918765753507614
0,3,1,0.8129429725089679,74.17521746639197,59.8,0,0.35,0,1123,2164.1121328459644,2184.260065418036,2,2,2184.260065418036,2,2,20.147932572071568,0.0093100224643052,20.147932572071568,0.0093100224643052,1.0093100224643052,1.0093100224643052,0.0005172416567802,0.0005301013588904,9.09053959697485
0,2,1,0.7539888303977156,61.84513538499615,62.34,0,0.332,0,1132,1130.7263682599792,1130.7263682599792,1,1,1130.7263682599792,1,1,0.0,0.0,0.0,0.0,1.0,1.0,0.0004393607378005,0.0004464909434318,7.445573829114437
0,2,1,0.6046264321953473,49.787292165485006,55.72,0,0.236,0,1132,2134.6738164837207,2137.5839921444044,1,2,2134.6738164837207,2,2,2.9101756606837625,0.0013632882167812,0.0,0.0,1.0013632882167811,1.0,0.0006619915366172,0.0007201731204986,3.4669011756777763
0,2,1,0.691717055536027,79.20522657037264,84.54,0,0.34,0,1119,2159.262691641644,2178.207909180615,2,2,2178.207909180615,2,2,18.945217538971065,0.0087739289954421,18.945217538971065,0.0087739289954421,1.008773928995442,1.008773928995442,0.00041064620018,0.000431939959526,8.592973344027996
0,9,1,0.7863587360766321,11.33324223529959,10.96,0,0.224,0,1122,3169.251789831073,3174.9975818830508,2,3,3174.9975818830508,2,3,5.745792051977787,0.0018129806127786,5.745792051977787,0.0018129806127786,1.001812980612779,1.001812980612779,0.0013577044010162,0.0013687461614608,3.2217243760824203
0,2,1,0.7728942797279194,75.10255388069217,73.96,0,0.406,0,1121,2221.461088321007,2236.8681074429533,2,2,2236.8681074429533,2,2,15.407019121946178,0.0069355340964315,15.407019121946178,0.0069355340964315,1.0069355340964314,1.0069355340964314,0.001197762787342,0.0012212619185447,14.045589730143549
0,2,1,0.6533636481597528,98.56585757572478,119.78,0,0.2,0,1123,2028.3058135649355,2028.3058135649355,1,2,2028.3058135649355,1,2,0.0,0.0,0.0,0.0,1.0,1.0,0.0003823563456534,0.0003898367285728,2.6984797939658165
1,11,1,0.6871746884555553,15.322615054192203,16.12,0,0.206,0,1121,3274.319903856182,3274.3199038561816,3,3,3274.3199038561816,3,3,-4.547473508864641e-13,-1.3888299379388863e-16,-4.547473508864641e-13,-1.3888299379388863e-16,1.0,1.0,0.0018614381551742,0.0018731206655502,2.145774811506272
0,5,1,0.6714418134462063,23.762678446501425,26.84,0,0.226,0,1125,3226.9499518750235,3226.9499518750235,3,3,3226.9499518750235,3,3,0.0,0.0,0.0,0.0,1.0,1.0,0.0007443502545356,0.0007567107677458,2.431307017803192
0,3,1,0.7016780977775399,37.01267856613763,35.98,0,0.256,0,1129,2118.553901919366,2146.1620938282576,1,2,2118.553901919366,2,2,27.608191908891516,0.0130316211845632,0.0,0.0,1.0130316211845631,1.0,0.0008372142910957,0.0010180994868278,5.068739585578442
0,7,1,0.6698641270570836,16.432669714385085,15.6,0,0.23,0,1132,2183.535817900122,2185.672549976882,2,2,2185.672549976882,2,2,2.1367320767599267,0.0009785651598858,2.1367320767599267,0.0009785651598858,1.000978565159886,1.000978565159886,0.0011717826128005,0.0011806562542914,2.5994339138269424
0,3,1,0.6651963961745371,52.1624828365233,58.56,0,0.246,0,1130,2085.2384689474,2085.2384689474,1,2,2085.2384689474,1,2,0.0,0.0,0.0,0.0,1.0,1.0,0.0004128590226172,0.0004260763525961,3.3176180869340897
0,4,1,0.8584689578532972,47.49230553498358,41.62,0,0.262,0,1122,2179.386574642832,2181.966955992704,2,2,2179.735427688983,2,2,2.5803813498719137,0.0011839943312006,0.3488530461509072,0.0001600693746624,1.0011839943312006,1.0001600693746624,0.0004937648773193,0.000571884214878,4.153542697429657
0,2,1,0.6020400543092442,53.499864194658265,62.22,0,0.354,0,1132,2114.9322558997656,2114.9322558997656,1,2,2114.9322558997656,1,2,0.0,0.0,0.0,0.0,1.0,1.0,0.0006560906767844,0.0006745234131812,15.63692145049572
0,3,1,0.7491451583834237,97.42959319276542,87.74,0,0.496,0,1119,3221.1685254312847,3233.240218695513,2,3,3229.26783164146,3,3,12.071693264228088,0.0037476130692701,8.0993062101752,0.0025144000216787,1.0037476130692702,1.0025144000216788,0.0006160512566565,0.0006987378001211,42.30115658044815
1,16,1,0.706871922276645,7.033487933397809,7.28,0,0.216,0,1123,3258.84526778382,3258.8452765235083,3,3,3258.8452765235083,3,3,8.739688382775057e-06,2.6818359463622183e-09,8.739688382775057e-06,2.6818359463622183e-09,1.000000002681836,1.000000002681836,0.0063225403428077,0.0063448548316955,2.63200543820858
0,3,1,0.687471438766031,70.3493273144172,81.0,0,0.388,0,1121,2192.0929333379486,2222.718948521669,2,2,2222.718948521669,2,2,30.626015183720483,0.0139711299269988,30.626015183720483,0.0139711299269988,1.013971129926999,1.013971129926999,0.0008929446339606,0.0009104534983633,11.36417067795992
0,2,1,0.6309897957739232,96.62157715913295,106.54,0,0.4,0,1125,2230.2900944267644,2230.2900944267644,2,2,2230.2900944267644,2,2,0.0,0.0,0.0,0.0,1.0,1.0,0.0004344955086707,0.0004464536905287,11.639273285865784
0,7,1,0.6289775576690324,18.818075991866543,20.08,0,0.218,0,1127,3287.0669976305817,3292.9483427831456,3,3,3292.9483427831456,3,3,5.881345152563881,0.0017892379914383,5.881345152563881,0.0017892379914383,1.0017892379914384,1.0017892379914384,0.0009317696094512,0.000952735543251,2.184615805745125
0,2,1,0.8184032948878023,54.80384772670615,52.76,0,0.298,0,1132,2178.6025509724977,2207.242336829434,1,2,2178.6025509724977,2,2,28.63978585693621,0.0131459434141173,0.0,0.0,1.0131459434141177,1.0,0.0004063174128531,0.0004815012216567,5.447455391287804
0,2,1,0.6985100964960542,97.70617744989067,96.1,0,0.546,0,1131,2206.089615356825,2215.989625354826,2,2,2209.343306805001,2,2,9.900009998000767,0.0044875828837984,3.2536914481756867,0.0014748682127536,1.0044875828837985,1.0014748682127537,0.0005582720041274,0.0006437301635741,30.406675659120083
1,14,1,0.7050875449323498,8.467449653324682,7.78,0,0.214,0,1123,3292.7092445065887,3320.34304315252,3,3,3320.34304315252,3,3,27.633798645931165,0.0083924199174385,27.633798645931165,0.0083924199174385,1.0083924199174386,1.0083924199174386,0.0033139362931251,0.0033293962478637,2.3248283341526985
0,6,1,0.6228728724574081,11.8626958855799,13.2,0,0.212,0,1122,3171.15931919198,3174.5942055761457,2,3,3174.5942055761457,2,3,3.4348863841655657,0.0010831642432398,3.4348863841655657,0.0010831642432398,1.0010831642432398,1.0010831642432398,0.0009421929717063,0.0009493753314017,2.026798576116562
0,8,1,0.7239932670209007,26.948704699069143,27.46,0,0.214,0,1121,3291.269319884204,3297.4286868547783,3,3,3297.4286868547783,3,3,6.1593669705744105,0.0018714259976728,6.1593669705744105,0.0018714259976728,1.0018714259976729,1.0018714259976729,0.0009068846702574,0.0009234324097632,2.195122875273228
0,5,1,0.6731595415865201,16.059087936769643,15.94,0,0.218,0,1120,2142.831404537537,2182.2349563771595,1,2,2148.2937608683915,2,2,39.40355183962265,0.0183885450606071,5.462356330854618,0.0025491302392189,1.0183885450606072,1.0025491302392189,0.0011396855115889,0.0012412518262862,2.5372717082500458
0,2,1,0.5925343053029504,37.74317452636947,39.38,0,0.25,0,1120,2091.121660819028,2091.1216608190284,1,2,2091.1216608190284,1,2,4.547473508864641e-13,2.1746575505719435e-16,4.547473508864641e-13,2.1746575505719435e-16,1.0000000000000002,1.0000000000000002,0.0007378607988357,0.000744879245758,4.155734091997147
0,4,1,0.7764074736663095,39.1293176785522,38.32,0,0.26,0,1128,2139.2722022107173,2162.339628994914,1,2,2139.2722022107173,2,2,23.06742678419687,0.0107828385561963,0.0,0.0,1.0107828385561963,1.0,0.0007897168397902,0.0008453652262686,4.019336812198162
0,3,1,0.5073598084946018,50.41534774349162,58.28,0,0.234,0,1124,2132.406415184979,2148.246443655331,1,2,2132.406415184979,2,2,15.84002847035208,0.0074282408632587,0.0,0.0,1.0074282408632589,1.0,0.0006732121109961,0.0007397085428237,2.486150875687599
0,1,1,0.7289638686634806,70.00742197523924,70.98,0,0.258,0,1121,1069.2262167085787,1078.3009004543728,1,1,1078.3009004543728,1,1,9.074683745794118,0.008487150430831,9.074683745794118,0.008487150430831,1.008487150430831,1.008487150430831,0.0003219544887541,0.0003298446536063,6.730228014290333
0,2,1,0.6947545352133702,94.65293906717493,107.62,0,0.764,0,1133,3289.868831920214,3314.175361221365,2,3,3289.952901987046,3,3,24.306529301151382,0.0073882973890373,0.0840700668322824,2.555423061752066e-05,1.0073882973890371,1.0000255542306176,0.0013732910156249,0.0014745295047759,165.1158035621047
0,2,1,0.7116976208490106,50.204573087803006,54.3,0,0.3,0,1119,2142.2842890406023,2143.582076413065,1,2,2142.284289254931,2,2,1.297787372462608,0.0006057960556877,2.1432879293570295e-07,1.0004684907234588e-10,1.0006057960556878,1.0000000001000469,0.0004180073738098,0.0004805624485015,6.059889271855354
0,2,1,0.6851562175716541,85.42334330388724,80.36,0,0.3,0,1120,2159.845891290782,2198.027693276117,1,2,2159.845891290782,2,2,38.181801985334914,0.0176780214455562,0.0,0.0,1.0176780214455563,1.0,0.0010383129119872,0.0011809170246123,5.242602862417698
0,2,1,0.6603422479107277,48.51492700687385,45.7,0,0.218,0,1119,2123.755004604113,2123.755004604113,1,2,2123.755004604113,1,2,0.0,0.0,0.0,0.0,1.0,1.0,0.0004072114825247,0.0004169493913649,2.1705287620425224
0,5,1,0.7850826953942227,20.037978992769343,19.46,0,0.252,0,1127,3197.9718271890824,3218.0035773135023,2,3,3212.757871766864,2,3,20.031750124419887,0.0062638919937037,14.786044577781468,0.0046235693673317,1.0062638919937037,1.0046235693673318,0.0008302778005599,0.0009145587682723,2.973023645579815
0,6,1,0.5961244989839106,15.885211134259093,18.8,0,0.23,0,1130,2195.924223178424,2195.924223178424,2,2,2195.924223178424,2,2,4.547473508864641e-13,2.0708699602951407e-16,4.547473508864641e-13,2.0708699602951407e-16,1.0000000000000002,1.0000000000000002,0.0006932839751242,0.0007049813866614,2.4078478291630745
0,2,1,0.7165349124991479,92.37910098429136,84.12,0,0.238,0,1126,2220.630702295056,2220.630702295056,2,2,2220.630702295056,2,2,0.0,0.0,0.0,0.0,1.0,1.0,0.0004491806030272,0.0004622191190718,3.2878525406122208
0,2,1,0.5873839050394699,47.13022650134573,52.78,0,0.204,0,1124,2207.7766351688765,2233.924033457173,1,2,2207.776635168879,2,2,26.1473982882967,0.0118433168789725,2.273736754432321e-12,1.0298762647510305e-15,1.0118433168789724,1.000000000000001,0.0004576519131659,0.000576615333557,2.05421781539917
0,2,1,0.7955409756762339,56.40591004263538,45.46,0,0.2,0,1132,2185.3182924685816,2186.711520464106,1,2,2186.711520464106,1,2,1.3932279955242848,0.0006375400784068,1.3932279955242848,0.0006375400784068,1.0006375400784069,1.0006375400784069,0.0003723800182341,0.0003792122006415,1.7759736105799675
0,2,1,0.6204951567562418,91.54070180516844,106.2,0,0.412,0,1120,2175.914462992109,2183.433094378456,2,2,2183.433094378456,2,2,7.518631386347351,0.0034553892233467,7.518631386347351,0.0034553892233467,1.0034553892233469,1.0034553892233469,0.0004087612032889,0.0004190579056738,13.914531745016577
0,2,1,0.7589416532886162,71.46173371311679,63.66,0,0.362,0,1129,2180.5190544793554,2214.899786665037,1,2,2180.594866860909,2,2,34.38073218568161,0.0157672239162756,0.0758123815535327,3.476804359851584e-05,1.0157672239162756,1.0000347680435986,0.0005017071962356,0.0005914792418479,9.75392198562622
0,2,1,0.7534930101628152,61.3173052634134,63.76,0,0.532,0,1131,3283.059499924724,3294.6716358005583,2,3,3283.309346215364,3,3,11.612135875834156,0.0035369861180098,0.2498462906396525,7.610166390386199e-05,1.00353698611801,1.000076101663904,0.0009425655007361,0.0010507404804229,36.47791364789009
0,3,1,0.7296034496622559,53.77604272433964,56.72,0,0.212,0,1121,2131.505087734524,2170.705886281796,1,2,2131.505087734524,2,2,39.20079854727237,0.0183911353403979,0.0,0.0,1.0183911353403978,1.0,0.0010405257344245,0.0011337846517562,2.7294646203517914
0,6,1,0.780080366190289,49.43364696356844,48.26,0,0.256,0,1130,3247.646873335966,3266.8724745634936,2,3,3250.0495181196325,3,3,19.22560122752748,0.0059198558147976,2.4026447836663465,0.0007398109700265,1.0059198558147977,1.0007398109700265,0.0014935210347174,0.0015772506594656,3.628454297780991
0,3,1,0.6408513004450255,50.83410472102845,58.78,0,0.246,0,1127,1101.5140225721996,1101.5140225721996,1,1,1101.5140225721996,1,1,0.0,0.0,0.0,0.0,1.0,1.0,0.0007197856903075,0.0007260143756865,3.2777696326375008
0,1,1,0.6520636660987298,83.01651477118965,82.86,0,0.338,0,1125,1096.4248076624317,1124.1523745782604,1,1,1096.4248076624317,1,1,27.727566915828675,0.0252890729232436,0.0,0.0,1.0252890729232438,1.0,0.0006095767021178,0.0006829500198363,11.459629207849504
1,16,1,0.683555995310795,9.917913523990803,9.78,0,0.224,0,1120,3255.150052266604,3280.650631302115,3,3,3280.650631302115,3,3,25.50057903551124,0.0078339181377383,25.50057903551124,0.0078339181377383,1.0078339181377385,1.0078339181377385,0.0038688704371452,0.0038816183805465,2.878226801753044
0,3,1,0.7502061107410561,69.99565176213223,64.7,0,0.264,0,1123,2202.784345105779,2215.817430941828,2,2,2215.817430941828,2,2,13.033085836049397,0.0059166417561513,13.033085836049397,0.0059166417561513,1.0059166417561514,1.0059166417561514,0.0009446814656256,0.0009671822190284,4.102760434150696
0,2,1,0.522175801302322,73.40127412244956,86.2,0,0.328,0,1132,3268.2945945211104,3268.2945945211104,2,3,3268.2945945211104,2,3,0.0,0.0,0.0,0.0,1.0,1.0,0.0004645660519599,0.0004762038588523,10.679153330624104
0,7,1,0.6471516165123034,16.669847068539017,14.86,0,0.228,0,1130,2213.361051520784,2213.361051520784,2,2,2213.361051520784,2,2,0.0,0.0,0.0,0.0,1.0,1.0,0.0011117979884147,0.0011266767978667,2.3635377660393715
1,14,1,0.7522156621387672,10.156146486867438,10.4,0,0.21,0,1127,3232.920807345837,3282.705860620212,2,3,3245.541056170416,3,3,49.78505327437506,0.0153994038954661,12.620248824578994,0.0039036677904089,1.015399403895466,1.003903667790409,0.0066515207290649,0.0067590102553367,2.440687283873558
0,1,1,0.6132916535537245,82.62497893585903,93.04,0,0.482,0,1128,2142.9658483113512,2157.758859082851,1,2,2143.0778042053603,2,2,14.793010771499668,0.0069030548401676,0.1119558940090428,5.22434336026697e-05,1.0069030548401676,1.0000522434336028,0.0004136562347411,0.0004954561591147,79.2646656036377
0,9,1,0.6657817255846311,13.721698082089612,14.0,0,0.226,0,1131,3210.3003485267063,3291.854287571284,2,3,3245.6364145458265,3,3,81.55393904457787,0.0254038345919892,35.33606601912015,0.0110070903600458,1.0254038345919891,1.011007090360046,0.0033665522933005,0.0035792887210845,2.600290298461914
1,10,1,0.7037227397522725,8.664040974188584,9.6,0,0.208,0,1129,3238.786862406779,3337.568253658132,2,3,3291.7198644528344,3,3,98.78139125135294,0.0304995035017362,52.93300204605521,0.0163434657156538,1.0304995035017364,1.0163434657156538,0.0017386078834533,0.0018325373530387,1.9331381544470787
0,4,1,0.7836534170130246,27.401647352200825,23.98,0,0.228,0,1126,2135.997587864602,2145.6118006915435,1,2,2135.997587864602,2,2,9.61421282694164,0.0045010410505908,0.0,0.0,1.0045010410505908,1.0,0.0004559606313704,0.0005331188440322,2.326153516769409
0,4,1,0.6334445311284647,44.33000964179623,45.66,0,0.274,0,1131,2129.096369791078,2147.829669109657,1,2,2132.3948072907024,2,2,18.73329931857916,0.0087987089661034,3.2984374996244696,0.0015492194465336,1.0087987089661037,1.0015492194465336,0.0009448453783988,0.0012285262346267,5.506674684584141
0,3,1,0.6944932955527994,47.77964046865132,41.3,0,0.2,0,1131,2225.387474066053,2226.814820178108,2,2,2226.814820178108,2,2,1.4273461120551474,0.0006413921749308,1.4273461120551474,0.0006413921749308,1.0006413921749309,1.0006413921749309,0.0006627365946768,0.000689923763275,1.7960007190704346
1,10,1,0.8118573926715842,30.560773298446904,26.0,0,0.284,0,1129,3273.8023548851083,3275.582671904826,3,3,3275.582671904826,3,3,1.780317019717586,0.000543807116841,1.780317019717586,0.000543807116841,1.000543807116841,1.000543807116841,0.0022866129875182,0.0023095309734344,4.166812717914581
1,12,1,0.6774648192612892,7.100561287324041,8.46,0,0.202,0,1129,3275.8837006914064,3299.4546322777537,3,3,3299.4546322777537,3,3,23.570931586347346,0.0071952894974178,23.570931586347346,0.0071952894974178,1.007195289497418,1.007195289497418,0.0023233219981193,0.0023375153541564,2.284455455839634
0,3,1,0.6153714060091372,37.11624041436055,41.46,0,0.218,0,1129,2144.000616151824,2144.000616151824,1,2,2144.000616151824,1,2,0.0,0.0,0.0,0.0,1.0,1.0,0.0006056949496269,0.0006167739629745,2.274774484336376
0,2,1,0.7693665487459067,87.86463989561207,87.02,0,0.278,0,1127,1117.9821531837042,1117.9821531837042,1,1,1117.9821531837042,1,1,0.0,0.0,0.0,0.0,1.0,1.0,0.0003153085708617,0.0003163218498229,4.034101314842701
0,6,1,0.6600130596135824,17.385730908452963,18.5,0,0.206,0,1120,2127.398871855416,2158.7422033124494,1,2,2139.495268733918,2,2,31.3433314570334,0.0147331710436121,12.096396878501764,0.0056860032401689,1.0147331710436125,1.005686003240169,0.0020469799637793,0.0021648481488227,2.8060304075479507
0,3,1,0.7288368382980748,75.06656832970599,71.58,0,0.272,0,1119,2177.5413968223183,2216.8278490816547,1,2,2177.5413968223183,2,2,39.28645225933633,0.0180416557483898,0.0,0.0,1.0180416557483898,1.0,0.0004547685384749,0.0005273669958113,3.9529841989278793
0,1,1,0.7045341497486295,86.51642955712168,98.5,0,0.288,0,1128,1077.8003711678066,1088.6793858052645,1,1,1088.6793858052645,1,1,10.879014637457884,0.0100937195128912,10.879014637457884,0.0100937195128912,1.0100937195128912,1.0100937195128912,0.0003040432929992,0.0003116130828857,6.279902450740337
0,4,1,0.6814975920789101,30.781095970339862,31.04,0,0.224,0,1122,2131.1583121287504,2173.40542264132,1,2,2131.536488048768,2,2,42.247110512569634,0.0198235439723716,0.3781759200178385,0.0001774508809906,1.0198235439723715,1.0001774508809906,0.0009735077619551,0.0010548532009123,2.733273416757584
0,3,1,0.6650357900733752,53.04386427578707,60.46,0,0.236,0,1131,2203.1530229236664,2203.153022923667,2,2,2203.153022923667,2,2,4.547473508864641e-13,2.0640751965698571e-16,4.547473508864641e-13,2.0640751965698571e-16,1.0000000000000002,1.0000000000000002,0.0004440769553184,0.0004538446664809,2.646827757358551
0,3,1,0.6406362461957207,80.14496329624949,86.18,0,0.32,0,1129,2125.681763872517,2157.0675760775703,1,2,2125.681763872517,2,2,31.3858122050533,0.0147650569047905,0.0,0.0,1.0147650569047906,1.0,0.000410534441471,0.0004670247435568,13.337399706244469
0,3,1,0.7343553283277403,61.91759999205704,66.56,0,0.554,0,1128,2245.980342228521,2246.160236758004,2,2,2246.160236758004,2,2,0.1798945294831355,8.009621727349558e-05,0.1798945294831355,8.009621727349558e-05,1.0000800962172736,1.0000800962172736,0.0011219084262847,0.0011361390352248,28.51556669175625
0,3,1,0.7171375026738191,64.59382130001441,60.14,0,0.404,0,1121,2177.132369971796,2187.250041951027,2,2,2187.250041951027,2,2,10.11767197923109,0.0046472470478963,10.11767197923109,0.0046472470478963,1.0046472470478964,1.0046472470478964,0.0004974082112312,0.0005019158124923,13.88999541848898
0,3,1,0.6691183940542593,51.51129006437994,53.6,0,0.286,0,1126,2129.1424591253094,2131.198374193056,1,2,2129.14245912531,2,2,2.055915067746355,0.0009656070963851,4.547473508864641e-13,2.1358239742834426e-16,1.0009656070963853,1.0000000000000002,0.0008282512426375,0.0009591281414031,6.258355587720871
0,2,1,0.642670357051332,84.5601197629101,86.56,0,0.504,1,1158,2161.8590060624124,2165.851006094412,1,2,2161.8670058384205,2,2,3.992000031999396,0.0018465589202648,0.0079997760080914,3.7004152378383545e-06,1.0018465589202648,1.0000037004152378,0.0007807463407515,0.0008811205625532,43.59010189771652
0,3,1,0.6885711454310004,38.846193483459096,44.42,0,0.304,1,1166,1108.3028088917576,1108.3028088917576,1,1,1108.3028088917576,1,1,0.0,0.0,0.0,0.0,1.0,1.0,0.0007807835936545,0.0007880404591559,7.142613157629967
0,4,1,0.5274559818356473,27.82668407732229,31.68,0,0.256,1,1227,1113.2305227964907,1113.2305227964907,1,1,1113.2305227964907,1,1,0.0,0.0,0.0,0.0,1.0,1.0,0.0008030682802199,0.0008125379681586,6.473514944314957
0,2,1,0.7172697758082629,79.70885039189886,76.76,0,0.296,1,1153,1140.9445897736905,1140.9445897736905,1,1,1140.9445897736905,1,1,0.0,0.0,0.0,0.0,1.0,1.0,0.0007693618535995,0.0007978677749633,6.052882380783558
0,3,1,0.7833974285189806,74.13493130158237,73.78,0,0.494,1,1167,2151.832438755464,2151.832438755464,1,2,2151.832438755464,1,2,0.0,0.0,0.0,0.0,1.0,1.0,0.0009717717766761,0.0009823814034461,52.212553553283215
0,3,1,0.6790858195693825,76.6809052324119,81.84,0,0.344,1,1206,1183.6612459023636,1183.6612459023636,1,1,1183.6612459023636,1,1,0.0,0.0,0.0,0.0,1.0,1.0,0.0003744959831237,0.0003822073340415,9.588336408138275
0,7,1,0.7680697753865594,23.88095820601644,25.4,0,0.24,1,1183,2161.1374344746537,2171.5309716501906,1,2,2166.0624438476857,2,2,10.393537175536949,0.0048092902421374,4.925009373032026,0.0022788968875684,1.0048092902421375,1.0022788968875684,0.0012843310832977,0.0013468340039253,4.894189149141312
0,4,1,0.6422267432643441,31.260027228864004,34.38,0,0.27,1,1179,1163.5808507571865,1178.234962677464,1,1,1178.234962677464,1,1,14.6541119202775,0.0125939782446071,14.6541119202775,0.0125939782446071,1.0125939782446072,1.0125939782446072,0.0014987066388129,0.0015100091695785,7.052699774503708
0,2,1,0.6535606755146527,55.85677634145689,61.18,0,0.244,1,1167,1142.4866615261203,1142.4866615261203,1,1,1142.4866615261203,1,1,0.0,0.0,0.0,0.0,1.0,1.0,0.0003887861967086,0.0004000663757323,3.1355874463915825
0,2,1,0.639053049907837,99.06699213163586,113.34,0,0.276,1,1150,1076.0847817993777,1095.6849416715056,1,1,1095.6849416715056,1,1,19.60015987212796,0.0182143267924981,19.60015987212796,0.0182143267924981,1.018214326792498,1.018214326792498,0.0005583465099333,0.0005649030208586,7.446744836866856
0,5,1,0.6742311448426581,26.444790301554907,31.84,0,0.29,1,1182,2133.826702091267,2133.826702091267,1,2,2133.826702091267,1,2,0.0,0.0,0.0,0.0,1.0,1.0,0.0005045011639594,0.000515155494213,6.0059870555996895
1,11,1,0.6478089915913173,16.351985578532197,17.16,0,0.236,1,1182,2230.6972266203675,2293.7667216853183,2,2,2293.7667216853183,2,2,63.06949506495084,0.028273444872886,63.06949506495084,0.028273444872886,1.028273444872886,1.028273444872886,0.0019635185599326,0.0019743219017981,3.0235134586691856
0,2,1,0.6182684605418146,65.33696278201018,73.86,0,0.482,1,1135,2145.7525574179585,2156.653567414959,1,2,2145.7525574179585,2,2,10.901009997000529,0.0050802735661739,0.0,0.0,1.005080273566174,1.0,0.0007122457027434,0.0007916912436484,25.40287183970213
0,7,1,0.6727123816384807,16.82523629720003,14.52,0,0.228,1,1186,2192.3007140758928,2213.3512548130666,1,2,2199.093760323856,2,2,21.050540737173836,0.0096020316017855,6.793046247963048,0.0030985923620548,1.0096020316017855,1.0030985923620548,0.0007908046245574,0.0008714273571968,3.3175521343946457
0,2,1,0.654377528215987,54.10036315389256,59.16,0,0.474,1,1211,1145.6838462795906,1176.466955891222,1,1,1176.466955891222,1,1,30.78310961163129,0.0268687646348458,30.78310961163129,0.0268687646348458,1.026868764634846,1.026868764634846,0.0005481019616126,0.0005557462573051,27.453207179903984
0,3,1,0.517926610934486,31.39975733359929,37.16,0,0.238,1,1217,2125.598742242226,2140.102366742206,1,2,2127.0633702127134,2,2,14.503624499980106,0.0068233125150801,1.464627970487527,0.0006890425466391,1.0068233125150805,1.000689042546639,0.0008161664009093,0.0008819252252578,3.807483322918415
0,3,1,0.6314191412788955,65.56928147691069,72.6,0,0.312,1,1214,1170.9399615757338,1170.9399615757338,1,1,1170.9399615757338,1,1,0.0,0.0,0.0,0.0,1.0,1.0,0.0004614740610122,0.000468261539936,7.193642511963844
0,2,1,0.6592516408511833,58.71952514778457,60.46,0,0.276,1,1183,1122.5504378140013,1122.5504378140013,1,1,1122.5504378140013,1,1,0.0,0.0,0.0,0.0,1.0,1.0,0.0005936548113821,0.0006044134497641,4.809692673385143
1,12,1,0.7274044000943168,10.50764463299435,10.96,0,0.214,1,1166,2215.267535826286,2222.3222907671734,2,2,2222.3222907671734,2,2,7.054754940887506,0.0031846062955353,7.054754940887506,0.0031846062955353,1.0031846062955354,1.0031846062955354,0.0025678873062133,0.0025750026106833,2.394502282142639
0,5,1,0.7768930448618528,29.679665476961745,29.82,0,0.204,1,1225,1150.304542125873,1150.304542125873,1,1,1150.304542125873,1,1,0.0,0.0,0.0,0.0,1.0,1.0,0.0005130693316458,0.0005218610167502,2.1607321947813034
0,4,1,0.6244273179416966,91.42375152461808,99.48,0,0.45,1,1208,2139.207520451842,2139.207520451842,1,2,2139.207520451842,1,2,0.0,0.0,0.0,0.0,1.0,1.0,0.0004674792289733,0.0004869401454925,18.62907426059246
0,3,1,0.506640211668586,34.94625741659028,43.34,0,0.426,1,1232,1133.8175310081438,1143.973081316304,1,1,1143.973081316304,1,1,10.155550308160173,0.0089569529756082,10.155550308160173,0.0089569529756082,1.0089569529756082,1.0089569529756082,0.0009973645210265,0.0009987801313399,22.51772962510585
0,3,1,0.6668676381129605,73.76662306230236,74.08,0,0.212,1,1180,1120.9580294458085,1121.957029446808,1,1,1121.957029446808,1,1,0.9990000009995584,0.0008912019672078,0.9990000009995584,0.0008912019672078,1.0008912019672078,1.0008912019672078,0.000488206744194,0.0004942864179611,3.686441533267498
0,2,1,0.60091091951967,54.90978993502186,59.84,0,0.278,1,1168,1094.7444971264388,1094.7444971264388,1,1,1094.7444971264388,1,1,0.0,0.0,0.0,0.0,1.0,1.0,0.0006598904728888,0.0006668120622634,5.2393781542778015
0,2,1,0.7156623722558288,91.77698574463392,94.3,0,0.38,1,1146,2162.958776469992,2197.664451962878,1,2,2162.958776686388,2,2,34.70567549288626,0.0160454632193808,2.1639607439283282e-07,1.0004632392763266e-10,1.016045463219381,1.0000000001000464,0.0004288181662559,0.0004996806383132,18.49192371219397
0,3,1,0.7303541915933341,37.825754605035726,36.46,0,0.226,1,1173,1123.769427940052,1123.769427940052,1,1,1123.769427940052,1,1,0.0,0.0,0.0,0.0,1.0,1.0,0.0007227510213851,0.0008497685194015,3.737838506698608
0,6,1,0.7075406569360392,19.87209939014698,19.84,0,0.208,1,1165,2217.1807972677307,2235.288158206673,2,2,2235.288158206673,2,2,18.107360938942293,0.0081668400525822,18.107360938942293,0.0081668400525822,1.0081668400525825,1.0081668400525825,0.0010496675968169,0.0010624229907989,2.0298946499824524
1,10,1,0.5946520924970424,9.887920489532124,12.0,0,0.212,1,1214,1188.229191179861,1203.731332243296,1,1,1203.731332243296,1,1,15.502141063435149,0.0130464233487162,15.502141063435149,0.0130464233487162,1.0130464233487162,1.0130464233487162,0.0025439932942389,0.0025353580713271,3.1242447793483734
0,2,1,0.6430697798841231,98.4331195578295,97.88,0,0.332,1,1199,1106.3480297542278,1185.7637823115954,1,1,1185.7637823115954,1,1,79.41575255736757,0.0717818899853869,79.41575255736757,0.0717818899853869,1.071781889985387,1.071781889985387,0.000897780060768,0.0009069517254828,11.198346182703972
0,2,1,0.5758421898583872,62.2419228561612,72.02,0,0.392,1,1151,1140.1854446922475,1150.5684434678053,1,1,1140.1854446922475,1,1,10.38299877555778,0.0091064123155512,0.0,0.0,1.009106412315551,1.0,0.0005933195352554,0.0006596520543098,15.248399145901203
0,7,1,0.7321041667696517,17.9443155690194,20.02,0,0.274,1,1135,2264.124019752462,2264.124019752462,2,2,2264.124019752462,2,2,0.0,0.0,0.0,0.0,1.0,1.0,0.0009906589984893,0.0010007917881011,4.52380459010601
0,2,1,0.6314544805445544,42.62130270405994,43.88,0,0.244,1,1205,1101.2293307734972,1101.2293307734972,1,1,1101.2293307734972,1,1,0.0,0.0,0.0,0.0,1.0,1.0,0.0003800615668295,0.000403620302677,2.835166648030281
0,2,1,0.6901901660944282,58.4193034870455,60.06,0,0.214,1,1227,1129.078596570282,1129.078596570282,1,1,1129.078596570282,1,1,0.0,0.0,0.0,0.0,1.0,1.0,0.0003180429339408,0.0003230050206183,2.421148754656315
1,11,1,0.8052898762977815,19.340070545859174,19.32,0,0.218,1,1184,2196.608711327648,2290.0148629655373,1,2,2225.6316538313786,2,2,93.40615163788924,0.0425228904702985,29.02294250373052,0.0132126137686983,1.0425228904702986,1.0132126137686983,0.0024771243333816,0.0025544464588164,3.0876061096787453
0,9,1,0.6765574673913539,9.530628769576404,10.72,0,0.212,1,1150,2233.411471924281,2233.4114719242816,2,2,2233.4114719242816,2,2,4.547473508864641e-13,2.0361109298621947e-16,4.547473508864641e-13,2.0361109298621947e-16,1.0000000000000002,1.0000000000000002,0.0022647455334662,0.0023046880960463,2.1431151404976845
0,7,1,0.7368143158450252,36.25872839390224,32.62,0,0.302,1,1140,2180.415397405465,2220.160435916805,2,2,2220.160435916805,2,2,39.74503851134023,0.0182281956725465,39.74503851134023,0.0182281956725465,1.0182281956725463,1.0182281956725463,0.0012005344033241,0.0012108460068702,6.481049612164497
0,2,1,0.7634507204760838,40.97358159702232,38.72,0,0.26,1,1224,1110.6569299909047,1110.6569299909047,1,1,1110.6569299909047,1,1,0.0,0.0,0.0,0.0,1.0,1.0,0.0003616511821745,0.0003686994314192,4.183378756046295
0,1,1,0.653041439836876,99.9599449635956,95.6,0,0.362,1,1237,1101.80441040605,1199.5144299087865,0,1,1101.8044104060498,1,1,97.71001950273649,0.0886818191866987,-2.273736754432321e-13,-2.06364826003408e-16,1.0886818191866987,0.9999999999999998,0.0003856271505355,0.0004356279969215,20.60134110599756
0,4,1,0.7858997265477232,48.49477704160264,46.28,0,0.302,1,1225,1200.0604201543588,1212.3651522272582,1,1,1212.3651522272582,1,1,12.30473207289947,0.0102534271327078,12.30473207289947,0.0102534271327078,1.010253427132708,1.010253427132708,0.0005964711308479,0.0006037130951881,7.536024287343025
0,1,1,0.6769305840538217,91.35124368631293,92.12,0,0.272,1,1229,1074.1220176785923,1146.325814692926,0,1,1074.1220176785923,1,1,72.20379701433376,0.0672212242426438,0.0,0.0,1.067221224242644,1.0,0.0005317032337188,0.0006054490804672,8.800723046064377
0,3,1,0.7531849003810893,54.50372929705944,55.28,0,0.234,1,1157,2156.770240210732,2199.997986862992,2,2,2199.997986862992,2,2,43.22774665226007,0.0200428148749105,43.22774665226007,0.0200428148749105,1.0200428148749106,1.0200428148749106,0.0005997121334075,0.0006239414215087,2.907731808722019
0,2,1,0.6594290619029006,65.6904406629136,69.56,0,0.342,1,1206,1121.0507142799595,1121.0507142799595,1,1,1121.0507142799595,1,1,0.0,0.0,0.0,0.0,1.0,1.0,0.0005298182368278,0.0005450695753097,8.014736294746399
0,9,1,0.6793837658567057,19.484518694811705,19.38,0,0.248,1,1224,2247.155946180076,2339.485583116947,1,2,2247.204844607704,2,2,92.32963693687088,0.0410873295615381,0.0488984276280461,2.176013983861168e-05,1.0410873295615382,1.000021760139839,0.0016338080167769,0.0017321631312369,4.5326186046004295
0,4,1,0.6632470046094219,61.63749721585027,63.54,0,0.276,1,1187,2132.1388965526376,2137.484101533188,1,2,2136.576136804536,2,2,5.345204980550534,0.0025069684668259,4.437240251898402,0.0020811215718979,1.002506968466826,1.002081121571898,0.0007251501083373,0.0008397102355956,5.440637663006783
1,13,1,0.5922818484139886,8.79755641638862,9.98,0,0.208,1,1175,2251.643389602569,2282.897785820983,2,2,2282.897785820983,2,2,31.254396218413603,0.0138807043614176,31.254396218413603,0.0138807043614176,1.0138807043614178,1.0138807043614178,0.0108239725232123,0.0108177885413169,2.439713731408119
0,5,1,0.7220502579922348,37.94022797893837,40.3,0,0.206,1,1225,2118.995293040809,2118.995293252809,1,2,2118.995293252809,1,2,2.1200003175181337e-07,1.0004742929258151e-10,2.1200003175181337e-07,1.0004742929258151e-10,1.0000000001000475,1.0000000001000475,0.0010055750608443,0.001018889248371,2.814765065908432
0,6,1,0.8433437024418434,41.72540662756283,34.98,0,0.4,1,1139,3229.90361838186,3266.9432409343326,2,3,3244.706662547961,3,3,37.03962255247279,0.0114677175943191,14.803044166101245,0.0045831225680713,1.0114677175943192,1.0045831225680713,0.0014964714646339,0.0015950202941894,12.621776677668096
1,10,1,0.7423968743823128,11.030985771585726,11.5,0,0.218,1,1211,2211.982098498795,2276.582942834,1,2,2227.147069963447,2,2,64.60084433520478,0.0292049580234159,15.1649714646519,0.006855829201757,1.029204958023416,1.006855829201757,0.0021650344133376,0.0021924823522567,4.762493580579758
0,8,1,0.6310873453083066,18.367844421604985,17.86,0,0.246,1,1216,2156.979581450473,2169.5809909082727,1,2,2156.979581450473,2,2,12.601409457799946,0.005842155190605,0.0,0.0,1.005842155190605,1.0,0.0013131722807883,0.0013741999864577,4.883056506514549
0,2,1,0.6654331903896122,43.387976980633816,42.94,0,0.286,1,1156,1144.6618182467864,1144.6618182467864,1,1,1144.6618182467864,1,1,0.0,0.0,0.0,0.0,1.0,1.0,0.0004081353545188,0.0004091486334799,5.396609924733639
0,6,1,0.7031469652890283,19.39221168107442,19.44,0,0.214,1,1137,2235.042793361132,2235.0427933611454,2,2,2235.0427933611454,2,2,1.318767317570746e-11,5.900411936129149e-15,1.318767317570746e-11,5.900411936129149e-15,1.000000000000006,1.000000000000006,0.000706411898136,0.000719629228115,2.2549422085285187
1,10,1,0.709895663856958,13.123660190905946,11.32,0,0.206,1,1216,1185.5413693183252,1185.5413693183257,1,1,1185.5413693183257,1,1,4.547473508864641e-13,3.835778005350749e-16,4.547473508864641e-13,3.835778005350749e-16,1.0000000000000004,1.0000000000000004,0.0021098032593726,0.0021070539951323,2.7096295058727264
0,3,1,0.7074884539553813,56.49021023988829,73.18,0,0.27,1,1183,1144.3105124909468,1144.3105124909468,1,1,1144.3105124909468,1,1,0.0,0.0,0.0,0.0,1.0,1.0,0.0007750913500784,0.0007804259657858,7.667895823717117
0,2,1,0.5335871861802899,46.968515093487184,54.38,0,0.294,1,1167,1133.6524634991497,1143.051948900888,1,1,1143.051948900888,1,1,9.399485401738277,0.0082913288722768,9.399485401738277,0.0082913288722768,1.0082913288722768,1.0082913288722768,0.0010464489459991,0.0010012537240981,7.070225365459919
0,2,1,0.529137115926897,89.01099873520971,100.6,0,0.502,1,1140,2211.521624661226,2224.880758175022,2,2,2224.880758175022,2,2,13.359133513796223,0.0060406976648228,13.359133513796223,0.0060406976648228,1.0060406976648228,1.0060406976648228,0.000427022576332,0.0004362538456916,21.77001690864563
0,3,1,0.7376778780077099,37.09930203842481,35.9,0,0.214,1,1178,1100.391091259913,1100.391091259913,1,1,1100.391091259913,1,1,0.0,0.0,0.0,0.0,1.0,1.0,0.0008689686655997,0.0008792281150817,2.4128064289689064
0,7,1,0.528787686926159,17.703262536761876,20.88,0,0.258,1,1237,2128.609407077472,2128.609407077472,1,2,2128.609407077472,1,2,0.0,0.0,0.0,0.0,1.0,1.0,0.0015587285161017,0.0015652775764464,4.479085355997086
0,9,1,0.6426876771723486,25.403945510169645,26.26,0,0.28,1,1220,2197.614813875977,2204.153797067189,1,2,2197.614813875977,2,2,6.538983191212083,0.0029754910414346,0.0,0.0,1.0029754910414346,1.0,0.0017994642257689,0.0018649548292159,8.99160598963499
0,6,1,0.6268811824953167,14.773640567836075,16.48,0,0.232,1,1209,2169.1533360857893,2169.1533363028047,1,2,2169.1533363028047,1,2,2.1701544028474018e-07,1.0004615011511444e-10,2.1701544028474018e-07,1.0004615011511444e-10,1.0000000001000462,1.0000000001000462,0.0005399137735366,0.0005483850836753,3.0841832756996155
0,2,1,0.6621005358459501,65.64012302192025,64.52,0,0.292,1,1186,1120.7821026764336,1120.7821026764336,1,1,1120.7821026764336,1,1,0.0,0.0,0.0,0.0,1.0,1.0,0.0005607306957244,0.0005684196949004,5.378896862268448
0,4,1,0.6743592582580076,19.68894053052692,23.82,0,0.246,1,1237,1184.0459495773928,1230.179912973762,1,1,1230.179912973762,1,1,46.133963396369154,0.0389629840065203,46.133963396369154,0.0389629840065203,1.0389629840065204,1.0389629840065204,0.0008616298437118,0.0008729621767997,4.202137537300587
0,9,1,0.6147341685759107,11.43963999062452,11.76,0,0.204,1,1227,1225.3601598684836,1225.3601598684836,1,1,1225.3601598684836,1,1,0.0,0.0,0.0,0.0,1.0,1.0,0.0020153149962424,0.0020247623324393,2.585820317268372
0,3,1,0.6773207262158124,62.75866674515794,68.52,0,0.226,1,1144,1105.7490376646333,1105.7490376646333,1,1,1105.7490376646333,1,1,0.0,0.0,0.0,0.0,1.0,1.0,0.0003735721111297,0.000379741191864,2.8389146998524666
0,2,1,0.5675885074823015,71.15946070582429,83.3,0,0.586,1,1159,2209.271811094966,2254.755855889581,1,2,2209.271811094966,2,2,45.48404479461533,0.0205877993672821,0.0,0.0,1.0205877993672825,1.0,0.0005473792552947,0.0006376951932906,47.01221891492605
0,1,1,0.764717543822142,96.1732915079158,104.34,0,0.454,1,1203,1150.5401338641818,1202.3402745803942,1,1,1202.3402745803942,1,1,51.800140716212354,0.0450224544034265,51.800140716212354,0.0450224544034265,1.0450224544034266,1.0450224544034266,0.0004849806427954,0.0005001202225684,35.11365231126547
0,2,1,0.6897307289207262,60.32509580406433,61.24,0,0.2,1,1190,1113.5826150379178,1113.5826150379175,1,1,1113.5826150379175,1,1,-2.273736754432321e-13,-2.041821346461034e-16,-2.273736754432321e-13,-2.041821346461034e-16,0.9999999999999998,0.9999999999999998,0.0003424435853958,0.0003472715616226,2.0467535331845284
0,3,1,0.716763752583747,79.71376895862201,81.82,0,0.464,1,1171,2158.6617203345304,2163.9994924261,1,2,2163.9994924261,1,2,5.3377720915696045,0.0024727228177013,5.3377720915696045,0.0024727228177013,1.0024727228177013,1.0024727228177013,0.0005761310458182,0.0005829706788062,30.71710008382797
0,2,1,0.6119229340820279,30.48102803877028,38.34,0,0.234,1,1144,1142.8753258094807,1142.8753258094807,1,1,1142.8753258094807,1,1,0.0,0.0,0.0,0.0,1.0,1.0,0.0003586560487746,0.0003663301467894,3.0331700667738914
0,7,1,0.7087378640776698,9.50980124391285,10.3,0,0.208,1,1230,2209.8528465310355,2209.852846752121,1,2,2209.852846752121,1,2,2.2108542907517406e-07,1.0004531723559228e-10,2.2108542907517406e-07,1.0004531723559228e-10,1.0000000001000453,1.0000000001000453,0.0009935796260833,0.0010002553462982,4.759117305278778
0,2,1,0.7827169323279161,42.2144952364578,38.06,0,0.228,1,1174,1131.4104465558842,1131.4104465558842,1,1,1131.4104465558842,1,1,0.0,0.0,0.0,0.0,1.0,1.0,0.0004070177674292,0.000410422682762,2.6284422129392624
0,3,1,0.7483310392861097,60.01889406989368,49.4,0,0.286,1,1150,2143.4551870969635,2159.7814212898,1,2,2143.4551870969663,2,2,16.326234192836182,0.0076167835423459,2.7284841053187847e-12,1.272937321826713e-15,1.007616783542346,1.000000000000001,0.0005058124661445,0.0005798712372779,5.580038271844387
0,2,1,0.5837236645919989,54.0692462102818,57.36,0,0.332,1,1238,1123.482859416949,1224.8453769605817,0,1,1123.482859416949,1,1,101.36251754363276,0.0902216857996717,0.0,0.0,1.0902216857996718,1.0,0.0005967393517494,0.0006579607725143,12.874887831509112
0,3,1,0.5624573722575961,57.85684312522674,65.24,0,0.376,1,1155,2153.4309800434603,2154.496962606003,1,2,2154.496962606003,1,2,1.0659825625425583,0.0004950158943664,1.0659825625425583,0.0004950158943664,1.0004950158943664,1.0004950158943664,0.0004424974322318,0.0004555135965347,16.435198985040188
0,2,1,0.6986684672677813,57.51475238847166,63.66,0,0.36,1,1219,1151.7316414742495,1193.5050498426367,1,1,1193.5050498426367,1,1,41.77340836838721,0.036270088329705,41.77340836838721,0.036270088329705,1.0362700883297051,1.0362700883297051,0.0006296932697295,0.0005963146686553,13.90014810860157
1,14,1,0.6891300537952892,7.165732854588176,6.9,0,0.206,1,1160,2204.7472048508616,2272.534594660979,1,2,2210.588689698425,2,2,67.78738981011747,0.0307461053407721,5.841484847563152,0.0026495032331646,1.030746105340772,1.0026495032331646,0.0030274167656898,0.0031059458851813,2.9403054788708687
0,8,1,0.7358911548204603,21.41966848115118,22.22,0,0.244,1,1184,2222.823457557368,2233.885920677465,2,2,2233.885920677465,2,2,11.062463120097163,0.0049767619117415,11.062463120097163,0.0049767619117415,1.0049767619117416,1.0049767619117416,0.0009537041187285,0.001006282866001,3.146826133131981
0,1,1,0.7313557333574279,76.49449736351876,71.38,0,0.276,1,1146,1083.325899829404,1145.411701948648,1,1,1145.411701948648,1,1,62.08580211924391,0.057310364433289,62.08580211924391,0.057310364433289,1.057310364433289,1.057310364433289,0.0009747520089149,0.0010148808360099,6.829064838588238
0,4,1,0.7898937797283053,50.60395804154642,51.86,0,0.22,1,1182,2133.053153834697,2133.053153834697,1,2,2133.053153834697,1,2,0.0,0.0,0.0,0.0,1.0,1.0,0.0006503090262412,0.0006536990404128,2.721783384680748
0,1,1,0.6614429458167448,96.11483919284905,110.92,0,0.408,1,1197,1131.6750144965729,1196.619816887661,1,1,1131.917701934755,1,1,64.94480239108816,0.0573882091228981,0.2426874381822017,0.000214449762585,1.057388209122898,1.0002144497625851,0.0005868300795554,0.0006662532687186,20.638272747397423
0,4,1,0.6337217248516082,21.069189871962084,21.44,0,0.204,1,1178,1171.6025322172875,1171.6025322172875,1,1,1171.6025322172875,1,1,0.0,0.0,0.0,0.0,1.0,1.0,0.0006153807044028,0.0006183683872221,1.8945570960640907
0,1,1,0.6809058902888634,98.08336806703194,97.22,0,0.268,1,1141,1074.5409308613002,1111.0990099970788,1,1,1111.0990099970788,1,1,36.5580791357786,0.0340220442849723,36.5580791357786,0.0340220442849723,1.0340220442849724,1.0340220442849724,0.0002914294600486,0.000296376645565,6.085521638393402
0,3,1,0.5112976726530697,29.20096406311832,35.82,0,0.216,1,1165,1130.9677536659538,1164.669934208961,1,1,1164.669934208961,1,1,33.702180543007216,0.0297994177409249,33.702180543007216,0.0297994177409249,1.0297994177409249,1.0297994177409249,0.0009912252426147,0.0010086521506309,4.039314664900303
0,1,1,0.6971329165959966,94.51056784411392,100.14,0,0.306,1,1213,1088.5929823776537,1169.7486259671764,0,1,1088.5929823776537,1,1,81.1556435895227,0.0745509523791586,0.0,0.0,1.0745509523791583,1.0,0.0005918443202972,0.0006643459200858,13.408069103956224
0,3,1,0.6848605089824799,49.21405483644315,55.12,0,0.22,1,1138,1104.273729511649,1104.273729511649,1,1,1104.273729511649,1,1,0.0,0.0,0.0,0.0,1.0,1.0,0.0008859783411025,0.000894896686077,2.532446324825287
0,3,1,0.7013430165223055,22.408638990385,24.1,0,0.2,1,1152,1109.1100130117366,1109.1100130117366,1,1,1109.1100130117366,1,1,0.0,0.0,0.0,0.0,1.0,1.0,0.0005292668938636,0.000535987317562,1.6832501515746117
0,8,1,0.6244367165871572,7.882468745618781,8.68,0,0.2,1,1200,2169.0902770258954,2169.0902772429044,1,2,2169.0902772429044,1,2,2.1700907382182777e-07,1.0004612353865483e-10,2.1700907382182777e-07,1.0004612353865483e-10,1.0000000001000462,1.0000000001000462,0.0020534843206405,0.0020635426044463,2.2861804217100143
0,6,1,0.656144778369441,20.48950826161898,21.26,0,0.24,1,1138,2156.3842347529508,2158.992654012581,2,2,2158.992654012581,2,2,2.608419259630409,0.0012096263817887,2.608419259630409,0.0012096263817887,1.001209626381789,1.001209626381789,0.0008662790060042,0.0008765310049056,3.053409405052662
0,3,1,0.6956715194917865,49.55835614853029,54.38,0,0.336,1,1188,2149.24794468384,2166.269724237561,1,2,2152.763152045421,2,2,17.02177955372099,0.0079198770880876,3.515207361580906,0.001635552273192,1.0079198770880875,1.001635552273192,0.0008463412523269,0.0009166598320005,13.75116354227066
0,2,1,0.6107913899021451,69.15064084102232,71.74,0,0.31,1,1168,1153.0923730155885,1153.0923730155885,1,1,1153.0923730155885,1,1,0.0,0.0,0.0,0.0,1.0,1.0,0.0003337934613227,0.0003458783030509,6.03366582095623
0,3,1,0.6791732937331062,79.17941486100625,81.86,0,0.238,1,1159,1155.4583016671038,1156.1918422941808,1,1,1156.1918422941808,1,1,0.7335406270769909,0.0006348482035384,0.7335406270769909,0.0006348482035384,1.0006348482035383,1.0006348482035383,0.0003698095679283,0.0003750845789909,3.850338086485863
0,2,1,0.7323775355341221,52.14314873066739,56.42,0,0.244,1,1164,1133.6366359160684,1137.585664370319,1,1,1137.585664370319,1,1,3.949028454250538,0.0034835046161501,3.949028454250538,0.0034835046161501,1.00348350461615,1.00348350461615,0.0005472004413604,0.0005536973476409,4.532343536615372
0,3,1,0.7261729052806819,41.17302550426662,42.74,0,0.238,1,1218,1159.0631129943367,1178.7416651743238,1,1,1178.7416651743238,1,1,19.67855217998704,0.0169779815778532,19.67855217998704,0.0169779815778532,1.0169779815778532,1.0169779815778532,0.0010778084397315,0.0011019855737686,4.234886929392815
0,3,1,0.7537433227228506,47.958010275996855,51.12,0,0.34,1,1188,1174.9626103237288,1174.9626103237288,1,1,1174.9626103237288,1,1,0.0,0.0,0.0,0.0,1.0,1.0,0.0005865618586539,0.0005877241492271,9.580064222216606
0,2,1,0.7371802434587071,37.24293276597206,38.76,0,0.286,1,1187,1143.829782445683,1143.829782445683,1,1,1143.829782445683,1,1,0.0,0.0,0.0,0.0,1.0,1.0,0.0003050416707991,0.0003115385770797,4.596658073365688
0,2,1,0.6573578929543308,67.0086372496348,73.3,0,0.34,1,1221,1111.335745983154,1111.335745983154,1,1,1111.335745983154,1,1,0.0,0.0,0.0,0.0,1.0,1.0,0.0005414113402365,0.0005516111850737,10.432844378054142
0,3,1,0.6401928240944339,40.620026580155525,51.46,0,0.216,1,1237,1106.404007878572,1106.404007878572,1,1,1106.404007878572,1,1,0.0,0.0,0.0,0.0,1.0,1.0,0.0004183501005172,0.0004229769110679,2.846229940652848
0,7,1,0.663552904798795,19.25983365417526,23.0,0,0.29,1,1193,2176.601731543404,2181.8713852941846,1,2,2178.7604616935523,2,2,5.26965375078089,0.0024210463836414,2.1587301501485854,0.000991789227613,1.0024210463836414,1.000991789227613,0.0014136508107184,0.0014762878417968,6.254526473581791
0,5,1,0.6329784688869634,21.17602565308336,22.8,0,0.218,1,1175,1169.446791454202,1169.446791454202,1,1,1169.446791454202,1,1,0.0,0.0,0.0,0.0,1.0,1.0,0.0009799003601073,0.0010995641350745,2.8307076543569565
0,3,1,0.6247569937170081,66.8135055342802,78.94,0,0.29,1,1234,2168.197887484411,2193.314695773692,1,2,2168.197887484411,2,2,25.116808289280925,0.0115841863117125,0.0,0.0,1.0115841863117123,1.0,0.0005688592791556,0.0006425753235815,5.4553143084049225
0,5,1,0.7087894450851442,25.905132472218103,25.3,0,0.24,1,1189,2157.67205081274,2157.67205081274,1,2,2157.67205081274,1,2,0.0,0.0,0.0,0.0,1.0,1.0,0.0005242154002189,0.0005279034376144,3.100669838488102
0,2,1,0.6625397343757539,97.60375292392604,104.3,0,0.224,1,1209,1178.5294720503384,1178.5294720503384,1,1,1178.5294720503384,1,1,0.0,0.0,0.0,0.0,1.0,1.0,0.000482328236103,0.0005053654313087,3.911249592900276
0,1,1,0.6414405715956429,84.91393633198692,102.82,0,0.374,1,1140,1117.8730982062834,1139.616724965001,1,1,1117.8730982062834,1,1,21.743626758717483,0.0194508900818946,0.0,0.0,1.0194508900818946,1.0,0.0005783364176749,0.0006515085697173,14.416703388094902
0,2,1,0.655063350206414,30.158140441735707,32.24,0,0.212,1,1174,1079.0686093138488,1079.0686093138488,1,1,1079.0686093138488,1,1,0.0,0.0,0.0,0.0,1.0,1.0,0.0003661885857581,0.0003704279661177,1.8348328173160555
0,4,1,0.9095846833558155,70.35083458402376,61.1,0,0.284,1,1237,1183.5860727863094,1183.5860727863096,1,1,1183.5860727863096,1,1,2.273736754432321e-13,1.921057375303226e-16,2.273736754432321e-13,1.921057375303226e-16,1.0000000000000002,1.0000000000000002,0.0009241849184036,0.0009396001696586,5.956450670957565
0,8,1,0.7343023900274327,13.21871656247288,15.0,0,0.2,1,1202,2154.004175376073,2169.190069985529,1,2,2154.004175376073,2,2,15.185894609456229,0.0070500766818638,0.0,0.0,1.0070500766818635,1.0,0.0019900500774382,0.0020452141761778,4.040915288031101
0,2,1,0.6557587860615522,49.54503783592761,58.24,0,0.434,1,1149,2123.0400488916225,2123.0400488916225,1,2,2123.0400488916225,1,2,0.0,0.0,0.0,0.0,1.0,1.0,0.000922918319702,0.0009325072169303,18.43498370051384
0,2,1,0.7016009897974462,85.76138571551593,104.48,0,0.488,1,1175,2191.5827098849654,2208.8036592987337,1,2,2191.5827098849654,2,2,17.220949413768267,0.0078577684228363,0.0,0.0,1.0078577684228365,1.0,0.000917725265026,0.0008645579218863,31.355593375861645
0,6,1,0.7855760990806084,34.19458585143028,29.08,0,0.23,1,1146,2134.248217183437,2197.8506935060827,1,2,2162.1249708600594,2,2,63.60247632264554,0.0298008806148057,27.87675367662223,0.0130616267836976,1.0298008806148058,1.0130616267836976,0.0008177980780601,0.0008939281105994,2.8507707193493843
1,18,1,0.8072995724283952,6.919034257983906,6.56,0,0.216,1,1232,2227.5359147787794,2248.215386511976,1,2,2232.6308964495142,2,2,20.67947173319635,0.0092835637782522,5.094981670734796,0.0022872725135122,1.0092835637782522,1.002287272513512,0.0046514347195624,0.0047228932380675,7.240466929972172
0,2,1,0.6599170559045334,94.07343526728008,100.72,0,0.204,1,1228,1144.1569365003295,1144.1569365003295,1,1,1144.1569365003295,1,1,0.0,0.0,0.0,0.0,1.0,1.0,0.0003609508275984,0.0003675743937491,1.8962384089827533
0,4,1,0.7164547812081842,21.74381640547462,20.86,0,0.248,1,1226,1174.0200582506136,1174.0200582506136,1,1,1174.0200582506136,1,1,0.0,0.0,0.0,0.0,1.0,1.0,0.0007636547088622,0.0007694885134696,4.955502986907959
0,6,1,0.6566973042351228,35.82651850022728,35.78,0,0.352,1,1175,1155.5162095471742,1155.5162095471742,1,1,1155.5162095471742,1,1,0.0,0.0,0.0,0.0,1.0,1.0,0.0008911192417144,0.000859148800373,10.589461095631124
0,7,1,0.6074804874496713,18.44832393346808,20.38,0,0.23,1,1237,2214.145757869253,2255.181347754701,1,2,2215.566569166448,2,2,41.03558988544819,0.018533373306434,1.4208112971950868,0.0006416972740594,1.018533373306434,1.0006416972740595,0.0011794790625571,0.0012392252683639,4.849259912967682
0,1,1,0.5992180359552269,88.62650725332395,104.46,0,0.308,1,1235,1083.4420836626773,1165.9449077630172,0,1,1083.4420836626773,1,1,82.50282410033992,0.0761488088236626,0.0,0.0,1.0761488088236626,1.0,0.0004027783870696,0.0004532188177107,13.341127678751944
0,1,1,0.6945752522330841,72.66972180686022,87.64,0,0.508,1,1204,1152.062738194524,1203.1487727438075,1,1,1203.1487727438075,1,1,51.08603454928357,0.0443431011659521,51.08603454928357,0.0443431011659521,1.044343101165952,1.044343101165952,0.000480607151985,0.0004965141415595,44.2293403595686
0,5,1,0.6467555676829869,16.028520040308106,16.96,0,0.204,1,1208,1154.5598256280468,1195.938977693416,1,1,1195.938977693416,1,1,41.379152065369226,0.0358397643386389,41.379152065369226,0.0358397643386389,1.035839764338639,1.035839764338639,0.0008034706115722,0.0008128955960273,2.9112697541713715
0,2,1,0.5931977185511881,79.2044365319829,90.3,0,0.31,1,1188,1125.3814556468217,1125.3814556468217,1,1,1125.3814556468217,1,1,0.0,0.0,0.0,0.0,1.0,1.0,0.0008116886019706,0.0008134245872496,7.928974904119968
0,2,1,0.7702929710508495,47.011116560377175,39.64,0,0.272,1,1199,1123.9317278498506,1127.0306735440518,1,1,1127.0306735440518,1,1,3.09894569420112,0.0027572365984627,3.09894569420112,0.0027572365984627,1.0027572365984627,1.0027572365984627,0.0008003339171409,0.0008098185062408,6.199925199151039
0,3,1,0.5924603274616915,18.28002986981729,22.06,0,0.21,1,1154,2112.758402130172,2119.9939408170085,1,2,2112.758402130172,2,2,7.235538686836662,0.0034246881610038,0.0,0.0,1.0034246881610038,1.0,0.000454120337963,0.0005248710513114,2.0067800506949425
0,2,1,0.5759330064570721,75.27781402734072,76.48,0,0.36,1,1175,1162.3479905196173,1162.3479905196173,1,1,1162.3479905196173,1,1,0.0,0.0,0.0,0.0,1.0,1.0,0.0006971135735511,0.0007257312536239,9.881751835346222
0,1,1,0.6494241056930417,73.26166008220613,78.98,0,0.254,1,1193,1071.4310420553852,1138.074444314277,0,1,1071.4310420553852,1,1,66.64340225889168,0.0622003653460011,0.0,0.0,1.062200365346001,1.0,0.0004182755947112,0.0004705563187598,5.7541463151574135
0,3,1,0.7259978612742524,51.51058374782537,50.28,0,0.346,1,1175,1108.7067784520823,1108.7067784520823,1,1,1108.7067784520823,1,1,0.0,0.0,0.0,0.0,1.0,1.0,0.0005447939038276,0.0005464553833007,11.18014381080866
0,4,1,0.7230272006815115,50.48346009414319,50.18,0,0.326,1,1143,1134.0346913185062,1134.0346913185062,1,1,1134.0346913185062,1,1,0.0,0.0,0.0,0.0,1.0,1.0,0.0004133284091948,0.000414729118347,7.208962149918079
0,4,1,0.5998975968063752,16.003699545682025,18.4,0,0.216,1,1180,1160.225199372319,1160.225199372319,1,1,1160.225199372319,1,1,0.0,0.0,0.0,0.0,1.0,1.0,0.001645766198635,0.001982845366001,2.404561959207058
0,4,1,0.5916629955562459,17.640551846485813,19.62,0,0.202,1,1202,1185.3435242815497,1185.3435242815497,1,1,1185.3435242815497,1,1,0.0,0.0,0.0,0.0,1.0,1.0,0.0004852637648581,0.0004956945776938,1.791580207645893
0,3,1,0.6369777510702059,88.68513461330004,97.44,0,0.338,1,1205,2176.324889786391,2217.773707305641,1,2,2176.4214410124223,2,2,41.44881751925004,0.0190453262349622,0.0965512260313516,4.436434398396662e-05,1.019045326234962,1.000044364343984,0.0005058348178863,0.0006006434559821,10.370468482375143
1,11,1,0.6862711409948795,12.245289372612245,11.74,0,0.26,1,1134,2209.653441055114,2209.727620543369,2,2,2209.727620543369,2,2,0.0741794882551403,3.35706436479557e-05,0.0741794882551403,3.35706436479557e-05,1.000033570643648,1.000033570643648,0.0015734806656837,0.0015837773680686,3.9537633284926414
0,2,1,0.6751794394648205,72.97221054698326,75.12,0,0.432,1,1140,2183.081171642739,2204.254938195045,2,2,2204.254938195045,2,2,21.17376655230601,0.0096990285232376,21.17376655230601,0.0096990285232376,1.0096990285232377,1.0096990285232377,0.0004451498389243,0.0004561692476272,15.70016897469759
1,15,1,0.6536706499144327,7.666397480356331,7.6,0,0.222,1,1140,3251.423348026501,3271.5026317771053,2,3,3262.8057069851207,3,3,20.07928375060419,0.0061755365577944,11.382358958619534,0.0035007311384191,1.0061755365577945,1.0035007311384192,0.0042398273944854,0.0043213963508605,2.8884834349155426
0,2,1,0.6888187881192351,49.58381394689036,53.14,0,0.346,1,1173,1116.749208924944,1137.7389132799872,1,1,1137.7389132799872,1,1,20.98970435504316,0.0187953608449378,20.98970435504316,0.0187953608449378,1.0187953608449378,1.0187953608449378,0.0009212642908096,0.0009279549121856,11.942522212862968
0,3,1,0.685854437844397,29.004766279728884,28.82,0,0.222,1,1143,2150.1004523474567,2154.9566089159243,1,2,2150.1004523474567,2,2,4.856156568467668,0.0022585719486574,0.0,0.0,1.0022585719486574,1.0,0.0006541237235069,0.0007479935884475,2.488793209195137
0,4,1,0.629625637299378,31.46702483437228,37.16,0,0.23,1,1212,1156.3138362641198,1156.3138362641198,1,1,1156.3138362641198,1,1,0.0,0.0,0.0,0.0,1.0,1.0,0.0005629211664199,0.0005687102675437,3.320335663855076
1,11,1,0.6287892510094709,10.675071435355058,9.98,0,0.216,1,1227,2214.1672335747994,2257.008827374385,1,2,2226.3591951898507,2,2,42.84159379958555,0.0193488518617526,12.19196161505124,0.0055063418111228,1.0193488518617526,1.005506341811123,0.0035070776939391,0.0036219283938407,3.9186173155903816
0,3,1,0.8081606651960361,53.71597008941506,48.92,0,0.31,1,1186,1165.2003126113657,1165.2003126113657,1,1,1165.2003126113657,1,1,0.0,0.0,0.0,0.0,1.0,1.0,0.0012667849659919,0.001301921904087,6.615824937820435
0,2,1,0.6562637765051438,41.9782311682319,46.1,0,0.234,1,1174,1072.382491309738,1144.2859406470086,0,1,1072.382491309738,1,1,71.90344933727056,0.067050189573174,0.0,0.0,1.067050189573174,1.0,0.0006778836250305,0.0007413700222968,6.266972027719021
0,7,1,0.6945088936052508,18.046737231826363,20.06,0,0.214,1,1196,2169.37725984232,2169.37725984232,1,2,2169.37725984232,1,2,0.0,0.0,0.0,0.0,1.0,1.0,0.0009090155363082,0.000917188823223,2.2903401255607605
0,6,1,0.8434395371960272,13.940675549883286,11.96,0,0.224,1,1176,2193.018846027294,2193.0188460272943,2,2,2193.0188460272943,2,2,4.547473508864641e-13,2.073613510938357e-16,4.547473508864641e-13,2.073613510938357e-16,1.0000000000000002,1.0000000000000002,0.00067850202322,0.0006893351674079,2.3698383048176765
0,2,1,0.8169837370581005,51.83035682402237,44.7,0,0.42,1,1136,1126.3145572408823,1126.3145572408823,1,1,1126.3145572408823,1,1,0.0,0.0,0.0,0.0,1.0,1.0,0.0031948387622832,0.0030731558799743,15.531682156026363
0,2,1,0.7632677590909933,68.74594547991359,65.1,0,0.298,1,1226,1117.2132211593128,1120.048470893952,1,1,1120.048470893952,1,1,2.8352497346393197,0.002537787488495,2.8352497346393197,0.002537787488495,1.002537787488495,1.002537787488495,0.0003253817558287,0.0003267303109168,7.252061113715172
0,2,1,0.5907476315569363,95.86054613215344,112.38,0,0.48,1,1165,1139.9620645156635,1164.676131715236,1,1,1164.676131715236,1,1,24.714067199572355,0.0216797277460918,24.714067199572355,0.0216797277460918,1.0216797277460918,1.0216797277460918,0.000616818666458,0.0006320327520369,30.851099647581577
0,3,1,0.5924258515980462,55.22785870611731,59.26,0,0.312,1,1235,1161.09118846299,1171.3809486491202,1,1,1171.3809486491202,1,1,10.289760186130252,0.0088621464777038,10.289760186130252,0.0088621464777038,1.008862146477704,1.008862146477704,0.0003810748457908,0.0003905743360519,8.713736467063427
0,1,1,0.6645928241633458,61.50368624639284,60.84,0,0.244,1,1161,1067.1346186296614,1131.4157553668867,0,1,1067.1346186296614,1,1,64.28113673722532,0.060237139359016,0.0,0.0,1.060237139359016,1.0,0.0003959387540817,0.0004516541957855,4.983631499111652
0,6,1,0.6733722455057622,20.01126498483114,22.44,0,0.21,1,1182,1168.4649879289532,1168.4649879289532,1,1,1168.4649879289532,1,1,0.0,0.0,0.0,0.0,1.0,1.0,0.0004544928669928,0.0004600957036017,2.312430292367935
0,2,1,0.7676787598814666,62.98607415434116,74.88,0,0.28,1,1197,1138.3021886486094,1138.3021886486094,1,1,1138.3021886486094,1,1,0.0,0.0,0.0,0.0,1.0,1.0,0.0003003105521201,0.0003059282898902,4.470024906098843
0,1,1,0.7710656854115233,79.43211996523958,82.54,0,0.402,1,1209,1121.7023393712657,1196.78878351098,1,1,1196.78878351098,1,1,75.08644413971433,0.0669397232262185,75.08644413971433,0.0669397232262185,1.0669397232262186,1.0669397232262186,0.0003149658441543,0.0003303587436675,21.54728850722313
0,7,1,0.6275925846709718,20.453519413423724,19.5,0,0.234,1,1225,2212.3002093137325,2309.324929485259,1,2,2256.846531025347,2,2,97.0247201715265,0.0438569411886572,44.54632171161438,0.0201357489928696,1.0438569411886574,1.0201357489928695,0.0016097277402877,0.0016878247261047,3.284687757492065
0,3,1,0.7241868546228039,61.201720959055685,63.22,0,0.308,1,1141,2149.292505410518,2170.064945178072,1,2,2149.2925056255503,2,2,20.77243976755381,0.0096647802545546,2.150322870875243e-07,1.0004793975050539e-10,1.0096647802545546,1.000000000100048,0.0004641637206077,0.000545211136341,8.395246848464012
0,1,1,0.7260793726454158,99.9485151991037,112.12,0,0.226,1,1178,1060.128227945817,1119.6708125268642,0,1,1060.128227945817,1,1,59.54258458104732,0.0561654552831042,0.0,0.0,1.0561654552831043,1.0,0.000530682504177,0.0005917251110076,3.829498283565045
0,1,1,0.6520754858186163,96.52750241422676,105.7,0,0.23,1,1150,1064.818319845028,1124.9627129496153,0,1,1064.818319845028,1,1,60.14439310458715,0.056483244121251,0.0,0.0,1.056483244121251,1.0,0.00044497102499,0.0005047321319579,3.6761674657464014
0,4,1,0.763246667490868,36.722469900406125,36.18,0,0.218,1,1148,2168.033961970298,2168.0339619703072,2,2,2168.0339619703072,2,2,9.094947017729282e-12,4.195020547309066e-15,9.094947017729282e-12,4.195020547309066e-15,1.0000000000000042,1.0000000000000042,0.0011863932013511,0.0011984035372733,2.032393358647824
0,2,1,0.8166437637285481,62.38424048741345,51.6,0,0.28,1,1159,2133.052261722921,2133.052261722921,1,2,2133.052261722921,1,2,0.0,0.0,0.0,0.0,1.0,1.0,0.0009365528821944,0.0009484738111495,5.475762762129307
0,3,1,0.6648434325265956,46.36454893624132,53.44,0,0.25,1,1183,1150.2572976526092,1150.2572976526092,1,1,1150.2572976526092,1,1,0.0,0.0,0.0,0.0,1.0,1.0,0.0003469288349151,0.0003530681133269,3.5193252936005592
0,1,1,0.6639512275228111,95.60344466504895,111.08,0,0.266,1,1212,1073.5297375191467,1143.9897680142035,0,1,1073.5297375191467,1,1,70.4600304950568,0.0656339810929551,0.0,0.0,1.0656339810929552,1.0,0.0003822222352027,0.0004368498921394,7.128016144037247
0,3,1,0.6797426604260437,23.743050045586564,26.68,0,0.21,1,1171,1155.1813228350509,1155.1813228350509,1,1,1155.1813228350509,1,1,0.0,0.0,0.0,0.0,1.0,1.0,0.0003942698240279,0.0004015043377875,2.332862421870232
0,2,1,0.6283715949829657,83.59769137685794,99.66,0,0.486,1,1189,1162.197202171888,1181.0539685990789,1,1,1181.0539685990789,1,1,18.856766427190905,0.0162251005181838,18.856766427190905,0.0162251005181838,1.016225100518184,1.016225100518184,0.0005019083619117,0.0005079954862594,24.65744844824076
0,5,1,0.7796778577293899,24.50118822491829,22.42,0,0.256,1,1163,2123.0875330468743,2123.0875330468743,1,2,2123.0875330468743,1,2,0.0,0.0,0.0,0.0,1.0,1.0,0.0010144114494323,0.0010259449481963,3.613682165741921
0,2,1,0.7137221661931693,37.39865634970506,39.28,0,0.216,1,1182,1072.949064609607,1174.1680986128706,0,1,1092.864003109698,1,1,101.21903400326369,0.0943372219072601,19.91493850009101,0.0185609356091261,1.0943372219072602,1.018560935609126,0.0005289837718009,0.0005780979990959,2.8027890771627426
1,10,1,0.7259177100327079,10.894881107460272,11.5,0,0.206,1,1200,2206.626356022848,2260.399662084649,1,2,2216.00204351089,2,2,53.77330606180112,0.024369012866646,9.375687488041876,0.0042488785935378,1.024369012866646,1.0042488785935375,0.0024036169052123,0.0024646669626235,2.323319189250469
0,3,1,0.7140059725755339,67.16292063768313,74.78,0,0.288,1,1134,1104.3490523644043,1109.117479462485,1,1,1109.117479462485,1,1,4.768427098080792,0.0043178622627253,4.768427098080792,0.0043178622627253,1.0043178622627251,1.0043178622627251,0.0010947734117506,0.0010995343327521,7.328704826533794
0,3,1,0.5945812150867053,57.67949931702685,60.76,0,0.314,1,1158,2113.502658182321,2113.502658182321,1,2,2113.502658182321,1,2,0.0,0.0,0.0,0.0,1.0,1.0,0.0007318779826163,0.0007418021559714,7.315469473600388
0,4,1,0.7085498933332927,46.90045966393625,51.08,0,0.252,1,1151,2138.219213426735,2163.737570039076,1,2,2146.363331762239,2,2,25.51835661234054,0.0119343968345717,8.144118335503663,0.0038088322676942,1.0119343968345718,1.0038088322676944,0.0009763911366461,0.0010664388537406,3.761461079120636
0,9,1,0.5875144270907224,26.177527650634435,31.02,0,0.264,1,1139,2170.2143423852103,2193.048185874766,2,2,2193.048185874766,2,2,22.833843489555875,0.0105214692593266,22.833843489555875,0.0105214692593266,1.0105214692593267,1.0105214692593267,0.0018530413508415,0.0018634423613548,4.157010115683079
0,3,1,0.656887860096669,22.5803606405133,26.2,0,0.238,1,1145,2121.8480961568907,2130.3063498950787,1,2,2122.4577635946107,2,2,8.458253738187977,0.0039862673268211,0.6096674377199633,0.00028732850331,1.0039862673268212,1.00028732850331,0.0004507303237914,0.000514768064022,3.860174134373665
0,3,1,0.6309512115523535,64.47189547287371,68.6,0,0.22,1,1198,2122.341934520152,2124.8306546242693,1,2,2124.8306546242693,1,2,2.4887201041174194,0.0011726291902535,2.4887201041174194,0.0011726291902535,1.0011726291902534,1.0011726291902534,0.0008580163121223,0.0008858516812324,3.0637891739606857
0,2,1,0.6525065262652917,84.06317126243087,83.72,0,0.236,1,1156,1134.8622128242016,1134.8622128242018,1,1,1134.8622128242018,1,1,2.273736754432321e-13,2.0035355206460986e-16,2.273736754432321e-13,2.0035355206460986e-16,1.0000000000000002,1.0000000000000002,0.000367909669876,0.0003698915243148,2.812362417578697
0,2,1,0.7037743958009812,84.82872443452968,88.54,0,0.396,1,1212,1180.7893613974677,1180.7893613974677,1,1,1180.7893613974677,1,1,0.0,0.0,0.0,0.0,1.0,1.0,0.0003439038991928,0.0003497824072837,13.075602412223816
0,2,1,0.6155634056107953,52.600613373024416,57.6,0,0.264,1,1233,1112.3388809423775,1112.3388809423775,1,1,1112.3388809423775,1,1,0.0,0.0,0.0,0.0,1.0,1.0,0.0003469288349151,0.000353917479515,4.691413193941116
0,2,1,0.7026901932488528,42.20841861602845,44.62,0,0.272,1,1148,1087.345889579322,1087.345889579322,1,1,1087.345889579322,1,1,0.0,0.0,0.0,0.0,1.0,1.0,0.0007717385888098,0.0007413327693938,3.8873666375875473
0,3,1,0.6561921266419843,55.47161360993584,57.98,0,0.312,1,1162,2126.4881168857223,2130.432122820693,1,2,2126.4881168857246,2,2,3.9440059349708463,0.0018547039617352,2.273736754432321e-12,1.0692449849013246e-15,1.0018547039617351,1.000000000000001,0.0006179884076118,0.0007124245166778,8.112266905605793
0,2,1,0.731887960457403,48.30207196891073,50.12,0,0.284,1,1206,1153.330188240058,1153.330188240058,1,1,1153.330188240058,1,1,0.0,0.0,0.0,0.0,1.0,1.0,0.0003666803240775,0.000373527407646,5.276972271502018
0,4,1,0.6864562578138749,38.12965218695079,40.1,0,0.23,1,1200,1198.749382912608,1198.749382912608,1,1,1198.749382912608,1,1,0.0,0.0,0.0,0.0,1.0,1.0,0.0009434595704078,0.0009022876620292,3.021672636270523
0,2,1,0.6167333964563025,97.18922996786776,108.0,0,0.3,1,1171,1119.3882860194187,1119.3882860194187,1,1,1119.3882860194187,1,1,0.0,0.0,0.0,0.0,1.0,1.0,0.0006338357925414,0.0006426125764846,5.747913330793381
0,5,1,0.6109142956316858,52.81646434454888,55.56,0,0.304,1,1219,1180.3210588687143,1208.657548125805,1,1,1208.657548125805,1,1,28.33648925709076,0.0240074419109746,28.33648925709076,0.0240074419109746,1.0240074419109746,1.0240074419109746,0.0011907592415809,0.0011976808309554,8.807524159550667
0,4,1,0.8322879867353641,56.733837653714296,53.5,0,0.4,1,1156,2207.6911563268336,2292.562560614978,1,2,2229.434783085552,2,2,84.87140428814428,0.0384435132807949,21.743626758718165,0.0098490346787887,1.038443513280795,1.0098490346787887,0.0005353167653083,0.000612199306488,12.33360793441534
0,3,1,0.8042398182854937,97.07861307122968,100.36,0,0.39,1,1178,2147.3277479350654,2147.3277479350654,1,2,2147.3277479350654,1,2,0.0,0.0,0.0,0.0,1.0,1.0,0.0005772411823272,0.0005915239453315,30.73330659419298
0,1,1,0.7138455595784328,63.71319344204606,67.26,0,0.278,1,1196,1074.6874804885465,1148.8712680469375,0,1,1074.6874804885465,1,1,74.18378755839103,0.069028242075238,0.0,0.0,1.069028242075238,1.0,0.0007814839482306,0.0009349957108497,8.983035176992416
0,7,1,0.7632438140345382,11.7157724977132,11.28,0,0.208,1,1140,2190.5240517489656,2190.5240517489656,2,2,2190.5240517489656,2,2,0.0,0.0,0.0,0.0,1.0,1.0,0.0018942207098006,0.0019103735685348,2.0252113938331604
0,5,1,0.6625367537588532,22.07646316061851,21.48,0,0.202,1,1196,2146.2444996508857,2191.5085997920305,1,2,2147.0351210184026,2,2,45.26410014114481,0.021089908511592,0.7906213675169056,0.0003683743243817,1.021089908511592,1.0003683743243816,0.00117839127779,0.0012686774134635,2.298830784857273
0,6,1,0.6647025501327463,15.09219068412836,16.18,0,0.216,1,1137,2156.0160458914243,2239.073738976176,1,2,2178.9349907652568,2,2,83.05769308475146,0.0385236896743087,22.918944873832515,0.0106302292682411,1.0385236896743089,1.0106302292682412,0.0013102069497108,0.0013810247182845,3.7809737771749496
0,2,1,0.5896952775810725,49.112489358195866,51.6,0,0.29,1,1163,1157.882055758615,1157.882055758615,1,1,1157.882055758615,1,1,0.0,0.0,0.0,0.0,1.0,1.0,0.0003541335463522,0.0003611668944357,5.049653388559818
0,5,1,0.6506514732872041,98.0628343359349,98.2,0,0.33,1,1173,2220.8243657727207,2220.8243657727207,2,2,2220.8243657727207,2,2,0.0,0.0,0.0,0.0,1.0,1.0,0.0008505061268805,0.0008608251810073,7.488403119146824
0,1,1,0.749924464694787,93.73340424054568,96.84,0,0.33,1,1232,1091.9139562863595,1180.674913589218,0,1,1091.9139562863595,1,1,88.76095730285851,0.0812893330942832,0.0,0.0,1.0812893330942832,1.0,0.0004054978489875,0.0004586279392242,11.401825822889805
0,3,1,0.6519519603913273,32.09874801526908,36.04,0,0.282,1,1171,1117.321838612096,1117.321838612096,1,1,1117.321838612096,1,1,0.0,0.0,0.0,0.0,1.0,1.0,0.0003561452031135,0.0003616660833358,6.967582777142525
0,4,1,0.7928255609393512,39.99321129436714,40.18,0,0.26,1,1184,2166.817094120589,2194.4086308609403,1,2,2166.817094120589,2,2,27.59153674035133,0.0127336713445808,0.0,0.0,1.012733671344581,1.0,0.00119099766016,0.0012732148170471,4.709871284663677
0,2,1,0.6638811150751228,59.16648965723809,68.76,0,0.334,1,1232,1140.219021757005,1140.219021757005,1,1,1140.219021757005,1,1,0.0,0.0,0.0,0.0,1.0,1.0,0.0005313605070113,0.0005369707942008,9.787309609353542
0,2,1,0.5899734201669932,42.62321033981901,45.6,0,0.246,1,1145,1083.54225454442,1083.54225454442,1,1,1083.54225454442,1,1,0.0,0.0,0.0,0.0,1.0,1.0,0.0003927126526832,0.0003993436694145,3.283568888902664
0,4,1,0.7953666771305355,45.64870228495674,40.04,0,0.218,1,1150,1122.83941121183,1122.83941121183,1,1,1122.83941121183,1,1,0.0,0.0,0.0,0.0,1.0,1.0,0.0006967708468437,0.0006983801722526,2.633361779153347
1,16,1,0.7114376149629326,6.709302257381102,6.96,0,0.214,1,1225,2246.733895103492,2273.461364436924,1,2,2248.8352366848458,2,2,26.7274693334316,0.0118961437274263,2.1013415813536085,0.0009352872567299,1.0118961437274263,1.00093528725673,0.0047122612595557,0.004768595099449,3.9047954827547073
0,3,1,0.7367217930452848,54.50691418176298,52.98,0,0.264,1,1159,1113.8164357172664,1113.8164357172664,1,1,1113.8164357172664,1,1,0.0,0.0,0.0,0.0,1.0,1.0,0.0007383897900581,0.0007411316037177,4.4614971950650215
0,1,1,0.6999897724313151,62.45955839429294,63.7,0,0.258,1,1151,1070.5984150267373,1138.8697861842454,0,1,1070.5984150267373,1,1,68.27137115750816,0.0637693557166373,0.0,0.0,1.0637693557166374,1.0,0.0003942623734474,0.000444434583187,6.214109860360622
0,2,1,0.7078143263457833,89.98594155567618,79.72,0,0.378,1,1219,1143.4479532303794,1218.1767615428614,1,1,1143.4479532303794,1,1,74.72880831248199,0.0653539219702689,0.0,0.0,1.065353921970269,1.0,0.0006939023733138,0.0007600560784339,16.617239214479923
0,2,1,0.6346729433126346,86.4049267269291,91.58,0,0.388,1,1188,1156.1001536890478,1156.1001536890478,1,1,1156.1001536890478,1,1,0.0,0.0,0.0,0.0,1.0,1.0,0.0003313794732093,0.00033351033926,11.12531540542841
0,5,1,0.6622485722952505,16.065934562139894,18.26,0,0.268,1,1174,2160.9632744461087,2182.7653840870457,1,2,2162.967274430109,2,2,21.802109640937037,0.0100890699526234,2.0039999840000746,0.0009273642026673,1.0100890699526237,1.0009273642026673,0.0008907839655875,0.0009513050317763,5.813781835138798
0,5,1,0.7573145220879359,57.099903913421365,51.7,0,0.35,1,1218,2205.2000845809503,2283.374954312936,1,2,2219.516405736932,2,2,78.17486973198584,0.0354502388597727,14.316321155981768,0.0064920735565372,1.0354502388597728,1.0064920735565372,0.0008179023861884,0.0008961930871008,16.033439189195633
0,2,1,0.7554487071688462,75.70366878162616,72.78,0,0.226,1,1233,1123.547034970611,1123.547034970611,1,1,1123.547034970611,1,1,0.0,0.0,0.0,0.0,1.0,1.0,0.0007155239582061,0.0007248893380164,4.176837652921677
0,3,1,0.6691668516027504,49.20672680916468,55.04,0,0.288,1,1175,2129.0952021614007,2129.0952021614007,1,2,2129.0952021614007,1,2,0.0,0.0,0.0,0.0,1.0,1.0,0.000390313565731,0.0003959983587264,4.464914828538895
0,2,1,0.5906621264511815,40.94281648526046,45.82,0,0.266,1,1182,1112.2327835808385,1112.2327835808385,1,1,1112.2327835808385,1,1,0.0,0.0,0.0,0.0,1.0,1.0,0.0003521889448165,0.0003552138805388,4.1391571611166
0,4,1,0.7851956521178081,63.79226881769149,56.2,0,0.286,1,1139,2178.240869607159,2178.240869607165,2,2,2178.240869607165,2,2,6.366462912410498e-12,2.922754320351484e-15,6.366462912410498e-12,2.922754320351484e-15,1.0000000000000029,1.0000000000000029,0.0006911680102347,0.0007010027766227,4.984613806009293
1,18,1,0.7356806046106983,5.534463347556475,5.94,0,0.202,1,1139,3291.084447748345,3344.5601121497875,2,3,3303.2031914215104,3,3,53.47566440144237,0.0162486454694375,12.118743673165229,0.0036822949594795,1.0162486454694375,1.0036822949594797,0.004302605986595,0.0043865665793418,2.472533904016018
0,3,1,0.5389559323539723,28.9490956146039,36.18,0,0.204,1,1184,1167.2656134584206,1167.2656134584206,1,1,1167.2656134584206,1,1,0.0,0.0,0.0,0.0,1.0,1.0,0.0003957897424697,0.0004029721021651,1.8166356906294825
0,2,1,0.6209800173828643,72.1709992796973,81.32,0,0.358,1,1209,1124.969216951817,1124.969216951817,1,1,1124.969216951817,1,1,0.0,0.0,0.0,0.0,1.0,1.0,0.0006684511899947,0.0006749257445334,12.684155464172363
0,7,1,0.6148098843035432,11.197160051707025,12.06,0,0.234,1,1134,3166.243021544014,3202.124744426911,2,3,3179.655438079849,3,3,35.881722882897066,0.0113325864877546,13.412416535834836,0.0042360666709955,1.0113325864877547,1.0042360666709955,0.0015661492943763,0.0016464814543723,3.1387588530778885
0,3,1,0.6246756990487172,71.7698731818942,69.38,0,0.344,1,1187,1132.5418987018122,1132.541898701812,1,1,1132.541898701812,1,1,-2.273736754432321e-13,-2.0076402974924061e-16,-2.273736754432321e-13,-2.0076402974924061e-16,0.9999999999999998,0.9999999999999998,0.0003564357757567,0.0003612041473387,8.303034819662571
0,2,1,0.821534841456288,94.05222916095524,72.06,0,0.4,1,1218,1187.3711751814965,1217.137775190114,1,1,1187.3711751814965,1,1,29.766600008617612,0.0250693301562315,0.0,0.0,1.0250693301562317,1.0,0.0006868019700049,0.0007530078291892,17.761906184256077
1,16,1,0.5225525719165128,5.879359152665185,7.26,0,0.204,1,1169,2255.321321526726,2262.663281884904,2,2,2262.663281884904,2,2,7.341960358177857,0.0032553943813237,7.341960358177857,0.0032553943813237,1.0032553943813238,1.0032553943813238,0.0056563615798949,0.0056654065847395,2.806736633181572
0,4,1,0.6810541677048609,18.658399696471072,20.76,0,0.244,1,1224,1216.7169020909832,1216.7169020909832,1,1,1216.7169020909832,1,1,0.0,0.0,0.0,0.0,1.0,1.0,0.0007364973425864,0.000753954052925,3.676993869245052
0,2,1,0.5297810342542474,91.55606616698633,124.16,0,0.51,1,1162,2163.7095859539854,2164.7485563088503,1,2,2163.715574279144,2,2,1.0389703548648868,0.0004801801321256,0.0059883251583414,2.7676196460077147e-06,1.0004801801321257,1.000002767619646,0.00069572776556,0.0007679536938666,27.097799107432365
0,2,1,0.7439445861646534,84.05582627720061,94.04,0,0.238,1,1205,1135.9772472954442,1159.3194313191166,1,1,1159.3194313191166,1,1,23.342184023672417,0.0205481087576762,23.342184023672417,0.0205481087576762,1.0205481087576762,1.0205481087576762,0.0003546550869941,0.0003616660833358,4.330547973513603
0,5,1,0.7135342441135716,47.388274900415375,42.9,0,0.294,1,1141,2138.237304073388,2139.765001879745,1,2,2139.765001879745,1,2,1.5276978063570823,0.0007144659778625,1.5276978063570823,0.0007144659778625,1.0007144659778626,1.0007144659778626,0.0012693926692008,0.0012904554605483,7.840741187334061
0,3,1,0.6458299049907144,65.21513330981128,75.86,0,0.32,1,1180,2168.006885970086,2168.006885970086,1,2,2168.006885970086,1,2,0.0,0.0,0.0,0.0,1.0,1.0,0.0004871487617491,0.0004998371005057,6.959370091557503
0,5,1,0.8258117948799751,29.731288007861867,26.34,0,0.224,1,1210,2146.4182608637584,2185.454203090897,1,2,2165.3960672992007,2,2,39.03594222713855,0.0181865496296279,18.97780643544229,0.0088416161851908,1.018186549629628,1.008841616185191,0.0009690076112746,0.0010508969426154,3.726564474403858
1,11,1,0.7370159949264747,9.141820941723184,8.86,0,0.208,1,1216,2219.296850088971,2280.506180330105,1,2,2228.193908071032,2,2,61.20933024113401,0.0275805060682531,8.897057982061142,0.0040089535483747,1.0275805060682532,1.0040089535483747,0.0020417049527168,0.0021208301186561,2.855653613805771
0,2,1,0.6551782489840291,38.64706335592011,42.54,0,0.204,1,1235,1074.1916296408183,1141.6793926292069,0,1,1074.196462702479,1,1,67.48776298838857,0.0628265582472977,0.0048330616607472,4.499254627745808e-06,1.0628265582472978,1.0000044992546278,0.0005790293216704,0.0006407201290129,3.3602655231952667
0,4,1,0.798892950260744,36.05811215823593,39.72,0,0.204,1,1142,2089.147410052413,2089.147410052413,1,2,2089.147410052413,1,2,0.0,0.0,0.0,0.0,1.0,1.0,0.000527836382389,0.0005379170179366,1.9012913182377813
1,11,1,0.7412722777456804,8.763304555289004,7.84,0,0.208,1,1216,2212.792499151107,2219.1981678063494,1,2,2215.214167550357,2,2,6.4056686552421525,0.0028948347654375,2.4216683992499384,0.0010943947072212,1.0028948347654376,1.0010943947072213,0.0028739497065543,0.0029921308159827,3.874718077480793
0,4,1,0.7252276927340774,26.428739769215568,23.54,0,0.21,1,1184,2140.392008997786,2206.27876284399,1,2,2167.2297782999826,2,2,65.8867538462041,0.0307825639271821,26.837769302196648,0.0125387168282146,1.030782563927182,1.0125387168282147,0.0006735026836394,0.0007584095001219,2.561920963227749
0,3,1,0.7185571938688401,80.11009193008097,75.24,0,0.318,1,1185,2129.4859590280244,2129.4859590280244,1,2,2129.4859590280244,1,2,0.0,0.0,0.0,0.0,1.0,1.0,0.0018071979284285,0.0018168985843657,12.515019044280052
0,3,1,0.8424423588580704,60.05895806605729,50.52,0,0.228,1,1212,1160.987083262919,1160.987083262919,1,1,1160.987083262919,1,1,0.0,0.0,0.0,0.0,1.0,1.0,0.0003361180424689,0.0003419816493987,3.117249272763729
1,21,1,0.7389610579062381,5.80848759819624,6.24,0,0.214,1,1203,2259.1948513699763,2371.737168927381,1,2,2286.8023210317483,2,2,112.54231755740466,0.0498152328424256,27.60746966177203,0.0122200480604985,1.0498152328424255,1.0122200480604986,0.0067500397562979,0.006851702928543,3.5519479364156723
0,2,1,0.6756892337296696,32.357598749785964,32.18,0,0.236,1,1136,1089.8177728047,1107.8668659307868,1,1,1107.8668659307868,1,1,18.049093126086746,0.0165615698114708,18.049093126086746,0.0165615698114708,1.016561569811471,1.016561569811471,0.0003393217921256,0.0003418996930121,4.074084296822548
0,6,1,0.7110144273833993,25.177674057578827,26.04,0,0.286,1,1139,2177.687421965355,2209.877900990114,2,2,2209.877900990114,2,2,32.19047902475904,0.0147819557113973,32.19047902475904,0.0147819557113973,1.0147819557113973,1.0147819557113973,0.0054353699088096,0.0054559484124183,5.018292181193829
0,3,1,0.7281128476666021,40.49201668623419,40.74,0,0.22,1,1238,1123.01941541727,1123.01941541727,1,1,1123.01941541727,1,1,0.0,0.0,0.0,0.0,1.0,1.0,0.0003895089030265,0.0003952458500861,2.885040871798992
0,4,1,0.7238592525615212,62.68858552387714,73.52,0,0.286,1,1217,1158.676271239719,1158.676271239719,1,1,1158.676271239719,1,1,0.0,0.0,0.0,0.0,1.0,1.0,0.0010251030325889,0.0010312944650649,6.910306252539158
0,3,1,0.7990425889393762,96.33198495803455,80.46,0,0.43,1,1200,2136.6012908970943,2136.6012908970943,1,2,2136.6012908970943,1,2,0.0,0.0,0.0,0.0,1.0,1.0,0.0006932765245437,0.0006996318697929,57.407070972025394
0,2,1,0.8299708971967791,44.71295647131424,40.12,0,0.24,1,1152,1077.8923445965197,1077.8923445965197,1,1,1077.8923445965197,1,1,0.0,0.0,0.0,0.0,1.0,1.0,0.0007115229964255,0.0007211640477179,3.888153314590454
0,2,1,0.8001148714478451,76.47604842344069,68.24,0,0.396,1,1147,2129.009644995442,2129.0096449954426,1,2,2129.0096449954426,1,2,4.547473508864641e-13,2.135957213512002e-16,4.547473508864641e-13,2.135957213512002e-16,1.0000000000000002,1.0000000000000002,0.0003864392638206,0.0003937035799026,14.809158593416214
0,3,1,0.6066995121159086,46.88392303063238,52.64,0,0.216,1,1218,1146.866813636878,1146.866813636878,1,1,1146.866813636878,1,1,0.0,0.0,0.0,0.0,1.0,1.0,0.0003352537751197,0.0003407895565032,2.013619542121887
0,6,1,0.6605497559908438,30.20621467176531,34.18,0,0.374,1,1158,2237.6623353024406,2253.111169178032,2,2,2253.111169178032,2,2,15.44883387559139,0.006904005859983,15.44883387559139,0.006904005859983,1.006904005859983,1.006904005859983,0.0010482445359229,0.0010742917656897,10.72723388671875
0,2,1,0.6794722085243835,73.27226997608324,72.9,0,0.438,1,1168,2133.017005708994,2133.017005708994,1,2,2133.017005708994,1,2,0.0,0.0,0.0,0.0,1.0,1.0,0.0011048987507819,0.0011580586433409,31.107222750782967
0,9,1,0.6800021003958321,9.535832623235812,11.04,0,0.212,1,1140,3223.057098257843,3228.726014892708,2,3,3228.726014892708,2,3,5.668916634865127,0.0017588632351345,5.668916634865127,0.0017588632351345,1.0017588632351346,1.0017588632351346,0.0015857219696044,0.0015945509076117,2.1617216020822525
0,3,1,0.6436966467461646,38.09800078672167,44.96,0,0.208,1,1137,1117.7428213185942,1117.7428213185942,1,1,1117.7428213185942,1,1,0.0,0.0,0.0,0.0,1.0,1.0,0.000776596367359,0.0007936060428618,2.0565539747476578
0,6,1,0.6093220203712464,24.82157671133412,28.16,0,0.206,1,1237,1211.1641627055385,1211.1641627055385,1,1,1211.1641627055385,1,1,0.0,0.0,0.0,0.0,1.0,1.0,0.0010808929800986,0.0010887309908866,2.202206440269947
0,2,1,0.6894665667186625,35.07610098713854,38.56,0,0.258,1,1216,1131.351710938836,1131.351710938836,1,1,1131.351710938836,1,1,0.0,0.0,0.0,0.0,1.0,1.0,0.0003522485494612,0.0003616660833358,4.452556684613228
0,2,1,0.7205610805470322,63.11856784623593,57.74,0,0.286,1,1189,1115.6466128472584,1115.6466128472584,1,1,1115.6466128472584,1,1,0.0,0.0,0.0,0.0,1.0,1.0,0.0007582083344458,0.0007674917578696,4.609190210700035
0,2,1,0.5842973547587145,68.02879140586515,73.58,0,0.268,1,1230,1082.1399185070943,1174.1252446562853,0,1,1089.0405501065873,1,1,91.985326149191,0.0850031724881683,6.900631599492954,0.0063768385968174,1.0850031724881684,1.0063768385968177,0.0005807876586913,0.0006433725357055,5.763428933918476
1,11,1,0.6546681243297142,14.689929273924262,13.46,0,0.2,1,1172,2191.869957625666,2285.308442916387,1,2,2223.6321110671547,2,2,93.43848529072102,0.0426295752472185,31.762153441488863,0.0144908931896192,1.0426295752472186,1.0144908931896193,0.0014760196208953,0.0015513747930525,2.400356464087963
0,6,1,0.5526519071137712,11.540737174123642,14.28,0,0.214,1,1179,2139.565702079896,2139.565702293952,1,2,2139.565702293952,1,2,2.14056399272522e-07,1.0004665856460278e-10,2.14056399272522e-07,1.0004665856460278e-10,1.0000000001000466,1.0000000001000466,0.0013215243816375,0.0013311952352523,2.581148788332939
0,8,1,0.6690857084439462,21.00676788356575,21.68,0,0.23,1,1169,2156.181825167494,2184.491045185659,1,2,2160.197824911502,2,2,28.30922001816498,0.0131293287457173,4.015999744007786,0.0018625515237778,1.0131293287457177,1.0018625515237778,0.0016970485448836,0.0017812997102736,5.373383931815624
0,2,1,0.6116249351880192,39.22526967650233,41.44,0,0.228,1,1157,1131.351710938836,1131.351710938836,1,1,1131.351710938836,1,1,0.0,0.0,0.0,0.0,1.0,1.0,0.0003450587391853,0.0003549307584762,3.2242082953453064
1,17,1,0.6799593896217441,10.941887405539523,10.02,0,0.206,1,1177,2271.563941044926,2319.898308451729,2,2,2319.898308451729,2,2,48.33436740680281,0.0212780131492001,48.33436740680281,0.0212780131492001,1.0212780131492,1.0212780131492,0.0054970756173133,0.0055092275142669,3.109739862382412
0,1,1,0.7482282073236591,78.9274637269391,79.98,0,0.278,1,1204,1078.376964154047,1151.9562087008371,0,1,1078.376964154047,1,1,73.57924454679005,0.0682314691361296,0.0,0.0,1.0682314691361297,1.0,0.0006923601031302,0.0007730051875112,6.298339791595936
0,4,1,0.6610104299513901,29.33738420707403,32.7,0,0.264,1,1230,1220.0621819124042,1228.7447611040338,1,1,1228.7447611040338,1,1,8.682579191629657,0.007116505470254,8.682579191629657,0.007116505470254,1.007116505470254,1.007116505470254,0.001741200685501,0.0018429681658743,6.445371277630329
0,2,1,0.5779355365342522,52.92898043965988,57.3,0,0.3,1,1148,1107.915152841171,1107.915152841171,1,1,1107.915152841171,1,1,0.0,0.0,0.0,0.0,1.0,1.0,0.0004256218671798,0.0004335120320319,5.162739314138889
0,2,1,0.6404967985339579,61.43464583710524,70.72,0,0.398,1,1212,1171.984354864181,1171.984354864181,1,1,1171.984354864181,1,1,0.0,0.0,0.0,0.0,1.0,1.0,0.0003268569707869,0.0003320425748824,12.72731202095747
0,5,1,0.7072425485957485,66.49566864592259,66.36,0,0.268,1,1184,2147.9643019790283,2228.684733644456,1,2,2161.3565447700867,2,2,80.7204316654279,0.0375799688994161,13.39224279105838,0.0062348535209451,1.037579968899416,1.006234853520945,0.001039184629917,0.001117281615734,6.908878326416016
0,3,1,0.6358096009524501,94.95956291759404,102.52,0,0.216,1,1175,2100.50939049731,2100.50939049731,1,2,2100.50939049731,1,2,0.0,0.0,0.0,0.0,1.0,1.0,0.0004724860191344,0.0004771053791045,2.093661703169346
1,13,1,0.5824592540270103,7.828394214237944,8.92,0,0.202,1,1144,3217.7283472946724,3224.670955346963,2,3,3224.670955346963,2,3,6.94260805229078,0.0021576116138355,6.94260805229078,0.0021576116138355,1.0021576116138355,1.0021576116138355,0.0039562582969664,0.0039711222052573,2.365877203643322
0,1,1,0.6938886501130457,73.28167191749347,80.74,0,0.24,1,1207,1070.418488776182,1132.8673549997084,0,1,1070.418488776182,1,1,62.44886622352647,0.0583406087229722,0.0,0.0,1.0583406087229723,1.0,0.0010719746351241,0.0011614337563513,4.341093398630619
0,2,1,0.5895570775371383,77.08603548584271,84.4,0,0.276,1,1197,1153.8742107174908,1153.8742107174908,1,1,1153.8742107174908,1,1,0.0,0.0,0.0,0.0,1.0,1.0,0.0003359988331794,0.0003423392772674,4.467802062630653
0,4,1,0.6878736731044691,78.03457141164834,79.36,0,0.246,1,1201,2169.747665542899,2169.747665542899,1,2,2169.747665542899,1,2,0.0,0.0,0.0,0.0,1.0,1.0,0.0010155141353606,0.0010295808315276,4.161290779709816
0,2,1,0.7323558096352232,85.14330144378475,85.66,0,0.264,1,1162,2047.685531931253,2047.6855319312529,1,2,2047.6855319312529,1,2,-2.273736754432321e-13,-1.1103935242868418e-16,-2.273736754432321e-13,-1.1103935242868418e-16,1.0,1.0,0.0004043206572531,0.0004140809178351,5.866973616182804
0,3,1,0.6693702293364968,94.40782020879384,101.28,0,0.574,1,1134,3209.947033494628,3209.9470334946286,2,3,3209.9470334946286,2,3,4.547473508864641e-13,1.4166817898904283e-16,4.547473508864641e-13,1.4166817898904283e-16,1.0000000000000002,1.0000000000000002,0.0004828423261641,0.0004943758249282,40.06957473605871
0,9,1,0.6144601347619294,10.104053550259222,10.66,0,0.222,1,1217,2209.3214329335465,2313.017343879917,1,2,2249.5155441253905,2,2,103.69591094637052,0.0469356379749064,40.19411119184406,0.0181929666696231,1.0469356379749064,1.0181929666696232,0.001513622701168,0.0016248002648353,2.9471350014209747
0,3,1,0.7904288899643775,97.02426538385627,88.64,0,0.482,1,1231,2170.389160147084,2170.389160147084,1,2,2170.389160147084,1,2,0.0,0.0,0.0,0.0,1.0,1.0,0.0007859840989112,0.0007933080196379,29.303550451993942
0,3,1,0.7176365817512597,42.09371874113055,47.0,0,0.26,1,1228,1109.0262220582183,1109.0262220582183,1,1,1109.0262220582183,1,1,0.0,0.0,0.0,0.0,1.0,1.0,0.0003754869103431,0.0003826394677161,3.531387560069561
0,4,1,0.6481991410796308,45.01344330330483,41.2,0,0.242,1,1219,1171.9835783235603,1171.9835783235603,1,1,1171.9835783235603,1,1,0.0,0.0,0.0,0.0,1.0,1.0,0.0004543960094451,0.000463306903839,2.999806560575962
0,3,1,0.6471335779434243,30.49170035135223,32.66,0,0.202,1,1153,2089.777695141817,2109.4227987325103,1,2,2103.3513171989225,2,2,19.64510359069345,0.0094005709967922,13.573622057105696,0.00649524688136,1.009400570996792,1.0064952468813602,0.0009780004620551,0.0010438635945319,2.4720313400030136
0,4,1,0.7135853622906638,29.302177512911545,33.62,0,0.224,1,1232,1191.343846960819,1191.343846960819,1,1,1191.343846960819,1,1,0.0,0.0,0.0,0.0,1.0,1.0,0.0007449984550475,0.000752031803131,3.081105701625347
1,10,1,0.6772496914312829,14.767252756944034,12.32,0,0.21,1,1165,2239.7374674456264,2245.779961495253,2,2,2245.779961495253,2,2,6.042494049626384,0.0026978581809044,6.042494049626384,0.0026978581809044,1.0026978581809045,1.0026978581809045,0.0036510601639746,0.0036238506436347,2.4130085557699203
0,2,1,0.6757780223760164,76.14168762055871,82.4,0,0.29,1,1220,1160.9469427431022,1160.9469427431022,1,1,1160.9469427431022,1,1,0.0,0.0,0.0,0.0,1.0,1.0,0.0004335567355155,0.0004406720399855,5.256634086370468
0,4,1,0.7310666034563882,35.78818353505989,34.06,0,0.294,1,1207,1167.880250131852,1167.880250131852,1,1,1167.880250131852,1,1,0.0,0.0,0.0,0.0,1.0,1.0,0.0005170628428458,0.0005230605602264,6.942974276840687
0,2,1,0.6183406006151121,55.398428076263656,58.84,0,0.226,1,1152,1122.6719590323269,1122.6719590323269,1,1,1122.6719590323269,1,1,0.0,0.0,0.0,0.0,1.0,1.0,0.0003706514835357,0.0003781020641326,2.6023118942976
0,6,1,0.6937270419739014,17.15413988585133,20.4,0,0.246,1,1207,1172.7268144125046,1172.7268144125048,1,1,1172.7268144125048,1,1,2.273736754432321e-13,1.93884605219962e-16,2.273736754432321e-13,1.93884605219962e-16,1.0000000000000002,1.0000000000000002,0.0013615489006041,0.001364730298519,3.709773316979408
0,3,1,0.5881663810351601,29.22844995126752,34.34,0,0.256,1,1168,1121.4746441018629,1121.4746441018629,1,1,1121.4746441018629,1,1,0.0,0.0,0.0,0.0,1.0,1.0,0.0009546354413031,0.0009714066982268,3.9791464880108833
0,3,1,0.7741795966141539,92.91626612246938,77.56,0,0.43,1,1143,2200.348851823436,2210.8426342815883,2,2,2210.8426342815883,2,2,10.49378245815251,0.0047691448787569,10.49378245815251,0.0047691448787569,1.004769144878757,1.004769144878757,0.0004516020417212,0.0004657730460166,16.749935187399387
0,6,1,0.8528283799410608,22.235488252758373,19.52,0,0.258,1,1193,2120.047321798522,2120.047321798522,1,2,2120.047321798522,1,2,0.0,0.0,0.0,0.0,1.0,1.0,0.0005236789584159,0.0005311891436576,4.763686053454876
0,4,1,0.608077432806577,71.71560468470464,82.82,0,0.272,1,1204,2124.678843254541,2124.678843254541,1,2,2124.678843254541,1,2,0.0,0.0,0.0,0.0,1.0,1.0,0.0004665330052375,0.0004739761352538,4.601113542914391
0,4,1,0.7274626695491808,45.08789460140923,45.3,0,0.256,1,1165,1127.722857315478,1127.722857315478,1,1,1127.722857315478,1,1,0.0,0.0,0.0,0.0,1.0,1.0,0.0005546137690543,0.0005612745881079,3.742410287261009
0,4,1,0.6800131782351083,28.315318322377,35.28,0,0.274,1,1202,1152.0495728973528,1152.0495728973528,1,1,1152.0495728973528,1,1,0.0,0.0,0.0,0.0,1.0,1.0,0.0014979019761085,0.0015164464712142,6.007740296423435
0,3,1,0.7692909511585726,40.37180821733251,41.7,0,0.214,1,1236,1091.8688679184784,1217.188623638852,0,1,1116.4737251824854,1,1,125.31975572037368,0.1147754637965649,24.604857264007023,0.0225346266268341,1.114775463796565,1.0225346266268345,0.0005235970020293,0.000573731958866,3.7179750204086304
0,6,1,0.7239627019316354,28.61079812582233,27.38,0,0.222,1,1218,2175.665645408688,2196.354648645747,1,2,2175.671962572211,2,2,20.689003237059296,0.0095092751410214,0.0063171635233629,2.903554384238269e-06,1.0095092751410215,1.0000029035543845,0.000895284116268,0.0009571537375449,4.53602983802557
0,2,1,0.5687581146656717,92.60591922639684,107.04,0,0.398,1,1228,1140.6851300325825,1140.6851300325825,1,1,1140.6851300325825,1,1,0.0,0.0,0.0,0.0,1.0,1.0,0.0009210184216498,0.0009297132492064,15.715618781745434
0,2,1,0.598554677794496,56.04859574727362,70.58,0,0.366,1,1171,1160.690021032738,1160.690021032738,1,1,1160.690021032738,1,1,0.0,0.0,0.0,0.0,1.0,1.0,0.0003155171871184,0.0003219544887542,9.995505087077618
0,3,1,0.8093766676632281,83.68931807917663,81.6,0,0.234,1,1204,1151.3740180046343,1151.3740180046343,1,1,1151.3740180046343,1,1,0.0,0.0,0.0,0.0,1.0,1.0,0.0003500804305075,0.0003902167081832,2.9021888002753258
0,3,1,0.6100606004229183,37.37411632866222,45.54,0,0.332,1,1219,1165.748214689933,1165.748214689933,1,1,1165.748214689933,1,1,0.0,0.0,0.0,0.0,1.0,1.0,0.00081979483366,0.0008311718702315,9.53309977799654
0,9,1,0.62615561139954,16.10317429214888,16.44,0,0.228,1,1140,2193.5751793837485,2234.751779292912,2,2,2234.751779292912,2,2,41.17659990916354,0.0187714559756878,41.17659990916354,0.0187714559756878,1.0187714559756875,1.0187714559756875,0.0018932148814201,0.0018980503082275,3.081636294722557
0,2,1,0.8803968682501031,88.5287017917822,85.72,0,0.566,1,1206,1205.3760300641395,1205.3760300641395,1,1,1205.3760300641395,1,1,0.0,0.0,0.0,0.0,1.0,1.0,0.0006879717111587,0.0006874576210975,36.47325412929058
0,3,1,0.642154116922008,35.07387597113269,36.42,0,0.254,1,1148,2115.8200504503407,2135.848490488471,1,2,2115.820050450341,2,2,20.02844003813016,0.009466041327034,4.547473508864641e-13,2.1492723390615078e-16,1.009466041327034,1.0000000000000002,0.0006725117564201,0.0007445737719535,3.599966809153557
0,2,1,0.8788820943848104,66.19628085320264,59.22,0,0.298,1,1164,1146.7686034347744,1146.7686034347744,1,1,1146.7686034347744,1,1,0.0,0.0,0.0,0.0,1.0,1.0,0.0003866106271743,0.0003927126526832,6.488091215491295
0,1,1,0.7371493364925712,59.27723050516813,60.58,0,0.32,1,1210,1095.7693140300812,1180.578911118785,0,1,1095.7693140300812,1,1,84.80959708870387,0.0773973098195152,0.0,0.0,1.077397309819515,1.0,0.0006969571113586,0.000802807509899,12.467651531100271
0,2,1,0.5893611732340268,62.40279272054895,72.1,0,0.434,1,1215,1172.0221134544026,1172.0221134544026,1,1,1172.0221134544026,1,1,0.0,0.0,0.0,0.0,1.0,1.0,0.000375635921955,0.0003787130117415,16.929299898445606
0,4,1,0.6543981035316981,33.6728089641707,33.98,0,0.262,1,1228,1211.2969863210276,1211.2969863210276,1,1,1211.2969863210276,1,1,0.0,0.0,0.0,0.0,1.0,1.0,0.0004579946398734,0.0004676952958106,4.222009532153606
0,2,1,0.6254531502218121,46.68937364423399,49.38,0,0.33,1,1228,1189.5146170443152,1190.8260161147314,1,1,1190.8260161147314,1,1,1.3113990704162006,0.0011024657046037,1.3113990704162006,0.0011024657046037,1.0011024657046037,1.0011024657046037,0.0003235042095183,0.0003284141421317,9.483609303832054
0,3,1,0.7564832479831286,96.32599967550242,88.94,0,0.308,1,1231,1166.875050413972,1166.875050413972,1,1,1166.875050413972,1,1,0.0,0.0,0.0,0.0,1.0,1.0,0.0005828067660331,0.0005847960710525,6.638387091457844
0,2,1,0.6681212558299441,66.93033356876916,62.4,0,0.378,1,1145,1139.7054630290172,1139.7054630290172,1,1,1139.7054630290172,1,1,0.0,0.0,0.0,0.0,1.0,1.0,0.0003011748194694,0.0003066733479499,11.323050014674664
0,9,1,0.569935453773006,13.007194734444989,14.6,0,0.206,1,1162,2269.304860722444,2269.304860722448,2,2,2269.304860722448,2,2,4.092726157978177e-12,1.8035153534528803e-15,4.092726157978177e-12,1.8035153534528803e-15,1.0000000000000018,1.0000000000000018,0.0014010816812515,0.0014140754938125,2.0519775822758675
0,2,1,0.7358354871557421,36.85636967350523,40.64,0,0.2,1,1174,1077.3225130373892,1151.6177035669198,0,1,1077.3225130373892,1,1,74.2951905295306,0.068962812556533,0.0,0.0,1.0689628125565331,1.0,0.0008522272109985,0.0009263753890991,3.684059165418148
0,4,1,0.754869798007215,30.03087875095744,27.84,0,0.222,1,1141,1091.6883857242658,1091.6883857242658,1,1,1091.6883857242658,1,1,0.0,0.0,0.0,0.0,1.0,1.0,0.0009360611438751,0.0009435042738914,2.521597258746624
0,3,1,0.7631976683343951,59.7971016902756,60.54,0,0.39,1,1187,2126.929289787125,2198.0350320612683,1,2,2153.239173820374,2,2,71.10574227414327,0.0334311735775945,26.30988403324909,0.0123698912604106,1.0334311735775945,1.0123698912604109,0.000949092209339,0.0010948181152342,21.585396200418472
0,5,1,0.7362040458030945,74.15813252726315,81.24,0,0.234,1,1232,2179.7960397706656,2254.575028935458,1,2,2179.7960397706656,2,2,74.77898916479216,0.0343054982211361,0.0,0.0,1.0343054982211362,1.0,0.001210406422615,0.0012801364064216,5.720810182392597
0,2,1,0.5479847646098114,39.78981173361878,48.9,0,0.242,1,1230,1127.0314609917104,1127.0314609917104,1,1,1127.0314609917104,1,1,0.0,0.0,0.0,0.0,1.0,1.0,0.0004669427871703,0.000472381711006,2.715648017823696
0,2,1,0.7351374702613274,49.597273990686205,44.2,0,0.27,1,1166,1083.5076251534888,1083.5076251534888,1,1,1083.5076251534888,1,1,0.0,0.0,0.0,0.0,1.0,1.0,0.0006529688835143,0.0006586760282515,5.80764127522707
0,9,1,0.6413156583812747,10.257473544412615,11.14,0,0.23,1,1153,2248.3540340485497,2251.6984278703167,2,2,2251.6984278703167,2,2,3.344393821766971,0.0014874854098243,3.344393821766971,0.0014874854098243,1.0014874854098244,1.0014874854098244,0.0014120340347289,0.0014198645949363,2.880630023777485
0,3,1,0.7935384736168399,35.63452223067117,36.44,0,0.264,1,1150,2136.4618464061414,2136.4618464061414,1,2,2136.4618464061414,1,2,0.0,0.0,0.0,0.0,1.0,1.0,0.0004839748144149,0.000496856868267,4.038633912801743
0,2,1,0.6981251174783939,53.56009492466937,48.14,0,0.318,1,1203,1120.6394640550188,1120.6394640550188,1,1,1120.6394640550188,1,1,0.0,0.0,0.0,0.0,1.0,1.0,0.0007206499576568,0.0007276013493537,9.261888414621351
0,5,1,0.5863703985012925,33.36986352714324,34.48,0,0.23,1,1188,1140.0734027870965,1140.0734027870965,1,1,1140.0734027870965,1,1,0.0,0.0,0.0,0.0,1.0,1.0,0.0010896921157836,0.0010952055454253,3.923085168004036
0,4,1,0.6170717267378415,45.37644197559938,52.6,0,0.374,1,1174,2175.29945267044,2175.4365757802443,1,2,2175.4365757802443,1,2,0.1371231098041789,6.303642913891417e-05,0.1371231098041789,6.303642913891417e-05,1.000063036429139,1.000063036429139,0.0007058456540106,0.0007254481315611,10.734272561967371
0,3,1,0.6356141421257006,45.92413346319479,52.56,0,0.282,1,1177,2067.309876430882,2101.7001426229454,1,2,2101.7001426229454,1,2,34.390266192063336,0.0166352739781017,34.390266192063336,0.0166352739781017,1.0166352739781015,1.0166352739781015,0.0004907697439192,0.0005002096295355,6.717749297618866
0,8,1,0.6458513614079897,11.333235040396854,13.7,0,0.218,1,1180,2178.106708351216,2231.767432081978,1,2,2191.9098717019083,2,2,53.66072373076168,0.0246364071718881,13.803163350692104,0.0063372300804953,1.024636407171888,1.0063372300804954,0.0009690523147582,0.0010337084531783,3.2641006633639336
0,2,1,0.5842774164547824,24.4922636905087,31.26,0,0.2,1,1223,1072.2014284038887,1072.2014284038887,1,1,1072.2014284038887,1,1,0.0,0.0,0.0,0.0,1.0,1.0,0.0006557181477546,0.0006588622927665,2.5687158927321434
0,3,1,0.6848400392445421,37.92110895530681,38.6,0,0.226,1,1183,1088.135421837221,1175.1928330479525,0,1,1088.135421837221,1,1,87.05741121073152,0.0800060447106323,0.0,0.0,1.0800060447106323,1.0,0.000630810856819,0.0006805434823035,4.586900345981121
0,6,1,0.7652591316606525,16.507129331506,17.78,0,0.224,1,1198,2147.444523634368,2208.062182130063,1,2,2170.321219037321,2,2,60.61765849569474,0.0282278111627789,22.87669540295292,0.0106529855142595,1.028227811162779,1.0106529855142596,0.0010294094681739,0.0011068806052207,3.589252218604088
0,2,1,0.5303036103076065,95.9219687691793,110.86,0,0.452,1,1147,2151.2674607842578,2153.135747820778,1,2,2153.135747820778,1,2,1.868287036520087,0.0008684587437765,1.868287036520087,0.0008684587437765,1.0008684587437766,1.0008684587437766,0.0004506483674048,0.000459425151348,18.39829019457101
0,1,1,0.7093047086612169,84.6062682840458,92.16,0,0.2,1,1183,1057.805153522852,1109.5174934265192,0,1,1057.805153522852,1,1,51.71233990366727,0.0488864510930463,0.0,0.0,1.0488864510930462,1.0,0.0007516667246817,0.0008378401398657,2.6556835398077965
0,4,1,0.7457032269154137,55.03353759828696,60.56,0,0.224,1,1210,1194.715815643723,1208.316585493695,1,1,1208.316585493695,1,1,13.600769849971812,0.0113841046313123,13.600769849971812,0.0113841046313123,1.0113841046313123,1.0113841046313123,0.0009172335267066,0.0009299144148826,3.8120797872543335
0,2,1,0.7144366670065454,76.33537707046382,76.92,0,0.384,1,1174,2086.0738607607072,2086.0738607607072,1,2,2086.0738607607072,1,2,0.0,0.0,0.0,0.0,1.0,1.0,0.0005688369274138,0.0005804002285002,13.284771919250488
0,4,1,0.7576288484169862,77.30401746476595,73.84,0,0.294,1,1207,1121.7300955349456,1121.7300955349456,1,1,1121.7300955349456,1,1,0.0,0.0,0.0,0.0,1.0,1.0,0.0005461797118186,0.0005656331777572,6.02922622859478
0,4,1,0.5671333479237174,59.38951816890087,67.72,0,0.274,1,1161,1103.0769392883008,1103.0803358326962,1,1,1103.0803358326962,1,1,0.0033965443954002,3.079154567034736e-06,0.0033965443954002,3.079154567034736e-06,1.000003079154567,1.000003079154567,0.0003787875175475,0.0003882497549056,4.126204214990139
0,3,1,0.7129601040056619,36.867338996056176,39.44,0,0.218,1,1134,1101.756247028371,1101.756247028371,1,1,1101.756247028371,1,1,0.0,0.0,0.0,0.0,1.0,1.0,0.0004047900438308,0.0004112049937247,2.5810052007436752
0,4,1,0.627968095715755,33.64942701527425,34.34,0,0.226,1,1143,2105.271139294391,2116.7436874860286,1,2,2105.271139294392,2,2,11.472548191637545,0.0054494397313035,9.094947017729282e-13,4.320083455272925e-16,1.0054494397313036,1.0000000000000004,0.0010062232613563,0.001141995191574,4.589326418936253
0,3,1,0.7517334693475652,93.03770502768796,94.26,0,0.314,1,1217,1146.164238098514,1146.164238098514,1,1,1146.164238098514,1,1,0.0,0.0,0.0,0.0,1.0,1.0,0.0008551999926566,0.0008691549301146,7.235438697040081
0,2,1,0.7604090793178769,38.93253803159235,42.46,0,0.252,1,1145,1091.9171076965629,1108.1529910458598,1,1,1108.1529910458598,1,1,16.235883349296955,0.0148691537433158,16.235883349296955,0.0148691537433158,1.014869153743316,1.014869153743316,0.0003204345703124,0.0003253743052482,4.672678008675575
0,2,1,0.7773910171470635,54.33649141908348,51.0,0,0.288,1,1191,1149.244742726915,1149.244742726915,1,1,1149.244742726915,1,1,0.0,0.0,0.0,0.0,1.0,1.0,0.0006710961461066,0.0007635578513144,5.582083716988564
0,5,1,0.64181741723873,45.98615668558775,45.8,0,0.362,1,1157,2201.4334931031462,2296.7503740167745,1,2,2234.649468501655,2,2,95.3168809136282,0.0432976427460769,33.21597539850882,0.0150883392582927,1.043297642746077,1.0150883392582928,0.000460997223854,0.0005292147397994,11.176881492137907
1,10,1,0.7395715080737911,11.849809698597255,12.28,0,0.2,1,1171,2207.9048883047026,2248.3873741562256,1,2,2212.206801952669,2,2,40.48248585152305,0.0183352489801346,4.301913647966558,0.0019484143863052,1.0183352489801347,1.001948414386305,0.0019232481718062,0.0020362809300421,2.23597039282322
0,3,1,0.7634160319343922,89.7359831020783,79.0,0,0.2,1,1138,2104.859045700988,2104.859045700988,1,2,2104.859045700988,1,2,0.0,0.0,0.0,0.0,1.0,1.0,0.0004491880536079,0.000458650290966,2.2679617404937744
0,5,1,0.7339757435691731,21.65675718277204,24.06,0,0.236,1,1211,1175.084846104257,1175.084846104257,1,1,1175.084846104257,1,1,0.0,0.0,0.0,0.0,1.0,1.0,0.0007675066590309,0.0007746592164039,2.726659670472145
0,7,1,0.7195622323162469,21.960485685853065,21.18,0,0.318,1,1195,1189.7522674674456,1189.7522674674456,1,1,1189.7522674674456,1,1,0.0,0.0,0.0,0.0,1.0,1.0,0.0008452907204627,0.0008506700396537,7.444701261818409
0,2,1,0.6690792658343138,94.8413192122908,118.18,0,0.542,1,1186,1182.89347198852,1185.3706015741957,1,1,1182.89347198852,1,1,2.477129585675584,0.0020941273617068,0.0,0.0,1.0020941273617068,1.0,0.0007513836026191,0.0008163526654243,33.92004869133234
0,4,1,0.675324489769281,18.1815676222928,20.96,0,0.24,1,1191,1142.1625280969993,1149.7543875157942,1,1,1149.7543875157942,1,1,7.591859418794911,0.0066469169072145,7.591859418794911,0.0066469169072145,1.0066469169072143,1.0066469169072143,0.0009780824184417,0.0009846538305282,4.863218538463116
0,4,1,0.6290982248088496,21.949962353689006,24.24,0,0.21,1,1169,2163.133273026859,2252.035468626616,1,2,2211.4041439916027,2,2,88.90219559975685,0.0410988063973314,48.27087096474361,0.0223152551748226,1.0410988063973314,1.0223152551748227,0.0014276355504988,0.0015135183930396,2.030370183289051
0,7,1,0.6880693447249601,12.33900292340893,12.12,0,0.204,1,1193,2128.828770128701,2131.3356604520723,1,2,2131.3356604520723,1,2,2.506890323371408,0.0011775913396829,2.506890323371408,0.0011775913396829,1.001177591339683,1.001177591339683,0.0014491751790046,0.001464620232582,2.330388985574245
0,1,1,0.7920348776896208,81.82773203193433,79.52,0,0.442,1,1218,1122.8473560396233,1126.831356295615,1,1,1126.831356295615,1,1,3.9840002559917593,0.0035481227564569,3.9840002559917593,0.0035481227564569,1.003548122756457,1.003548122756457,0.000378631055355,0.0003814250230789,23.359514862298965
0,4,1,0.5867349386857487,45.24030894345051,44.52,0,0.254,1,1207,1146.6468717132211,1146.6468717132216,1,1,1146.6468717132216,1,1,4.547473508864641e-13,3.96588838381445e-16,4.547473508864641e-13,3.96588838381445e-16,1.0000000000000004,1.0000000000000004,0.0003852918744086,0.0003914013504981,3.4853615760803223
0,3,1,0.6023524769578775,28.945565672634824,31.44,0,0.21,1,1139,2082.9612145681604,2082.9612145681604,1,2,2082.9612145681604,1,2,0.0,0.0,0.0,0.0,1.0,1.0,0.0004345253109931,0.0004460588097571,2.040351279079914
0,3,1,0.8089665553402822,63.30973852023702,59.78,0,0.414,1,1222,1200.5376121840984,1215.0288769320127,1,1,1215.0288769320127,1,1,14.491264747914329,0.0120706461845463,14.491264747914329,0.0120706461845463,1.0120706461845463,1.0120706461845463,0.0008541867136954,0.0008595287799834,22.082882560789585
0,4,1,0.6954527856959476,81.8947112220575,86.66,0,0.438,1,1146,2173.513060997172,2247.574455907129,1,2,2199.1991461217767,2,2,74.06139490995702,0.0340745110940252,25.686085124604688,0.0118177735324122,1.0340745110940253,1.0118177735324123,0.0006656572222709,0.0007396265864371,22.404414549469948
0,3,1,0.709776954654207,50.73082661492905,50.7,0,0.424,1,1233,1220.590483217256,1220.590483217256,1,1,1220.590483217256,1,1,0.0,0.0,0.0,0.0,1.0,1.0,0.0005478486418723,0.0005885958671569,14.754090949892998
0,7,1,0.7634620792248783,25.00434132240442,24.06,0,0.288,1,1183,2227.1681370173646,2231.7204734575143,2,2,2231.7204734575143,2,2,4.552336440149702,0.0020440021408739,4.552336440149702,0.0020440021408739,1.002044002140874,1.002044002140874,0.0011923015117645,0.0012061074376106,5.154376573860645
0,2,1,0.6476756658797325,95.9518753992356,105.52,0,0.312,1,1200,1103.305193599928,1103.305193599928,1,1,1103.305193599928,1,1,0.0,0.0,0.0,0.0,1.0,1.0,0.0003338232636451,0.000394694507122,7.630561247467995
0,3,1,0.7154218122604622,48.05994927561665,53.88,0,0.234,1,1137,1124.5661221770813,1124.5661221770813,1,1,1124.5661221770813,1,1,0.0,0.0,0.0,0.0,1.0,1.0,0.0005521178245544,0.0005575492978095,3.125644154846668
0,3,1,0.8947847329549458,66.6361241896191,51.92,0,0.25,1,1209,1144.9515466789248,1157.2015509309304,1,1,1157.2015509309304,1,1,12.25000425200551,0.0106991464289804,12.25000425200551,0.0106991464289804,1.0106991464289805,1.0106991464289805,0.0003420934081077,0.0003474429249763,4.825460612773895
0,5,1,0.7483953129424982,57.825087353306095,62.06,0,0.212,1,1212,1191.3282368217542,1191.3282368217542,1,1,1191.3282368217542,1,1,0.0,0.0,0.0,0.0,1.0,1.0,0.0010649934411048,0.0010715872049331,2.190997213125229
0,2,1,0.6915290716638577,71.92251987279982,71.18,0,0.246,1,1215,1152.529246470249,1172.557122639695,1,1,1172.557122639695,1,1,20.027876169446017,0.0173773257648633,20.027876169446017,0.0173773257648633,1.0173773257648633,1.0173773257648633,0.0003135427832602,0.000323675572872,4.4574610367417336
0,4,1,0.7848824761096389,89.03739206772886,84.7,0,0.298,1,1205,1164.3380028010563,1164.3380028010563,1,1,1164.3380028010563,1,1,0.0,0.0,0.0,0.0,1.0,1.0,0.0017102435231208,0.0017154291272162,7.183367989957333
0,3,1,0.6441510347391795,37.07432525681471,38.4,0,0.246,1,1196,2112.698877114857,2112.698877114857,1,2,2112.698877114857,1,2,0.0,0.0,0.0,0.0,1.0,1.0,0.0004779994487761,0.0004868209362029,4.546551696956158
0,6,1,0.7224699536364798,24.49791259750792,26.62,0,0.236,1,1155,2123.006180700425,2139.6457239439906,1,2,2126.762049048172,2,2,16.63954324356564,0.0078377271789552,3.755868347746855,0.0017691273731985,1.0078377271789551,1.0017691273731986,0.0010348409414291,0.0011180490255355,3.990956015884876
0,8,1,0.7069449609987899,15.549596602971404,14.24,0,0.202,1,1236,2184.9498276079307,2195.728551334912,1,2,2195.728551334912,1,2,10.778723726981298,0.0049331676136388,10.778723726981298,0.0049331676136388,1.0049331676136388,1.0049331676136388,0.0012644454836844,0.0012687295675276,2.1524571031332016
0,5,1,0.7268379655850927,25.71795187328052,24.92,0,0.262,1,1184,2147.3925384787703,2193.9530550386453,1,2,2161.8774914892283,2,2,46.56051655987494,0.0216823499782013,14.484953010457955,0.0067453680456202,1.0216823499782013,1.0067453680456202,0.0011471658945083,0.0012260824441909,5.249255865812302
0,2,1,0.7913460623852459,85.02677673783269,82.18,0,0.488,1,1202,1166.7416145448833,1166.7416145448833,1,1,1166.7416145448833,1,1,0.0,0.0,0.0,0.0,1.0,1.0,0.0005956813693046,0.0006002336740493,21.518375247716904
0,2,1,0.5707211979037031,80.1675410348444,85.16,0,0.258,1,1179,1131.2316316028237,1131.2316316028237,1,1,1131.2316316028237,1,1,0.0,0.0,0.0,0.0,1.0,1.0,0.0003144294023513,0.0003319308161735,4.163816012442112
0,6,1,0.6525136031137407,24.37092277333836,22.58,0,0.212,1,1187,2144.383556424509,2144.383556424509,1,2,2144.383556424509,1,2,0.0,0.0,0.0,0.0,1.0,1.0,0.0011572539806365,0.0011660829186438,2.652035117149353
0,1,1,0.6895481767723418,63.72697174191777,77.06,0,0.262,1,1181,1075.382161204112,1144.3105124909468,0,1,1075.382161204112,1,1,68.92835128683487,0.064096610278206,0.0,0.0,1.064096610278206,1.0,0.0008950307965278,0.0010134279727935,5.615969032049179
0,5,1,0.7185659658166272,49.50650305337686,46.48,0,0.282,1,1208,2159.75897039572,2159.758970395719,1,2,2159.758970395719,1,2,-9.094947017729282e-13,-4.2110935258960254e-16,-9.094947017729282e-13,-4.2110935258960254e-16,0.9999999999999996,0.9999999999999996,0.0009463801980018,0.0009551271796226,12.935280412435532
1,12,1,0.6860211367006122,8.023977137188451,8.0,0,0.2,1,1153,2218.108343762079,2270.1088215024547,2,2,2270.1088215024547,2,2,52.00047774037557,0.0234436148651687,52.00047774037557,0.0234436148651687,1.0234436148651689,1.0234436148651689,0.0156922563910483,0.0157414078712462,2.170643672347069
0,6,1,0.6401871340466165,18.55014831825797,19.16,0,0.224,1,1139,2159.8316770126403,2159.8316770126403,2,2,2159.8316770126403,2,2,0.0,0.0,0.0,0.0,1.0,1.0,0.0013848766684531,0.0014654919505118,2.411087475717068
0,1,1,0.7270772685103435,63.01726552587013,67.3,0,0.254,1,1218,1069.3020798757366,1136.2036352413463,0,1,1069.3020798757366,1,1,66.90155536560974,0.0625656272672586,0.0,0.0,1.0625656272672586,1.0,0.0004424974322318,0.0005010291934012,5.564519576728344
0,8,1,0.6796455483906945,16.240051823561746,17.12,0,0.22,1,1231,2212.6429785075907,2242.855393147507,1,2,2222.433104858226,2,2,30.21241463991646,0.0136544462587879,9.790126350635546,0.0044246299315938,1.013654446258788,1.0044246299315938,0.0012685731053352,0.001327060163021,3.845338352024555
0,5,1,0.5588457142978057,19.55834558607713,20.38,0,0.2,1,1145,2149.8434548039577,2149.8434548039577,2,2,2149.8434548039577,2,2,0.0,0.0,0.0,0.0,1.0,1.0,0.0009077936410903,0.0009173229336737,1.960903644561768
0,4,1,0.7183202405859463,39.7623154020015,37.64,0,0.25,1,1191,2125.545259160099,2127.225280890241,1,2,2125.545259160099,2,2,1.6800217301420162,0.0007903956516107,0.0,0.0,1.0007903956516109,1.0,0.0006771758198737,0.0007532611489295,4.18722414970398
0,2,1,0.6446790002333722,68.77257060293036,78.68,0,0.378,1,1167,2167.3173842288934,2167.3173842288934,1,2,2167.3173842288934,1,2,0.0,0.0,0.0,0.0,1.0,1.0,0.0004247874021529,0.0004291906952857,11.928357288241386
0,3,1,0.6253878577190469,48.02897377209688,54.64,0,0.262,1,1175,1120.1705711929933,1120.1705711929933,1,1,1120.1705711929933,1,1,0.0,0.0,0.0,0.0,1.0,1.0,0.0003549605607986,0.0003615915775298,3.864486075937748
0,3,1,0.7353650660151851,67.03287110828194,63.86,0,0.244,1,1234,1188.377371961599,1188.377371961599,1,1,1188.377371961599,1,1,0.0,0.0,0.0,0.0,1.0,1.0,0.0004856437444686,0.0005050748586654,3.2068110778927803
0,3,1,0.7731106427812994,78.01984483462978,74.16,0,0.328,1,1139,2202.4791852149806,2202.479185214981,2,2,2202.479185214981,2,2,4.547473508864641e-13,2.064706690256766e-16,4.547473508864641e-13,2.064706690256766e-16,1.0000000000000002,1.0000000000000002,0.0007576718926428,0.0007666796445845,7.236510083079338
0,3,1,0.6182838053101166,85.1147887465919,88.86,0,0.304,1,1184,2146.0685744932653,2146.0685744932653,1,2,2146.0685744932653,1,2,0.0,0.0,0.0,0.0,1.0,1.0,0.0004488378763197,0.0004564821720122,7.715703770518303
0,8,1,0.6474869734466396,14.271748053386574,14.12,0,0.22,1,1142,2150.7890871148984,2229.770022082411,1,2,2188.0527382435894,2,2,78.98093496751244,0.0367218410399592,37.26365112869098,0.0173255719735294,1.0367218410399592,1.0173255719735297,0.0016690641641616,0.0017535015940665,3.361021749675274
0,4,1,0.8220818654767017,75.54346191579432,74.56,0,0.304,1,1202,1154.2871703746644,1154.2871703746644,1,1,1154.2871703746644,1,1,0.0,0.0,0.0,0.0,1.0,1.0,0.0008913502097129,0.0008939504623413,8.027994118630886
0,7,1,0.6434180203236982,13.188329244068882,13.96,0,0.202,1,1147,2159.487936918549,2221.9220815274707,1,2,2173.6344178853824,2,2,62.43414460892154,0.0289115505308221,14.146480966833224,0.0065508497292276,1.0289115505308222,1.0065508497292277,0.0009821653366088,0.0010585784912108,1.7632143571972847
0,9,1,0.649297984360044,9.61530056291618,11.24,0,0.234,1,1204,2219.96736911627,2269.172795095016,1,2,2229.810165913943,2,2,49.20542597874601,0.0221649320901206,9.84279679767269,0.0044337574212142,1.0221649320901207,1.0044337574212143,0.0019197389483451,0.0019759833812713,3.850303709506989
0,3,1,0.8149267851706815,60.320898637672805,56.38,0,0.47,1,1203,2140.37298401674,2140.37298401674,1,2,2140.37298401674,1,2,0.0,0.0,0.0,0.0,1.0,1.0,0.0004365891218185,0.0004422590136527,29.95388157665729
0,7,1,0.6958994675452043,13.9208371805804,14.34,0,0.218,1,1142,2137.020223103946,2193.914707913401,1,2,2159.603297159747,2,2,56.89448480945475,0.0266232786168104,22.583074055800807,0.0105675528063088,1.0266232786168104,1.0105675528063087,0.0017989799380302,0.0018778145313262,2.7233650237321854
0,1,1,0.5919693212186637,97.69388725182016,101.66,0,0.252,1,1190,1070.5079349524217,1136.8736207865368,0,1,1070.5079349524217,1,1,66.36568583411508,0.0619945762822063,0.0,0.0,1.0619945762822065,1.0,0.0004316419363021,0.0004887282848357,9.690206617116928
0,3,1,0.7036905258809683,48.267112434830246,43.94,0,0.236,1,1231,1181.6215944970097,1181.6215944970097,1,1,1181.6215944970097,1,1,0.0,0.0,0.0,0.0,1.0,1.0,0.0008143335580825,0.000521920621395,4.003913417458534
0,3,1,0.8353343319351342,31.14310975699812,29.1,0,0.264,1,1174,1118.9608413568744,1145.3009666550058,1,1,1145.3009666550058,1,1,26.3401252981314,0.0235398097275601,26.3401252981314,0.0235398097275601,1.02353980972756,1.02353980972756,0.0007940977811812,0.0007976368069648,6.385192155838013
0,1,1,0.5793386402605647,79.66438662410484,96.08,0,0.282,1,1211,1081.9110275725363,1156.2306827730022,0,1,1081.9110275725363,1,1,74.31965520046583,0.0686929454515455,0.0,0.0,1.0686929454515457,1.0,0.0005644410848616,0.0006363838911055,7.296326003968716
0,5,1,0.7530662688602612,66.30791221755089,58.42,0,0.462,1,1237,1210.3707725021736,1223.7750576440303,1,1,1223.7750576440303,1,1,13.40428514185669,0.0110745281085615,13.40428514185669,0.0110745281085615,1.0110745281085616,1.0110745281085616,0.0008975788950919,0.0009041279554366,26.39347226917744
0,5,1,0.7824600389012335,41.46967286390392,37.48,0,0.278,1,1189,1173.33278858283,1173.33278858283,1,1,1173.33278858283,1,1,0.0,0.0,0.0,0.0,1.0,1.0,0.0012627169489859,0.0012684538960455,4.976098440587521
0,2,1,0.7352206527055236,71.73456584245287,72.84,0,0.31,1,1192,1150.9357937005425,1164.8113818389495,1,1,1164.8113818389495,1,1,13.87558813840701,0.0120559185094014,13.87558813840701,0.0120559185094014,1.0120559185094014,1.0120559185094014,0.0003240853548049,0.0003301501274108,7.67161387950182
0,3,1,0.7295300991482675,46.93698510690236,41.96,0,0.306,1,1176,2138.4146554256217,2155.65063991187,1,2,2138.414655425635,2,2,17.23598448624807,0.0080601694542808,1.318767317570746e-11,6.167032732518678e-15,1.0080601694542808,1.0000000000000062,0.0004103928804396,0.0004667416214942,7.392044931650162
0,2,1,0.6075687231825415,92.82627805628002,104.76,0,0.304,1,1193,1091.941370976189,1186.5758337050092,0,1,1098.4049429092545,1,1,94.63446272882015,0.0866662489802154,6.463571933065396,0.0059193397236034,1.0866662489802157,1.0059193397236037,0.0005705133080481,0.0006295293569564,11.636292830109596
0,6,1,0.6836159746146214,19.7154948435762,19.58,0,0.232,1,1158,2142.1569451674804,2191.0585820430224,1,2,2159.18651553594,2,2,48.90163687554195,0.0228282232008536,17.029570368459645,0.0079497304839763,1.0228282232008536,1.0079497304839764,0.0022156685590743,0.0022931918501853,2.9585336446762085
0,9,1,0.6967006080588924,14.84121611980934,17.12,0,0.212,1,1185,2193.6877905732817,2235.623391578712,1,2,2208.234742824261,2,2,41.93560100543027,0.0191164855754022,14.546952250979302,0.0066312773921113,1.0191164855754022,1.0066312773921111,0.0022078678011894,0.0023001432418823,3.38898091763258
0,3,1,0.7943056403718599,69.5449006976477,72.58,0,0.446,1,1194,2189.9573558945344,2283.0011041581297,1,2,2238.927430853484,2,2,93.04374826359526,0.0424865571072225,48.97007495894968,0.0223612002430736,1.0424865571072226,1.0223612002430735,0.0006740614771842,0.0007535889744757,16.55237854272127
0,2,1,0.6035212068226239,75.13591037550329,80.66,0,0.238,1,1179,1102.1080376035611,1102.3300580318162,1,1,1102.3300580318162,1,1,0.2220204282550639,0.0002014506932894,0.2220204282550639,0.0002014506932894,1.0002014506932897,1.0002014506932897,0.0007546842098235,0.0007748380303381,4.893193669617176
0,2,1,0.6115743121703159,92.01972338189424,105.54,0,0.486,1,1227,1177.5654676103632,1226.5091100346708,1,1,1226.5091100346708,1,1,48.94364242430765,0.0415634151735352,48.94364242430765,0.0415634151735352,1.0415634151735351,1.0415634151735351,0.0011984184384345,0.0012246221303939,29.779878474771976
0,3,1,0.689385256316492,89.55113230704909,76.3,0,0.392,1,1194,1188.4983513117647,1193.203867078195,1,1,1193.203867078195,1,1,4.705515766430153,0.0039592110171937,4.705515766430153,0.0039592110171937,1.0039592110171938,1.0039592110171938,0.0012243911623954,0.001177966594696,18.521383613348007
0,2,1,0.6706462071842866,40.94071060592263,43.58,0,0.22,1,1179,1136.1452760112852,1136.1452760112852,1,1,1136.1452760112852,1,1,0.0,0.0,0.0,0.0,1.0,1.0,0.0003381371498106,0.0003366023302077,2.079453893005848
0,7,1,0.7471130557667809,26.9257288429122,25.02,0,0.258,1,1214,2179.4498243819244,2185.871144439071,1,2,2185.871144439071,1,2,6.421320057146659,0.0029463032299758,6.421320057146659,0.0029463032299758,1.002946303229976,1.002946303229976,0.0009474083781242,0.0009547173976898,7.001875825226307
0,5,1,0.6869886605224789,30.57278396199312,34.14,0,0.218,1,1138,2112.7357849663467,2117.0010067217995,1,2,2114.0340045770263,2,2,4.265221755452785,0.0020188145558961,1.2982196106795527,0.0006144732436101,1.002018814555896,1.0006144732436102,0.0007823929190635,0.0008480176329612,3.44439647346735
0,2,1,0.6895586565645375,82.64562034777792,97.24,0,0.342,1,1218,1139.149015479688,1139.149015479688,1,1,1139.149015479688,1,1,0.0,0.0,0.0,0.0,1.0,1.0,0.0003505647182463,0.0003572255373,8.422063633799553
0,5,1,0.7761740626584412,34.60308712120209,31.78,0,0.2,1,1219,1183.6004137189034,1195.1926786267643,1,1,1195.1926786267643,1,1,11.592264907860908,0.0097940696653169,11.592264907860908,0.0097940696653169,1.009794069665317,1.009794069665317,0.0006839036941527,0.0006905421614645,2.125080332159996
0,2,1,0.7519574977047471,89.78360822172668,81.56,0,0.592,1,1166,2198.594755173067,2226.91813283813,1,2,2198.594755173067,2,2,28.323377665063163,0.0128824912360139,0.0,0.0,1.012882491236014,1.0,0.0004727840423583,0.0005637034773825,48.99467896670103
0,4,1,0.6938010524418123,37.08760346721214,37.58,0,0.29,1,1235,1155.246243355506,1155.246243355506,1,1,1155.246243355506,1,1,0.0,0.0,0.0,0.0,1.0,1.0,0.0004318580031394,0.0004367008805274,5.728765062987804
1,16,1,0.6460275641939545,6.773945369928473,6.86,0,0.202,1,1142,2236.358352543427,2236.358352543427,2,2,2236.358352543427,2,2,0.0,0.0,0.0,0.0,1.0,1.0,0.003089278936386,0.0030991137027739,2.263520769774914
1,11,1,0.5760890517244384,6.276507936918457,7.1,0,0.2,1,1153,2212.1516787578107,2223.0383222195715,2,2,2223.0383222195715,2,2,10.88664346176074,0.0049212915941975,10.88664346176074,0.0049212915941975,1.0049212915941974,1.0049212915941974,0.0023940205574034,0.0024051666259764,2.223944589495659
0,2,1,0.6381200924381085,75.97689034490877,86.44,0,0.22,1,1238,1106.809407250914,1106.809407250914,1,1,1106.809407250914,1,1,0.0,0.0,0.0,0.0,1.0,1.0,0.0005374699831007,0.0005441978573798,2.680955655872822
0,7,1,0.5823046487245993,13.751105242890034,16.06,0,0.222,1,1222,2175.4552584040603,2175.4552584040603,1,2,2175.4552584040603,1,2,0.0,0.0,0.0,0.0,1.0,1.0,0.003986358642578,0.0040252134203909,3.063833050429821
0,9,1,0.7770185484960518,14.06541339568172,12.76,0,0.202,1,1138,2159.016450361927,2193.980320284219,1,2,2162.205933897325,2,2,34.963869922291906,0.0161943508658448,3.1894835353978124,0.0014772854254367,1.0161943508658449,1.0014772854254368,0.0022217482328414,0.0023572072386741,1.916309587657452
0,3,1,0.7451301594462519,45.88616655867956,45.42,0,0.282,1,1221,1128.4690952699773,1128.4690952699773,1,1,1128.4690952699773,1,1,0.0,0.0,0.0,0.0,1.0,1.0,0.0012600347399711,0.001264527440071,7.119783416390419
0,4,1,0.5759862431326414,50.56448592497372,62.64,0,0.412,1,1134,2151.995469317045,2184.400455110769,1,2,2160.860536755309,2,2,32.404985793724336,0.015058110602811,8.865067438264305,0.0041194638021601,1.0150581106028111,1.0041194638021602,0.000830017030239,0.000897817313671,32.92188800126314
0,2,1,0.6618296881481063,34.222004199390355,31.54,0,0.23,1,1202,1141.848434883349,1141.848434883349,1,1,1141.848434883349,1,1,0.0,0.0,0.0,0.0,1.0,1.0,0.0005889609456062,0.000599481165409,2.751654215157032
0,2,1,0.7005902127901149,89.49072153341089,87.52,0,0.306,1,1218,1094.4290445227512,1181.0906226967054,0,1,1094.4290445227512,1,1,86.66157817395424,0.0791842820762718,0.0,0.0,1.0791842820762718,1.0,0.0005570203065871,0.0006131678819656,9.329371728003023
0,4,1,0.6372384003086893,16.650264812396106,18.4,0,0.224,1,1233,1168.06991531019,1168.06991531019,1,1,1168.06991531019,1,1,0.0,0.0,0.0,0.0,1.0,1.0,0.0003993958234786,0.0004058256745338,2.905519239604473
0,2,1,0.7818591691178244,78.24809605834072,74.7,0,0.386,1,1234,1139.6726517228149,1139.6726517228149,1,1,1139.6726517228149,1,1,0.0,0.0,0.0,0.0,1.0,1.0,0.000676080584526,0.0006876662373542,11.813223242759705
1,16,1,0.705848310725973,7.703484030846408,8.16,0,0.21,1,1140,3255.5167306061026,3318.942702120128,2,3,3264.9388620832024,3,3,63.425971514025605,0.0194826126733549,9.42213147709981,0.0028942045938574,1.019482612673355,1.0028942045938574,0.003753289580345,0.0038532018661498,2.815375380218029
1,10,1,0.6205241569764466,14.1990924622306,15.16,0,0.234,1,1218,2202.319769698542,2211.556067607108,1,2,2202.319769918874,2,2,9.23629790856603,0.0041938950172664,2.2033191271475522e-07,1.0004537749071499e-10,1.0041938950172664,1.0000000001000453,0.0014914199709892,0.0017976313829421,3.1812328472733498
0,1,1,0.5787964197971145,91.35516167356889,104.64,0,0.398,1,1238,1109.5174934265192,1218.612503439598,0,1,1109.5174934265192,1,1,109.09501001307876,0.0983265344254834,0.0,0.0,1.0983265344254836,1.0,0.000445045530796,0.0005076229572295,18.63128212839365
0,5,1,0.6942951232338546,82.81976199601101,82.04,0,0.304,1,1222,1202.6901075742094,1202.6901075742094,1,1,1202.6901075742094,1,1,0.0,0.0,0.0,0.0,1.0,1.0,0.000846691429615,0.000854916870594,6.789634250104427
0,4,1,0.6732958657123801,27.915396805762324,27.56,0,0.252,1,1180,1167.8008972228306,1169.948493363542,1,1,1169.948493363542,1,1,2.1475961407113573,0.0018390088120488,2.1475961407113573,0.0018390088120488,1.0018390088120488,1.0018390088120488,0.0009729638695716,0.0009714066982268,5.036097951233387
0,2,1,0.7789982939378846,71.32534749960189,65.34,0,0.258,1,1212,1127.08950424615,1127.0895042461502,1,1,1127.0895042461502,1,1,2.273736754432321e-13,2.0173524337387042e-16,2.273736754432321e-13,2.0173524337387042e-16,1.0000000000000002,1.0000000000000002,0.0003314018249511,0.0003374591469764,3.774298526346684
0,4,1,0.6714367017657272,22.152359297686665,22.68,0,0.21,1,1142,2121.524785263984,2127.4647893434603,1,2,2121.5247852639845,2,2,5.940004079476239,0.0027998749393526,4.547473508864641e-13,2.143492991668628e-16,1.0027998749393527,1.0000000000000002,0.0004829391837119,0.0005575418472289,1.9465243741869929
0,1,1,0.6368408482876959,73.67422917399209,75.82,0,0.356,1,1179,1099.4927300108077,1134.1984052872976,1,1,1134.1984052872976,1,1,34.70567527648996,0.0315651703091741,34.70567527648996,0.0315651703091741,1.0315651703091742,1.0315651703091742,0.0003000125288962,0.0003076940774916,14.416008293628693
0,3,1,0.6628346932841782,39.661575049122334,39.22,0,0.274,1,1173,1136.448571028706,1136.448571028706,1,1,1136.448571028706,1,1,0.0,0.0,0.0,0.0,1.0,1.0,0.0003798007965087,0.0003859996795653,4.511794239282608
0,3,1,0.7441764868032011,21.31566295916983,24.14,0,0.238,1,1147,2155.786182319792,2155.786182319792,1,2,2155.786182319792,1,2,0.0,0.0,0.0,0.0,1.0,1.0,0.0004350468516348,0.0004428178071974,3.186315312981605
0,1,1,0.666542457227365,90.39408300071514,91.76,0,0.204,1,1164,1053.8282416136308,1107.3854399505594,0,1,1053.8282416136308,1,1,53.55719833692865,0.0508215629663913,0.0,0.0,1.0508215629663913,1.0,0.0004551410675048,0.0005191564559935,2.432649031281472
0,3,1,0.621591999258837,98.129267111628,90.44,0,0.44,1,1134,2187.419222206927,2219.556145936552,2,2,2219.556145936552,2,2,32.13692372962532,0.014691707654101,32.13692372962532,0.014691707654101,1.014691707654101,1.014691707654101,0.0010447874665259,0.0010685250163077,17.64388680458069
0,2,1,0.6644100326781335,88.69182837402101,91.44,0,0.254,1,1173,1152.0697135946948,1152.0697135946948,1,1,1152.0697135946948,1,1,0.0,0.0,0.0,0.0,1.0,1.0,0.0005396530032157,0.0005735382437705,4.194961614906788
0,3,1,0.8330374160638656,77.4419740930578,80.74,0,0.22,1,1209,1167.2735044487397,1167.2735044487397,1,1,1167.2735044487397,1,1,0.0,0.0,0.0,0.0,1.0,1.0,0.0003701373934744,0.0003753304481505,3.294094242155552
0,3,1,0.659835459547091,35.00271369744331,35.54,0,0.2,1,1195,1132.9406772243528,1132.9406772243528,1,1,1132.9406772243528,1,1,0.0,0.0,0.0,0.0,1.0,1.0,0.0004345402121543,0.0004409253597259,2.227356925606728
0,5,1,0.7148327074118279,16.32003863405337,16.02,0,0.24,1,1169,2146.4334566621174,2157.798797403671,1,2,2157.798797403671,1,2,11.36534074155361,0.0052949886269605,11.36534074155361,0.0052949886269605,1.0052949886269609,1.0052949886269609,0.0012988820672034,0.0013050362467765,8.667730703949928
0,3,1,0.709668375068904,67.02852101393479,80.1,0,0.364,1,1172,1124.4693931073225,1124.4693931073225,1,1,1124.4693931073225,1,1,0.0,0.0,0.0,0.0,1.0,1.0,0.0012985989451408,0.0013047829270362,13.361012175679209
0,2,1,0.6370293388470858,55.27877057459377,60.58,0,0.224,1,1173,1122.054667817191,1122.054667817191,1,1,1122.054667817191,1,1,0.0,0.0,0.0,0.0,1.0,1.0,0.0003700181841849,0.0003778189420699,3.0260605588555336
0,2,1,0.6597253077384652,88.54725114724936,100.6,0,0.4,1,1225,1200.4171493431977,1200.4171493431977,1,1,1200.4171493431977,1,1,0.0,0.0,0.0,0.0,1.0,1.0,0.0004744306206703,0.000485599040985,13.03372298181057
0,2,1,0.6138654766278302,57.59799071890086,64.92,0,0.326,1,1191,1128.2924720813694,1128.2924720813694,1,1,1128.2924720813694,1,1,0.0,0.0,0.0,0.0,1.0,1.0,0.0005716159939765,0.0005782842636107,8.527981556952
0,9,1,0.7226939901980627,8.639119866750992,8.84,0,0.204,1,1226,2216.283088866124,2216.283088866124,1,2,2216.283088866124,1,2,0.0,0.0,0.0,0.0,1.0,1.0,0.0017911493778228,0.0018022805452346,3.434230253100395
0,2,1,0.8870143376267092,66.0404595595408,61.26,0,0.306,1,1138,1126.496839571582,1137.751462419221,1,1,1126.496839571582,1,1,11.254622847638984,0.0099908161765631,0.0,0.0,1.0099908161765632,1.0,0.0007648169994353,0.000830940902233,8.237668812274933
0,2,1,0.7015994581006564,91.83116155384565,100.46,0,0.312,1,1154,1153.6066487308492,1153.6066487308492,1,1,1153.6066487308492,1,1,0.0,0.0,0.0,0.0,1.0,1.0,0.0003388971090316,0.0003441274166106,6.725405305624008
0,1,1,0.6535873197725479,76.47005557039358,75.7,0,0.396,1,1166,1114.0062512803768,1165.8810245727975,1,1,1165.8810245727975,1,1,51.87477329242074,0.0465659624735487,51.87477329242074,0.0465659624735487,1.0465659624735488,1.0465659624735488,0.0005164369940756,0.000530958175659,18.131291694939137
0,5,1,0.6006856612674686,33.93904124332661,33.4,0,0.242,1,1145,2155.8228272969054,2196.9994272060685,1,2,2155.8228272969054,2,2,41.17659990916309,0.0191001780794726,0.0,0.0,1.0191001780794726,1.0,0.0005911588668822,0.0006767362356185,3.6639244556427
1,10,1,0.7364240273704037,11.551794578794205,11.02,0,0.236,1,1182,2239.477631376413,2349.931166105458,1,2,2272.1086953689155,2,2,110.45353472904526,0.0493211154161691,32.63106399250273,0.0145708372056599,1.0493211154161692,1.01457083720566,0.0032234415411949,0.0033440664410591,3.195581518113613
0,5,1,0.8019261270443422,77.67311467132903,73.46,0,0.384,1,1144,2202.606528095711,2249.0312344764934,1,2,2210.4990683977803,2,2,46.42470638078248,0.0210771673417855,7.892540302069392,0.0035832729093439,1.0210771673417856,1.003583272909344,0.0005301609635352,0.0006107687950133,11.988936990499496
0,3,1,0.6895580553286697,26.66866313636856,27.32,0,0.208,1,1149,2127.6917673030075,2127.6917673030075,1,2,2127.6917673030075,1,2,0.0,0.0,0.0,0.0,1.0,1.0,0.0004225969314575,0.0004316866397857,1.8251386135816567
0,2,1,0.5982088405465324,24.31149648995504,30.6,0,0.216,1,1174,1074.9239831711998,1148.254495181579,0,1,1074.9239831711996,1,1,73.33051201037915,0.068219253787642,-2.273736754432321e-13,-2.1152535342307918e-16,1.068219253787642,0.9999999999999998,0.0005305781960486,0.0005806908011435,4.025037460029125
0,3,1,0.685418409004188,28.688942540348084,30.18,0,0.22,1,1201,1131.9668306008653,1131.9668306008653,1,1,1131.9668306008653,1,1,0.0,0.0,0.0,0.0,1.0,1.0,0.0015328377485274,0.0015631392598151,2.346256487071514
0,2,1,0.8467634210150978,89.03740142554855,78.96,0,0.3,1,1180,2141.4318914553096,2141.4318914553096,1,2,2141.4318914553096,1,2,0.0,0.0,0.0,0.0,1.0,1.0,0.0005604252219199,0.0005652830004691,6.407744266092777
0,2,0,0.2224653782392153,72.71149185917396,69.54,0,0.264,1,1201,1090.6368390091932,1090.6368390091932,1,1,1090.6368390091932,1,1,0.0,0.0,0.0,0.0,1.0,1.0,0.0008712112903594,0.0008781328797339,5.053603276610375
0,2,0,0.1983309989880385,80.90473306363606,80.7,0,0.304,1,1206,1138.826072487053,1138.826072487053,1,1,1138.826072487053,1,1,0.0,0.0,0.0,0.0,1.0,1.0,0.0005045682191848,0.0005180463194846,5.427338607609272
0,2,0,0.1905952213344558,66.63901530340925,68.7,0,0.246,1,1135,1091.977304259485,1091.977304259485,1,1,1091.977304259485,1,1,0.0,0.0,0.0,0.0,1.0,1.0,0.0009675174951552,0.000975266098976,5.377966210246086
0,2,0,0.196949851624358,68.98510854563995,68.28,0,0.228,1,1180,1093.2191177508016,1093.2191177508016,1,1,1093.2191177508016,1,1,0.0,0.0,0.0,0.0,1.0,1.0,0.0003053322434424,0.0003111883997916,2.830998480319977
0,6,0,0.2089526935107163,18.1681015124312,17.32,0,0.21,1,1170,2173.6732372537053,2271.085959707355,1,2,2215.844471787356,2,2,97.41272245364962,0.0448147958875015,42.17123453365048,0.0194009080163912,1.0448147958875016,1.0194009080163913,0.0009245499968528,0.0010158345103263,2.77513337880373
0,1,0,0.1728753813600541,86.70136860808529,86.96,0,0.204,1,1180,1053.8608892358875,1107.348031714455,0,1,1053.8608892358875,1,1,53.48714247856742,0.0507535131295638,0.0,0.0,1.0507535131295638,1.0,0.0004590600728988,0.0005152449011802,2.7250746935606003
1,11,0,0.1652397294316217,10.096001527081876,9.78,0,0.208,1,1191,2193.089450935854,2282.343118514584,1,2,2225.59477577026,2,2,89.25366757873007,0.0406976867909528,32.50532483440611,0.0148217049790354,1.0406976867909528,1.0148217049790356,0.0022334232926368,0.0023459941148757,3.798134632408619
0,2,0,0.2105992563409859,98.61297421668552,92.7,0,0.376,1,1163,1134.7547100296158,1134.7547100296158,1,1,1134.7547100296158,1,1,0.0,0.0,0.0,0.0,1.0,1.0,0.0003809854388236,0.0003595873713492,11.657356522977352
0,3,0,0.1861381468980599,62.1111056072841,60.38,0,0.3,1,1206,1119.3795263776187,1119.3795263776187,1,1,1119.3795263776187,1,1,0.0,0.0,0.0,0.0,1.0,1.0,0.0010439604520797,0.0010332912206649,8.596736043691635
0,3,0,0.207553101681667,57.448460776847575,57.02,0,0.286,1,1207,2165.618266057256,2185.472369510917,1,2,2165.618266057256,2,2,19.85410345366108,0.0091678684858008,0.0,0.0,1.009167868485801,1.0,0.0007563084363936,0.000886060297489,4.168526113033295
0,3,0,0.1957090138994099,58.79797865064764,59.58,0,0.304,1,1219,1194.89710997252,1194.89710997252,1,1,1194.89710997252,1,1,0.0,0.0,0.0,0.0,1.0,1.0,0.0006810501217841,0.0006899386644362,7.272523775696754
0,2,0,0.1939284679226356,78.2106008038959,76.02,0,0.324,1,1187,1104.744698118603,1104.744698118603,1,1,1104.744698118603,1,1,0.0,0.0,0.0,0.0,1.0,1.0,0.0005116164684295,0.0005189329385757,9.086429975926876
0,8,0,0.1787669417727855,15.174655892689746,15.24,0,0.228,1,1150,2264.8516823912128,2276.2191696261148,2,2,2276.2191696261148,2,2,11.367487234902,0.0050190868228953,11.367487234902,0.0050190868228953,1.0050190868228952,1.0050190868228952,0.0022358149290084,0.0022555142641066,2.49032948166132
0,5,0,0.2254960985015201,21.50582383208244,21.74,0,0.214,1,1174,2164.900179038899,2173.1727454800275,1,2,2173.1727454800275,1,2,8.272566441128674,0.0038212230389307,8.272566441128674,0.0038212230389307,1.0038212230389307,1.0038212230389307,0.0005564168095587,0.0005634278059005,2.8334209099411964
0,3,0,0.2204569462333292,40.77470651246174,40.42,0,0.24,1,1173,1112.2118327595822,1112.2118327595822,1,1,1112.2118327595822,1,1,0.0,0.0,0.0,0.0,1.0,1.0,0.0003373026847839,0.0003431662917137,3.392231576144696
0,2,0,0.1740220870427295,83.3456254913328,83.76,0,0.326,1,1180,1126.9234864986474,1126.9234864986474,1,1,1126.9234864986474,1,1,0.0,0.0,0.0,0.0,1.0,1.0,0.0014537051320075,0.0014650151133536,9.433324344456196
1,17,0,0.2080230868998896,6.543912398794259,6.36,0,0.208,1,1152,3293.922039859531,3374.6506129702,2,3,3326.458835299896,3,3,80.72857311066855,0.024508343589732,32.536795440364585,0.0098778280258728,1.024508343589732,1.009877828025873,0.0065148472785948,0.006613254547119,2.7908174097537994
0,2,0,0.2122827056892731,78.67140615489939,77.44,0,0.24,1,1173,1085.0686598014374,1085.0686598014372,1,1,1085.0686598014372,1,1,-2.273736754432321e-13,-2.095477308181036e-16,-2.273736754432321e-13,-2.095477308181036e-16,0.9999999999999998,0.9999999999999998,0.0003556013107299,0.0003620758652687,2.9925465509295464
0,1,0,0.1873198811191937,92.50467586825918,92.28,0,0.232,1,1143,1065.6932148973992,1126.493913779932,0,1,1065.6932148973992,1,1,60.80069888253274,0.0570527221461069,0.0,0.0,1.057052722146107,1.0,0.0003854259848594,0.0004420652985572,3.711041048169136
1,11,0,0.2505893717090791,10.666405976371358,10.18,0,0.214,1,1196,2205.4295093244777,2253.157841497818,1,2,2224.5024903777075,2,2,47.72833217334028,0.0216412866389728,19.0729810532298,0.0086481934573696,1.0216412866389728,1.0086481934573697,0.0019962564110755,0.0020652934908866,2.3634921833872795
0,4,0,0.141145842129764,32.93688962567867,32.94,0,0.238,1,1166,2129.6369494453347,2133.4421438538493,1,2,2129.636949445336,2,2,3.805194408514581,0.0017867807982509,1.3642420526593924e-12,6.405984142107932e-16,1.001786780798251,1.0000000000000009,0.0006057843565939,0.0006615743041037,5.380042403936386
0,4,0,0.1904274910454595,37.44296101312726,36.2,0,0.26,1,1226,1159.54986532706,1215.1521165221948,1,1,1215.1521165221948,1,1,55.60225119513484,0.0479515826423314,55.60225119513484,0.0479515826423314,1.0479515826423316,1.0479515826423316,0.0005795210599898,0.0005860254168509,4.865328408777714
0,2,0,0.1852839190464042,75.25858218499808,75.92,0,0.31,1,1175,1133.7844226012026,1133.7844226012026,1,1,1133.7844226012026,1,1,0.0,0.0,0.0,0.0,1.0,1.0,0.0005537644028663,0.0005577877163886,5.917918466031551
1,14,0,0.2119045967672041,7.875854034261075,7.56,0,0.206,1,1136,3281.079225756365,3282.448115934051,3,3,3282.448115934051,3,3,1.3688901776863531,0.0004172072917168,1.3688901776863531,0.0004172072917168,1.0004172072917168,1.0004172072917168,0.0035309344530105,0.0035459622740745,2.204499378800392
0,9,0,0.2050805516120737,14.060016128193617,14.26,0,0.228,1,1191,2208.728540816021,2243.80230732344,1,2,2208.728540816021,2,2,35.073766507418895,0.0158796184588898,0.0,0.0,1.01587961845889,1.0,0.0031269788742064,0.003312215209007,2.661247067153454
0,2,0,0.2003942724778655,95.79367541408544,97.74,0,0.376,1,1182,1139.3717945593176,1139.3717945593176,1,1,1139.3717945593176,1,1,0.0,0.0,0.0,0.0,1.0,1.0,0.0002916082739829,0.0002980902791022,9.540924161672592
0,6,0,0.1572930442236687,19.135319137522345,18.86,0,0.212,1,1152,2154.3177353533606,2214.531197422893,1,2,2171.479857313076,2,2,60.2134620695324,0.0279501306058068,17.162121959715478,0.0079663838244828,1.0279501306058068,1.0079663838244828,0.0011298432946204,0.0011984258890151,2.0477022603154182
0,6,0,0.220371201048921,17.392312935301476,18.26,0,0.21,1,1194,2141.88900575127,2141.889005751273,1,2,2141.889005751273,1,2,3.183231456205249e-12,1.4861794647891788e-15,3.183231456205249e-12,1.4861794647891788e-15,1.0000000000000016,1.0000000000000016,0.0004970952868461,0.0005044862627982,1.910912930965424
0,5,0,0.2154132220835483,20.27982128760057,20.72,0,0.226,1,1227,1226.0633223633113,1226.9178854088548,1,1,1226.0633223633113,1,1,0.8545630455435003,0.0006969974796214,0.0,0.0,1.0006969974796214,1.0,0.0029384866356849,0.0030924752354621,2.986264057457447
0,3,0,0.2140213470018335,37.32487351588144,39.32,0,0.248,1,1234,1108.350053432714,1213.142943378215,0,1,1109.0159727313926,1,1,104.79288994550096,0.094548549549795,0.6659192986785456,0.0006008203785582,1.094548549549795,1.0006008203785584,0.0007410645484923,0.0008214265108107,4.30061998218298
0,4,0,0.195996774627114,23.20967580008162,23.66,0,0.204,1,1194,2151.7268390264253,2151.7268390264253,1,2,2151.7268390264253,1,2,0.0,0.0,0.0,0.0,1.0,1.0,0.0012763813138007,0.0012921467423438,1.9596069380640984
0,9,0,0.1645883427736253,11.126687437721944,11.24,0,0.208,1,1151,2184.8325172309687,2184.8325172309687,2,2,2184.8325172309687,2,2,0.0,0.0,0.0,0.0,1.0,1.0,0.0013042390346526,0.0013121366500853,1.8145095482468605
0,2,0,0.2180806164713226,94.96435543310643,93.94,0,0.32,1,1229,1108.1529910458598,1108.1529910458598,1,1,1108.1529910458598,1,1,0.0,0.0,0.0,0.0,1.0,1.0,0.0003009811043738,0.0003051161766051,7.333697125315666
0,3,0,0.1915072389447946,43.80057035498552,44.34,0,0.25,1,1172,1169.299929247472,1169.299929247472,1,1,1169.299929247472,1,1,0.0,0.0,0.0,0.0,1.0,1.0,0.000756487250328,0.0007664635777473,3.676429346203804
0,2,0,0.2028317493829995,69.41176120664012,70.18,0,0.292,1,1180,1088.21152855749,1176.2094319445482,0,1,1088.21152855749,1,1,87.99790338705816,0.080864704221344,0.0,0.0,1.0808647042213442,1.0,0.0012462213635443,0.001378871500492,12.887785114347936
0,2,0,0.1844231861744845,98.64697524622524,99.8,0,0.382,1,1134,1121.7121560679575,1122.9015300075266,1,1,1122.9015300075266,1,1,1.1893739395691227,0.0010603200947187,1.1893739395691227,0.0010603200947187,1.0010603200947188,1.0010603200947188,0.0010382831096649,0.0010528713464736,12.937956385314465
0,2,0,0.206841851766493,44.575512081216615,45.56,0,0.212,1,1199,1127.739532791701,1127.739532791701,1,1,1127.739532791701,1,1,0.0,0.0,0.0,0.0,1.0,1.0,0.0003052279353141,0.0003103464841842,2.134580492973328
0,1,0,0.2048797512406011,77.07321620309553,77.44,0,0.204,1,1176,1054.4322480359378,1107.5744295911268,0,1,1054.4322480359378,1,1,53.14218155518893,0.0503988583943401,0.0,0.0,1.05039885839434,1.0,0.000815212726593,0.0009364113211631,2.446703001856804
0,2,0,0.2349791299372706,82.51673373949065,82.6,0,0.352,1,1205,1160.5738641951214,1160.5738641951211,1,1,1160.5738641951211,1,1,-2.273736754432321e-13,-1.9591486803032542e-16,-2.273736754432321e-13,-1.9591486803032542e-16,0.9999999999999998,0.9999999999999998,0.0006252229213714,0.0006356760859488,10.53805472701788
0,3,0,0.211104735840445,45.79767939508005,44.52,0,0.27,1,1154,1147.530608194586,1153.323973703786,1,1,1147.530608194586,1,1,5.79336550919993,0.0050485498755581,0.0,0.0,1.005048549875558,1.0,0.0007400214672088,0.0008094012737273,5.030743211507797
0,5,0,0.2245306399062466,23.750974246741507,23.36,0,0.238,1,1175,1169.569828795211,1169.569828795211,1,1,1169.569828795211,1,1,0.0,0.0,0.0,0.0,1.0,1.0,0.0004263669252394,0.0004320144653319,3.030614659190178
0,9,0,0.2269254000221369,13.13475074298636,13.28,0,0.228,1,1223,2210.346211653564,2210.346211653564,1,2,2210.346211653564,1,2,0.0,0.0,0.0,0.0,1.0,1.0,0.002253122627735,0.0022631734609603,2.7446612119674683
0,2,0,0.2044177666916184,98.52859971283362,95.76,0,0.328,1,1161,2140.5408768631005,2140.5408770772547,1,2,2140.5408770772547,1,2,2.1415416995296255e-07,1.0004675559702424e-10,2.1415416995296255e-07,1.0004675559702424e-10,1.0000000001000469,1.0000000001000469,0.0008401423692702,0.0008453875780104,8.362011417746544
0,6,0,0.2036101543514894,15.773688051493233,16.2,0,0.2,1,1202,2122.436374778976,2132.656310572416,1,2,2132.656310572416,1,2,10.219935793440072,0.004815190653008,10.219935793440072,0.004815190653008,1.004815190653008,1.004815190653008,0.0010492205619811,0.0010645538568495,3.2009865790605545
0,2,0,0.2330642206709909,93.54799856515125,92.54,0,0.33,1,1233,1160.6657322396954,1160.6657322396954,1,1,1160.6657322396954,1,1,0.0,0.0,0.0,0.0,1.0,1.0,0.0003025755286216,0.0003096237778662,6.287127390503883
0,3,0,0.1983062025623521,38.54719259003675,38.5,0,0.262,1,1186,2111.179898220068,2117.1079046990103,1,2,2111.179898220072,2,2,5.92800647894228,0.002807911577758,4.092726157978177e-12,1.938596593037262e-15,1.0028079115777582,1.000000000000002,0.0005595386028289,0.000649757683277,4.923960581421852
0,2,0,0.1825150991130338,56.39750288737418,57.1,0,0.246,1,1189,1108.1299022177654,1108.1299022177654,1,1,1108.1299022177654,1,1,0.0,0.0,0.0,0.0,1.0,1.0,0.0006478503346442,0.000651106238365,4.8313243463635445
0,3,0,0.2026435003772024,41.53838866680629,40.62,0,0.206,1,1229,2132.77032550968,2139.7882041964094,1,2,2132.77032550968,2,2,7.017878686729546,0.0032904990297314,0.0,0.0,1.003290499029731,1.0,0.0019883587956428,0.0021433383226394,1.782915748655796
0,3,0,0.1899478501580364,48.2159371967187,48.4,0,0.246,1,1137,2170.1575276471594,2180.4559341192817,2,2,2180.4559341192817,2,2,10.298406472122224,0.0047454649447902,10.298406472122224,0.0047454649447902,1.0047454649447902,1.0047454649447902,0.0006758496165275,0.0006998553872107,2.550747349858284
0,2,0,0.1911169251620048,57.93696402842693,59.24,0,0.252,1,1233,1079.2639873853334,1198.836697685212,0,1,1102.7055848772986,1,1,119.57271029987852,0.1107909757922711,23.44159749196524,0.0217199848841021,1.1107909757922712,1.021719984884102,0.0012382343411445,0.001367039978504,5.812264479696751
0,2,0,0.1762352206857267,62.77721728983884,62.46,0,0.276,1,1194,1148.905795238373,1148.905795238373,1,1,1148.905795238373,1,1,0.0,0.0,0.0,0.0,1.0,1.0,0.0004422068595885,0.0004498288035392,3.936886437237263
0,1,0,0.2072820533285244,96.2311585686321,100.86,0,0.274,1,1200,1078.348351865582,1150.7204565630427,0,1,1078.348351865582,1,1,72.37210469746083,0.067113845514072,0.0,0.0,1.067113845514072,1.0,0.0004585161805152,0.0005157440900802,5.826270252466202
0,2,0,0.194971334153495,79.24018421695475,80.26,0,0.306,1,1135,2137.8219400494163,2140.715128759457,1,2,2137.8219400494163,2,2,2.893188710040704,0.0013533347449759,0.0,0.0,1.001353334744976,1.0,0.0009070262312888,0.0009663775563239,7.629727318882942
0,2,0,0.1877084276375597,66.75165245228231,69.18,0,0.28,1,1187,1125.4441733481583,1125.4441733481583,1,1,1125.4441733481583,1,1,0.0,0.0,0.0,0.0,1.0,1.0,0.0003076195716857,0.0003120824694632,4.149801753461361
0,3,0,0.1699532591219284,32.82189037845106,33.26,0,0.228,1,1152,2099.4344189051194,2102.0140386912017,1,2,2099.4344189051194,2,2,2.579619786082276,0.0012287212988665,0.0,0.0,1.0012287212988666,1.0,0.0003933310508727,0.000449888408184,2.3101021721959114
0,5,0,0.2020679732539886,26.97204383415134,26.84,0,0.262,1,1197,2161.473562068689,2199.102041399121,1,2,2168.382571985691,2,2,37.62847933043213,0.0174087159754195,6.909009917002095,0.0031964350794046,1.0174087159754197,1.0031964350794047,0.0008784532546996,0.000940755009651,5.785380996763706
0,5,0,0.1884240380952636,25.067671812832863,25.06,0,0.236,1,1163,2162.143011386116,2240.482671575475,1,2,2202.091973895148,2,2,78.33966018935871,0.0362324137565425,39.94896250903184,0.0184765588116306,1.0362324137565426,1.018476558811631,0.0011048167943953,0.0011763349175452,3.464087449014187
0,2,0,0.1676530251654581,67.45362377424617,66.92,0,0.292,1,1214,1102.411745520047,1199.3935469513383,0,1,1106.5881608992656,1,1,96.9818014312914,0.0879723949108884,4.176415379218724,0.0037884351252521,1.0879723949108884,1.0037884351252522,0.0005391091108321,0.0005945041775702,7.17201641947031
0,3,0,0.1887184261127741,44.29907319148501,44.68,0,0.304,1,1221,2136.61271706458,2136.61271706458,1,2,2136.61271706458,1,2,0.0,0.0,0.0,0.0,1.0,1.0,0.0008889883756637,0.0008990392088889,8.947375908493996
0,2,0,0.1941425498168075,58.16447131925833,57.2,0,0.254,1,1173,1111.2643560342983,1111.2643560342983,1,1,1111.2643560342983,1,1,0.0,0.0,0.0,0.0,1.0,1.0,0.0004494488239287,0.0004586055874823,3.776209883391857
0,2,0,0.1893157861638469,64.04534805427366,65.12,0,0.268,1,1157,1084.483792631805,1084.483792631805,1,1,1084.483792631805,1,1,0.0,0.0,0.0,0.0,1.0,1.0,0.0003025531768798,0.0003077089786528,3.767579704523087
0,2,0,0.1828625812812438,71.56844956891328,72.46,0,0.308,1,1183,1095.2581224744863,1095.2581224744863,1,1,1095.2581224744863,1,1,0.0,0.0,0.0,0.0,1.0,1.0,0.0007462948560713,0.0007593557238577,7.103427067399025
0,3,0,0.2077988140560389,37.98354514005914,38.64,0,0.268,1,1236,1150.4016738525502,1150.4016738525502,1,1,1150.4016738525502,1,1,0.0,0.0,0.0,0.0,1.0,1.0,0.0004495382308959,0.0004532560706137,3.833877757191658
0,3,0,0.2257736578408567,65.50200083678499,63.34,0,0.324,1,1141,2191.4112106043235,2196.0811696463425,2,2,2196.0811696463425,2,2,4.669959042018945,0.0021310281792028,4.669959042018945,0.0021310281792028,1.0021310281792029,1.0021310281792029,0.0004768669605254,0.0004898756742477,5.9586000591516495
0,2,0,0.1962332218684473,63.414689905036326,63.52,0,0.238,1,1137,1069.3188680798098,1069.3188680798098,1,1,1069.3188680798098,1,1,0.0,0.0,0.0,0.0,1.0,1.0,0.0005663633346556,0.0005807131528853,4.082454159855843
0,3,0,0.2233274383418517,42.49001117167583,42.26,0,0.236,1,1232,2130.166330966859,2137.1833791339195,1,2,2137.1833791339195,1,2,7.017048167060693,0.0032941315732258,7.017048167060693,0.0032941315732258,1.003294131573226,1.003294131573226,0.0004545226693152,0.0004613697528838,2.92879581451416
0,3,0,0.1638155253619683,34.01695712060135,35.28,0,0.232,1,1169,2126.978909027044,2147.404453788169,1,2,2126.978909027044,2,2,20.42554476112537,0.0096030781849495,0.0,0.0,1.0096030781849494,1.0,0.0004266723990439,0.0004866495728492,2.48354808986187
1,13,0,0.2338839799502682,7.81659537854661,7.56,0,0.206,1,1152,2254.1584935803485,2286.8768997128104,2,2,2286.8768997128104,2,2,32.71840613246195,0.014514687510058,32.71840613246195,0.014514687510058,1.014514687510058,1.014514687510058,0.0018181428313254,0.0018304437398909,1.9461074694991112
0,2,0,0.2173850119549216,71.45833497918512,70.62,0,0.26,1,1152,1137.2832226484666,1137.2832226484666,1,1,1137.2832226484666,1,1,0.0,0.0,0.0,0.0,1.0,1.0,0.0002917125821112,0.0002970620989798,4.202756464481354
0,2,0,0.1655423708914274,92.86534554692076,92.58,0,0.308,1,1150,1123.822504949383,1123.822504949383,1,1,1123.822504949383,1,1,0.0,0.0,0.0,0.0,1.0,1.0,0.0004812926054,0.0006486847996711,5.490457251667976
0,4,0,0.1954003864685165,30.336878424578902,31.02,0,0.204,1,1227,1130.2000891655598,1159.7906957748455,1,1,1159.7906957748455,1,1,29.590606609285715,0.02618174152785,29.590606609285715,0.02618174152785,1.02618174152785,1.02618174152785,0.0007021650671958,0.0006565824151039,2.909747913479805
0,9,0,0.2054092473137978,12.56425632204122,12.2,0,0.216,1,1221,2187.665457612363,2218.715543892175,1,2,2198.715543892175,2,2,31.05008627981215,0.0141932516106463,11.050086279812149,0.0050510859607722,1.0141932516106464,1.0050510859607722,0.0019012987613677,0.0019932314753531,2.390201285481453
0,6,0,0.1452005391384279,17.166779685326414,17.8,0,0.212,1,1229,1186.065574987801,1186.065574987801,1,1,1186.065574987801,1,1,0.0,0.0,0.0,0.0,1.0,1.0,0.0009311735630035,0.0009404942393302,2.243992879986763
0,4,0,0.1720020585888606,30.571408291012705,32.14,0,0.218,1,1169,1145.3957498147986,1145.3957498147986,1,1,1145.3957498147986,1,1,0.0,0.0,0.0,0.0,1.0,1.0,0.0020348802208899,0.0018654763698577,2.278235338628292
0,6,0,0.1737969322456977,17.361854478107535,18.32,0,0.224,1,1166,2177.890276650159,2214.1993494413005,1,2,2184.9668314260703,2,2,36.30907279114126,0.0166716722051712,7.076554775911063,0.0032492705678431,1.0166716722051712,1.003249270567843,0.0009144395589828,0.0009986162185668,2.610755056142807
0,3,0,0.1829087460155909,41.71829062485672,40.76,0,0.266,1,1174,2121.005529881296,2144.147711436485,1,2,2121.030802519787,2,2,23.14218155518938,0.0109109482408961,0.0252726384910602,1.1915404337712695e-05,1.0109109482408962,1.0000119154043376,0.0006938353180884,0.0007580444216727,3.5583678483963013
0,2,0,0.1931442021559173,70.69992799143003,72.68,0,0.312,1,1198,1101.9444826213592,1101.9444826213592,1,1,1101.9444826213592,1,1,0.0,0.0,0.0,0.0,1.0,1.0,0.00063768774271,0.0006444975733756,8.03592849522829
0,2,0,0.1881954331522558,42.40107891729402,44.42,0,0.202,1,1144,1142.7632754500646,1142.7632754500646,1,1,1142.7632754500646,1,1,0.0,0.0,0.0,0.0,1.0,1.0,0.0003565698862075,0.0003634393215179,1.4086465165019035
0,6,0,0.2029836836009744,18.513255521389425,18.78,0,0.228,1,1205,2154.815792280085,2240.489566374012,1,2,2169.081755241324,2,2,85.67377409392702,0.039759210230807,14.265962961238984,0.0066205023243047,1.039759210230807,1.0066205023243049,0.0023937597870826,0.0025152340531348,3.993573546409607
0,5,0,0.2166638210037515,18.94663922216733,18.64,0,0.226,1,1226,1194.470430392838,1194.470430392838,1,1,1194.470430392838,1,1,0.0,0.0,0.0,0.0,1.0,1.0,0.0010190457105636,0.00103110820055,3.596302956342697
0,2,0,0.214903787132851,93.57879297154425,95.04,0,0.394,1,1142,2158.942557955231,2175.276664151162,1,2,2158.942557955231,2,2,16.33410619593087,0.0075657900835495,0.0,0.0,1.0075657900835495,1.0,0.0008980408310889,0.0009801685810088,13.18205300718546
0,3,0,0.190104859316104,42.38922939042801,42.58,0,0.248,1,1172,1117.7104782798929,1117.7104782798929,1,1,1117.7104782798929,1,1,0.0,0.0,0.0,0.0,1.0,1.0,0.0008013397455215,0.0008079037070274,3.074063926935196
0,2,0,0.1655595732634298,76.8927806534838,76.0,0,0.238,1,1228,1103.753426555967,1103.753426555967,1,1,1103.753426555967,1,1,0.0,0.0,0.0,0.0,1.0,1.0,0.0003110393881797,0.0003169775009155,2.6212338283658028
0,7,0,0.191413020927469,16.182610406053392,16.08,0,0.226,1,1187,2096.6326722875338,2183.87613046002,1,2,2132.8563742859064,2,2,87.24345817248604,0.0416112270526143,36.22370199837269,0.0172770855272663,1.0416112270526143,1.0172770855272664,0.0011201798915862,0.0011916235089301,5.609329521656036
0,2,0,0.2054902540990225,76.55923883704199,71.72,0,0.314,1,1222,1113.3101660592051,1215.7682973334192,0,1,1113.3101660592051,1,1,102.45813127421413,0.0920301766729447,0.0,0.0,1.0920301766729448,1.0,0.0005615428090094,0.0006258264183997,11.285999812185764
0,7,0,0.1564260376829375,15.843142927904774,15.46,0,0.2,1,1226,1211.6674952102544,1214.1675860606924,1,1,1214.1675860606924,1,1,2.500090850438028,0.0020633472964496,2.500090850438028,0.0020633472964496,1.0020633472964495,1.0020633472964495,0.0013673380017279,0.0013753846287726,2.408070959150791
0,4,0,0.1809755757978388,30.95683301739989,32.3,0,0.248,1,1188,1183.9577549596297,1183.9577549596293,1,1,1183.9577549596293,1,1,-4.547473508864641e-13,-3.840908588009291e-16,-4.547473508864641e-13,-3.840908588009291e-16,0.9999999999999996,0.9999999999999996,0.0004877001047133,0.0004924461245536,3.275551326572895
0,2,0,0.2103903084754151,52.49205499681357,51.16,0,0.222,1,1187,1118.6740801109022,1118.6740801109022,1,1,1118.6740801109022,1,1,0.0,0.0,0.0,0.0,1.0,1.0,0.0005723983049391,0.0005821138620375,2.072393760085106
0,2,0,0.1937418200186521,94.43214318175266,94.2,0,0.402,1,1139,1114.121511994376,1118.1135120743747,1,1,1118.1135120743747,1,1,3.992000079998661,0.0035830921825148,3.992000079998661,0.0035830921825148,1.0035830921825148,1.0035830921825148,0.0007269382476805,0.0007369592785834,15.197033934295176
0,4,0,0.1581952261211901,31.70484227975352,32.46,0,0.26,1,1171,2177.2974949617465,2190.283829035824,1,2,2177.2974949617483,2,2,12.986334074077604,0.0059644279682165,1.8189894035458565e-12,8.354344813949344e-16,1.0059644279682165,1.0000000000000009,0.0004678964614867,0.0005323961377142,4.774638086557388
0,3,0,0.1972463805788325,46.79724684932005,46.7,0,0.264,1,1203,1139.7199371104962,1139.7199371104962,1,1,1139.7199371104962,1,1,0.0,0.0,0.0,0.0,1.0,1.0,0.0005645379424094,0.0005706772208212,4.37744227796793
0,3,0,0.2195597834147329,36.52240243661548,36.08,0,0.242,1,1189,2153.632417481218,2167.048613024949,1,2,2153.632417481218,2,2,13.416195543731192,0.0062295661203977,0.0,0.0,1.0062295661203975,1.0,0.0004202723503112,0.0004789531230926,3.538532868027687
0,5,0,0.1663799338201571,21.22706554950261,21.78,0,0.22,1,1163,2126.4030081775845,2139.00471665978,1,2,2126.403008177585,2,2,12.60170848219559,0.0059263029791308,4.547473508864641e-13,2.1385755622881732e-16,1.0059263029791308,1.0000000000000002,0.0004970207810401,0.0005713030695914,2.8048232197761536
0,6,0,0.203660174661602,21.679905588614115,22.26,0,0.232,1,1166,2154.4416698638333,2223.1639583897,1,2,2176.628746601464,2,2,68.72228852586659,0.0318979573627584,22.187076737630832,0.0102982953996768,1.0318979573627585,1.0102982953996769,0.0009786635637282,0.0010559186339377,3.0769086703658104
0,7,0,0.1840130700493298,18.406763397118823,17.92,0,0.234,1,1141,2198.018839125159,2206.159528505872,2,2,2206.159528505872,2,2,8.140689380712956,0.0037036485929088,8.140689380712956,0.0037036485929088,1.0037036485929087,1.0037036485929087,0.0017093047499656,0.0017256662249565,2.747365996241569
0,5,0,0.1847779096289757,23.060266835347413,22.36,0,0.24,1,1182,2151.562059765036,2172.9332175203785,1,2,2167.823441976988,2,2,21.371157755342665,0.0099328567625311,16.261382211951968,0.0075579424437925,1.0099328567625312,1.0075579424437926,0.0007577687501906,0.0008206218481062,3.5089569985866547
0,4,0,0.1996285241039137,32.02936736223244,32.24,0,0.236,1,1178,2118.031315597158,2118.031315597158,1,2,2118.031315597158,1,2,0.0,0.0,0.0,0.0,1.0,1.0,0.0007565841078757,0.0007644146680831,2.423913635313511
0,2,0,0.1544477707677929,55.69084659183724,55.52,0,0.216,1,1204,1060.9935505317892,1121.112403973758,0,1,1060.9935505317892,1,1,60.118853441968895,0.0566627887717472,0.0,0.0,1.0566627887717472,1.0,0.0012551322579383,0.001388370990753,3.116446658968925
0,3,0,0.167751900167917,29.135190049181645,30.28,0,0.216,1,1174,2167.466951911459,2171.3682882748417,1,2,2171.3682882748417,1,2,3.9013363633825975,0.0017999519484908,3.9013363633825975,0.0017999519484908,1.0017999519484908,1.0017999519484908,0.000904694199562,0.0009211003780364,2.535864531993866
0,2,0,0.1642802885606824,77.35354961261564,79.22,0,0.396,1,1209,1123.4025155790732,1123.4025155790732,1,1,1123.4025155790732,1,1,0.0,0.0,0.0,0.0,1.0,1.0,0.0002932921051978,0.0002989023923873,13.756293207406998
0,6,0,0.1898465459645441,16.181410821318906,16.62,0,0.2,1,1185,2164.973028104782,2188.708568041075,1,2,2171.8855063461824,2,2,23.735539936293208,0.0109634344761658,6.9124782414005495,0.0031928703737485,1.010963434476166,1.0031928703737485,0.0005329027771949,0.0006170794367788,1.8605530709028244
1,18,0,0.1935552425044567,6.059918832596108,5.78,0,0.206,1,1159,2263.663808568941,2292.4905999121365,2,2,2292.4905999121365,2,2,28.82679134319551,0.0127345727020389,28.82679134319551,0.0127345727020389,1.012734572702039,1.012734572702039,0.0108580812811851,0.0108771622180938,2.553212136030197
1,12,0,0.1634488500083938,8.155572223664258,8.18,0,0.204,1,1228,2214.9111716879715,2214.9111716879715,1,2,2214.9111716879715,1,2,0.0,0.0,0.0,0.0,1.0,1.0,0.0015978589653968,0.0016045346856116,2.218156442046165
0,1,0,0.1596111883183399,78.41035002423975,81.82,0,0.2,1,1221,1054.1218810496189,1106.1218810496189,0,1,1054.1218810496189,1,1,52.0,0.0493301590023177,0.0,0.0,1.049330159002318,1.0,0.0004127323627471,0.0004729554057121,2.6568086594343185
0,2,0,0.1716160283528018,68.58145522381338,69.28,0,0.26,1,1180,1091.8729673158905,1091.8729673158905,1,1,1091.8729673158905,1,1,0.0,0.0,0.0,0.0,1.0,1.0,0.0003364831209181,0.0003428086638449,3.938389413058758
0,2,0,0.1812405312041017,96.14981116072504,96.5,0,0.338,1,1195,1148.2987508930466,1148.2987508930466,1,1,1148.2987508930466,1,1,0.0,0.0,0.0,0.0,1.0,1.0,0.0007030963897705,0.000721625983715,8.008153773844242
1,13,0,0.2080223727398318,7.552753723878965,7.74,0,0.206,1,1181,2187.085605281529,2281.2555898344854,1,2,2225.208044346064,2,2,94.16998455295652,0.0430572924651637,38.12243906453523,0.0174307027454592,1.0430572924651638,1.0174307027454592,0.0026485696434974,0.0027708262205123,2.3206923454999924
0,2,0,0.2160143755974711,86.0687644438249,90.24,0,0.342,1,1218,1117.2581045771817,1117.2581045771817,1,1,1117.2581045771817,1,1,0.0,0.0,0.0,0.0,1.0,1.0,0.0005097612738609,0.0005251020193099,9.24989090114832
0,8,0,0.1966798970707908,14.769977700564406,14.42,0,0.224,1,1189,2193.187667494691,2249.75345477586,1,2,2193.5486128955017,2,2,56.56578728116892,0.0257915855170683,0.3609454008105786,0.0001645757023715,1.0257915855170685,1.0001645757023716,0.0012367665767669,0.0013033673167228,2.6486620903015137
0,2,0,0.1898607724059721,58.4263901824641,59.0,0,0.222,1,1138,1083.2240410112922,1083.2240410112922,1,1,1083.2240410112922,1,1,0.0,0.0,0.0,0.0,1.0,1.0,0.0003630146384238,0.0004807040095328,2.297304436564445
1,10,0,0.1972458244507196,10.788981885058517,10.94,0,0.212,1,1197,2129.089571894668,2129.089571894668,1,2,2129.089571894668,1,2,0.0,0.0,0.0,0.0,1.0,1.0,0.0014298632740973,0.0014336407184599,3.3459687903523445
0,5,0,0.2239203764582616,23.11805080324826,23.5,0,0.226,1,1162,2158.5581170015803,2161.8433183218585,2,2,2161.8433183218585,2,2,3.2852013202782477,0.0015219424922603,3.2852013202782477,0.0015219424922603,1.0015219424922603,1.0015219424922603,0.000559464097023,0.0005717277526855,2.5090255439281464
0,2,0,0.1421418133478753,87.4462054858149,89.4,0,0.348,1,1183,1109.5570363302318,1182.602597935073,1,1,1182.602597935073,1,1,73.04556160484117,0.0658330840264267,73.04556160484117,0.0658330840264267,1.0658330840264267,1.0658330840264267,0.0007910579442977,0.0008132755756377,11.925866469740868
0,2,0,0.2086415734958368,80.08133976731067,79.74,0,0.292,1,1179,1096.1423946483392,1096.1423946483392,1,1,1096.1423946483392,1,1,0.0,0.0,0.0,0.0,1.0,1.0,0.0004533827304839,0.0004604086279868,6.726183295249939
0,1,0,0.1678175137635922,90.01690913857774,89.48,0,0.25,1,1162,1067.7981501818072,1133.7709884786657,0,1,1067.7981501818072,1,1,65.97283829685853,0.0617839975519959,0.0,0.0,1.0617839975519958,1.0,0.0004111006855964,0.0004763305187224,5.771685183048248
0,4,0,0.2195127931317315,28.96151564420297,29.62,0,0.236,1,1170,1127.7483383322774,1127.7483383322774,1,1,1127.7483383322774,1,1,0.0,0.0,0.0,0.0,1.0,1.0,0.0004194751381873,0.000421106815338,3.069484122097492
0,3,0,0.274090736002062,44.21388124795404,43.24,0,0.3,1,1205,1197.1685450889856,1197.1685450889856,1,1,1197.1685450889856,1,1,0.0,0.0,0.0,0.0,1.0,1.0,0.0008567795157431,0.000868260860443,5.813349545001984
0,2,0,0.1854072742338344,53.61357555496457,54.0,0,0.25,1,1149,1121.8717029792745,1121.8717029792745,1,1,1121.8717029792745,1,1,0.0,0.0,0.0,0.0,1.0,1.0,0.0003226026892661,0.0003332719206809,3.3340623304247856
0,2,0,0.2286417736099149,41.96473330826248,41.62,0,0.216,1,1150,2124.304923272723,2124.3049232727244,1,2,2124.3049232727244,1,2,1.3642420526593924e-12,6.422063225074248e-16,1.3642420526593924e-12,6.422063225074248e-16,1.0000000000000009,1.0000000000000009,0.0006472021341323,0.0006580650806426,1.978663504123688
0,2,0,0.1777310897779188,80.55719404898674,82.0,0,0.342,1,1237,1128.9822984749756,1128.9822984749756,1,1,1128.9822984749756,1,1,0.0,0.0,0.0,0.0,1.0,1.0,0.0005318745970725,0.0005426034331321,9.837014891207218
0,4,0,0.1608553517049489,27.76475769734244,27.04,0,0.248,1,1228,1104.1848400863514,1194.7932640279962,0,1,1105.0143723261322,1,1,90.6084239416448,0.0820591088123967,0.8295322397807467,0.0007512621163281,1.0820591088123968,1.000751262116328,0.0015770569443702,0.0016802176833152,6.960738934576511
0,1,0,0.2477329603121094,92.8821937625824,89.76,0,0.21,1,1196,1057.2587475016144,1111.9841659094063,0,1,1057.2587475016144,1,1,54.72541840779195,0.0517616132636522,0.0,0.0,1.0517616132636525,1.0,0.0004138723015785,0.0004785805940627,2.94321858137846
0,7,0,0.1999252404224117,18.95396855184528,19.02,0,0.244,1,1175,2191.099472043563,2231.8150646576605,1,2,2192.7105001370783,2,2,40.71559261409766,0.0185822657225706,1.611028093515415,0.0007352601349553,1.0185822657225707,1.0007352601349553,0.0015700832009314,0.001632586121559,2.90812798589468
0,6,0,0.1936446241528825,17.506408958799618,17.84,0,0.23,1,1152,3128.5005070099746,3203.577777385693,2,3,3191.6257735462086,3,3,75.0772703757184,0.0239978450402977,63.125266536234,0.0201774832367104,1.0239978450402978,1.0201774832367103,0.0023469328880309,0.0025072991847991,2.793712131679058
0,2,0,0.2079381919645137,92.77753408627966,91.64,0,0.334,1,1214,1097.7302098170906,1192.7618342445026,0,1,1097.7302098170908,1,1,95.031624427412,0.0865710204361112,2.273736754432321e-13,2.071307443393748e-16,1.0865710204361112,1.0000000000000002,0.0005393624305724,0.0005957707762717,16.05959501862526
0,7,0,0.2129013660749397,14.35052841970244,14.5,0,0.206,1,1184,2133.878530919017,2144.1682911051475,1,2,2142.188464225057,2,2,10.28976018613048,0.0048220927466283,8.309933306039966,0.0038942860081454,1.0048220927466285,1.0038942860081457,0.0016995966434478,0.0017553716897963,3.4530618488788605
0,5,0,0.1878139146507334,23.32052739793125,23.94,0,0.226,1,1149,2121.217745841436,2121.217745841435,1,2,2121.217745841435,1,2,-9.094947017729282e-13,-4.287606510722234e-16,-9.094947017729282e-13,-4.287606510722234e-16,0.9999999999999996,0.9999999999999996,0.0010501146316528,0.0010523498058318,2.50778853148222
1,12,0,0.2186781420864327,8.298171258097433,8.44,0,0.202,1,1207,2210.6182929263296,2263.3519131750745,1,2,2219.256234770747,2,2,52.73362024874496,0.0238546927877531,8.637941844417583,0.0039074777730998,1.0238546927877532,1.0039074777731,0.0022334754467009,0.0023013502359389,2.8647714108228683
0,2,0,0.1825699389881895,80.68372838755575,81.42,0,0.328,1,1149,2165.5754995937104,2178.514661944539,1,2,2165.575499593714,2,2,12.93916235082861,0.0059749301528652,3.637978807091713e-12,1.679913172167973e-15,1.005974930152865,1.0000000000000018,0.000501088798046,0.0005929246544837,6.520260863006115
0,4,0,0.1641495747455315,27.685713348818243,28.6,0,0.246,1,1227,2155.19206599954,2225.536887043807,1,2,2176.3357871714925,2,2,70.34482104426706,0.0326396993354011,21.14372117195262,0.0098105971646413,1.0326396993354012,1.0098105971646414,0.0009767562150955,0.0010603666305541,3.8377927616238594
0,2,0,0.2210943047723237,75.56223246469983,74.6,0,0.304,1,1200,1110.2287054935657,1110.2287054935657,1,1,1110.2287054935657,1,1,0.0,0.0,0.0,0.0,1.0,1.0,0.0007079988718032,0.000734694302082,6.732153922319412
0,2,0,0.1831797593492492,90.99244772172256,89.66,0,0.412,1,1155,2166.120709388141,2166.120709388141,1,2,2166.120709388141,1,2,0.0,0.0,0.0,0.0,1.0,1.0,0.0003859102725982,0.0004096552729606,13.111829996109009
0,2,0,0.1758056182609613,81.26466721385559,82.1,0,0.296,1,1208,1096.8732528178778,1186.1260748184216,0,1,1096.873252819756,1,1,89.2528220005438,0.0813702237439489,1.87833393283654e-09,1.7124439200345917e-12,1.0813702237439489,1.0000000000017124,0.0005498081445693,0.0006075277924537,6.912768803536892
0,3,0,0.2279690049691681,43.74967382296851,44.46,0,0.29,1,1168,1150.8322720413037,1160.4725230352724,1,1,1160.4725230352724,1,1,9.64025099396872,0.0083767645626318,9.64025099396872,0.0083767645626318,1.0083767645626318,1.0083767645626318,0.000353917479515,0.0003559440374374,5.484238460659981
0,3,0,0.2440399357965018,58.99218274211499,59.86,0,0.342,1,1151,2151.658165866158,2152.6791612267007,1,2,2151.658165866158,2,2,1.0209953605426565,0.000474515597663,0.0,0.0,1.000474515597663,1.0,0.0010172724723814,0.0011104866862296,7.747916623950005
0,6,0,0.1998861816529789,20.285197279755582,19.34,0,0.228,1,1181,2157.79872968526,2169.284235832097,1,2,2165.001723781441,2,2,11.485506146836997,0.0053227884458492,7.202994096181101,0.0033381213906042,1.005322788445849,1.0033381213906043,0.0011075064539909,0.00118188560009,3.1501803249120712
0,8,0,0.1844555317448243,14.07698308850598,14.38,0,0.222,1,1184,2186.354824287178,2186.783997591459,1,2,2186.3548242871825,2,2,0.4291733042809937,0.000196296273374,4.547473508864641e-12,2.0799338965244417e-15,1.000196296273374,1.000000000000002,0.0009003505110739,0.0009562671184538,2.3987580686807632
0,2,0,0.1832388548834177,60.554118862090384,59.36,0,0.214,1,1136,1094.0086602040258,1094.0086602040258,1,1,1094.0086602040258,1,1,0.0,0.0,0.0,0.0,1.0,1.0,0.0005772188305854,0.0005877166986465,1.981368951499462
0,2,0,0.2081432096858838,95.6714875833336,96.36,0,0.376,1,1138,1107.5680170115124,1118.694025035166,1,1,1118.694025035166,1,1,11.12600802365364,0.0100454399664539,11.12600802365364,0.0100454399664539,1.010045439966454,1.010045439966454,0.0004892796277999,0.0004951283335685,13.783876597881315
0,4,0,0.1893063583815029,26.929453195428177,27.68,0,0.244,1,1145,2118.970448610263,2152.5563338337392,1,2,2120.047221315884,2,2,33.58588522347645,0.0158500960905348,1.0767727056213516,0.0005081584343602,1.0158500960905348,1.0005081584343605,0.0004664659500121,0.000535175204277,5.058083079755306
0,2,0,0.1847133649701936,79.84487468350586,79.56,0,0.226,1,1187,1064.0812141279987,1130.2768339646425,0,1,1066.1731167650346,1,1,66.1956198366438,0.0622091800491847,2.0919026370359006,0.001965923849854,1.0622091800491849,1.0019659238498542,0.0007853657007217,0.0008677467703819,3.226128064095974
0,2,0,0.2052610182261359,61.585898878312,57.14,0,0.23,1,1134,1132.9280896045216,1132.9280896045216,1,1,1132.9280896045216,1,1,0.0,0.0,0.0,0.0,1.0,1.0,0.000319130718708,0.0003242269158363,2.827131025493145
0,3,0,0.1910882827532618,42.810031326865214,41.8,0,0.244,1,1211,1106.22389853167,1106.22389853167,1,1,1106.22389853167,1,1,0.0,0.0,0.0,0.0,1.0,1.0,0.0006899908185004,0.0006962493062018,3.176973357796669
0,4,0,0.1775339017606802,29.36031447543922,29.1,0,0.208,1,1142,2131.3434953018213,2135.1118863844986,1,2,2131.3434953018213,2,2,3.768391082677226,0.0017680824752012,0.0,0.0,1.001768082475201,1.0,0.000443436205387,0.0005031749606132,2.5866302996873856
0,2,0,0.146595277872813,79.75210887768844,84.24,0,0.356,1,1229,1120.9975371156822,1120.9975371156825,1,1,1120.9975371156825,1,1,2.273736754432321e-13,2.0283155664040327e-16,2.273736754432321e-13,2.0283155664040327e-16,1.0000000000000002,1.0000000000000002,0.0003006383776664,0.0003052949905395,10.411652371287346
0,9,0,0.2131584228886145,12.871548022653934,12.82,0,0.216,1,1197,2203.5675474676955,2215.342134033832,1,2,2203.6068267698865,2,2,11.77458656613635,0.0053434198464519,0.039279302191062,1.7825322503138676e-05,1.005343419846452,1.0000178253225032,0.0031369403004645,0.0032316371798513,3.7945729568600655
0,4,0,0.1941186340367627,30.32477949764532,28.78,0,0.222,1,1210,1129.8866337529248,1129.8866337529248,1,1,1129.8866337529248,1,1,0.0,0.0,0.0,0.0,1.0,1.0,0.0003753229975699,0.0003808587789535,2.348988935351372
0,2,0,0.1860516789626736,93.01690650952912,93.8,0,0.418,1,1204,1122.0841663329034,1122.0841663329034,1,1,1122.0841663329034,1,1,0.0,0.0,0.0,0.0,1.0,1.0,0.0011163875460624,0.0011271908879279,18.11975435167551
0,2,0,0.2259015557108253,84.59734505407897,80.46,0,0.354,1,1163,2216.789848217684,2221.7233017176486,1,2,2216.7898484394627,2,2,4.933453499964799,0.0022254944481685,2.217789187852759e-07,1.0004508048590525e-10,1.0022254944481686,1.000000000100045,0.0007794275879859,0.0009270608425139,8.776889339089394
0,6,0,0.1958586115112761,20.776808744340613,20.48,0,0.222,1,1164,2180.853380047126,2194.9883626732594,1,2,2180.853380047126,2,2,14.134982626133478,0.0064813997838901,0.0,0.0,1.0064813997838902,1.0,0.000617317855358,0.0007041469216346,2.931869007647037
0,4,0,0.2259399926501229,30.657104461540143,31.56,0,0.264,1,1193,2155.0990619008603,2167.103831900541,1,2,2155.0990619008603,2,2,12.004769999680777,0.0055704028700621,0.0,0.0,1.005570402870062,1.0,0.000526115298271,0.0006120726466178,4.166460819542408
0,6,0,0.1993792018132846,21.592422536838303,22.0,0,0.234,1,1176,1098.1815932950913,1108.1415956148576,1,1,1108.1415956148576,1,1,9.960002319766318,0.0090695403934802,9.960002319766318,0.0090695403934802,1.0090695403934802,1.0090695403934802,0.0010085925459861,0.0010146796703338,5.088485144078732
0,9,0,0.2112060605191053,12.571506555930554,12.5,0,0.218,1,1160,2229.999287828796,2235.3696566116614,2,2,2235.3696566116614,2,2,5.370368782865626,0.0024082378914543,5.370368782865626,0.0024082378914543,1.0024082378914545,1.0024082378914545,0.0022190809249877,0.0022328346967696,2.83810805529356
0,6,0,0.1960175170545826,23.20950629489216,23.6,0,0.266,1,1187,2192.9473261092585,2233.318822827487,1,2,2196.825190417593,2,2,40.37149671822863,0.0184096974138708,3.877864308334665,0.0017683344520704,1.0184096974138708,1.0017683344520705,0.0011681467294692,0.0012259930372237,4.032025881111622
0,2,0,0.1925216724326407,97.04808086317642,100.8,0,0.308,1,1220,1123.6997524188364,1123.6997524188364,1,1,1123.6997524188364,1,1,0.0,0.0,0.0,0.0,1.0,1.0,0.0003038942813872,0.0003093108534811,5.833048515021801
0,2,0,0.1909452050882926,84.4577221473345,81.96,0,0.292,1,1156,1141.933951897941,1141.933951897941,1,1,1141.933951897941,1,1,0.0,0.0,0.0,0.0,1.0,1.0,0.0004596188664435,0.0004736259579657,4.726452074944973
0,5,0,0.1659029853459714,19.96480544282537,20.6,0,0.21,1,1151,2161.623059799652,2161.623059799652,2,2,2161.623059799652,2,2,0.0,0.0,0.0,0.0,1.0,1.0,0.0007392019033431,0.000743269920349,1.9392431899905205
0,4,0,0.1892964418963853,27.70739682516996,27.34,0,0.202,1,1237,1129.5655967000414,1129.5655967009882,1,1,1129.5655967009882,1,1,9.467839845456183e-10,8.381841544321032e-13,9.467839845456183e-10,8.381841544321032e-13,1.0000000000008382,1.0000000000008382,0.001459665596485,0.0014656782150267,2.561109066009521
0,2,0,0.1899108424035382,89.82649176342771,89.48,0,0.346,1,1196,1124.2821752179138,1124.2821752179138,1,1,1124.2821752179138,1,1,0.0,0.0,0.0,0.0,1.0,1.0,0.000304952263832,0.0003103241324424,9.89167946577072
0,6,0,0.1568021406705532,20.52978742870662,20.08,0,0.23,1,1213,2144.194534414477,2144.194534414477,1,2,2144.194534414477,1,2,0.0,0.0,0.0,0.0,1.0,1.0,0.00202888995409,0.002046339213848,3.02492904663086
0,3,0,0.1937390199765201,31.34323290606808,30.54,0,0.21,1,1234,1233.917034453871,1233.917034453871,1,1,1233.917034453871,1,1,0.0,0.0,0.0,0.0,1.0,1.0,0.0005773901939391,0.000648871064186,2.035710372030735
1,12,0,0.2056324870977587,9.04583809533745,9.54,0,0.214,1,1184,2220.3217357457243,2292.9837600528176,1,2,2235.527505983454,2,2,72.66202430709336,0.0327258987457909,15.205770237729666,0.0068484535339751,1.032725898745791,1.0068484535339752,0.0018423572182654,0.0019089803099631,2.7771225050091743
0,2,0,0.2091497848940653,51.66322115080568,52.66,0,0.2,1,1211,1062.516248079061,1160.1020411686009,0,1,1081.2355566226702,1,1,97.58579308953996,0.0918440478119433,18.71930854360926,0.0176179033284923,1.091844047811943,1.0176179033284922,0.0010891482234,0.0011922419071196,3.388993963599205
0,5,0,0.1958289822223142,23.56668808747974,22.86,0,0.212,1,1214,1194.9039434608485,1194.9039434608485,1,1,1194.9039434608485,1,1,0.0,0.0,0.0,0.0,1.0,1.0,0.0004270523786544,0.0004336163401603,2.159323416650296
0,2,0,0.1973253473880911,85.03446548883306,87.34,0,0.334,1,1146,1143.9643932409572,1145.4756731368398,1,1,1145.4756731368398,1,1,1.5112798958825806,0.0013210899786845,1.5112798958825806,0.0013210899786845,1.0013210899786846,1.0013210899786846,0.0014847815036773,0.0015209838747977,7.5144504234194756
0,2,0,0.1691846104522107,74.55702285951168,75.86,0,0.32,1,1237,1150.1221414218653,1150.1221414218653,1,1,1150.1221414218653,1,1,0.0,0.0,0.0,0.0,1.0,1.0,0.0003198385238647,0.0003249272704124,6.3013404086232185
0,2,0,0.1798161972804476,58.2478579514171,56.06,0,0.204,1,1236,1067.150192223394,1154.3632855164678,0,1,1077.5050264947,1,1,87.21309329307383,0.0817252284904399,10.35483427130589,0.0097032585916811,1.08172522849044,1.0097032585916812,0.0005699172616004,0.0006491169333457,2.420964151620865
0,2,0,0.1989524608590549,77.77121744535609,76.96,0,0.252,1,1236,1087.211917219464,1223.7922122935963,0,1,1112.5685673999396,1,1,136.5802950741322,0.1256243542872812,25.35665018047553,0.0233226381893651,1.1256243542872812,1.0233226381893652,0.0004241690039634,0.0004800781607627,4.230763532221317
0,4,0,0.2118418800559139,38.76248691391161,38.56,0,0.256,1,1207,2131.659463570434,2168.593335251782,1,2,2135.762041264632,2,2,36.93387168134768,0.017326347060841,4.102577694197862,0.0019245933810301,1.0173263470608411,1.00192459338103,0.0018423870205878,0.0020028576254843,5.279540829360485
0,8,0,0.2296280367894252,12.779526191808,12.12,0,0.21,1,1151,2196.83028670028,2248.7386905238363,1,2,2200.816784621986,2,2,51.908403823556455,0.0236287728450452,3.986497921705904,0.0018146590320792,1.0236287728450453,1.0018146590320791,0.0005774125456809,0.0006466358900069,1.9335011765360832
0,7,0,0.1890714660992352,13.755166125314412,13.82,0,0.212,1,1185,1179.7622862765152,1179.7622862765152,1,1,1179.7622862765152,1,1,0.0,0.0,0.0,0.0,1.0,1.0,0.0011817887425422,0.0011842176318168,2.216456912457943
0,2,0,0.150041512050364,59.3891304386852,59.78,0,0.254,1,1188,1115.210738169215,1115.210738169215,1,1,1115.210738169215,1,1,0.0,0.0,0.0,0.0,1.0,1.0,0.0004663988947868,0.0004693046212196,3.3363286331295967
0,3,0,0.1449872100128151,47.14932693222605,44.24,0,0.264,1,1214,2129.304328807357,2144.537080646506,1,2,2129.304328807357,2,2,15.232751839149389,0.0071538631810706,0.0,0.0,1.0071538631810706,1.0,0.0007437318563461,0.0007983073592185,5.306180842220783
0,2,0,0.1911014362579202,54.42489849621452,53.06,0,0.208,1,1238,1085.1639915622786,1085.1639915622786,1,1,1085.1639915622786,1,1,0.0,0.0,0.0,0.0,1.0,1.0,0.0004633665084838,0.0004616379737853,2.197703376412392
1,12,0,0.2025702974872127,8.1424462971907,8.12,0,0.208,1,1190,2230.742507479321,2307.4720539635928,1,2,2234.734507782494,2,2,76.72954648427185,0.0343964156450195,3.992000303172972,0.0017895388148961,1.0343964156450196,1.001789538814896,0.004763051867485,0.0049413815140724,2.875115245580673
0,5,0,0.2432879546590291,22.7764930462983,22.02,0,0.226,1,1186,2167.0976371058773,2197.257768706295,1,2,2187.861510229556,2,2,30.16013160041757,0.0139172924578958,20.763873123678422,0.0095814202222139,1.013917292457896,1.009581420222214,0.0007098466157913,0.0007676258683204,2.4523272067308426
0,3,0,0.1892607287359777,31.476321577455604,32.38,0,0.22,1,1222,2135.694605310343,2152.307196199211,1,2,2135.694605310343,2,2,16.612590888868,0.0077785423288335,0.0,0.0,1.0077785423288337,1.0,0.0006167590618133,0.0007050111889839,2.431241899728775
0,3,0,0.1658034585306752,44.274083019475,43.82,0,0.256,1,1150,2176.189405587113,2185.544292020495,1,2,2176.189405587113,2,2,9.354886433382037,0.0042987464277532,0.0,0.0,1.0042987464277533,1.0,0.0004284605383872,0.0004925951361655,3.718319930136204
1,10,0,0.192965261981138,11.0913973032869,10.48,0,0.214,1,1211,1171.6562245048804,1171.6562245048804,1,1,1171.6562245048804,1,1,0.0,0.0,0.0,0.0,1.0,1.0,0.0009445995092391,0.0009490400552748,2.450080670416355
0,6,0,0.2072253341895942,17.151601724756127,16.76,0,0.21,1,1217,2127.2888319106046,2205.8188918899896,1,2,2159.3232248541167,2,2,78.53005997938499,0.03691556068992,32.0343929435121,0.0150587886623466,1.03691556068992,1.0150587886623468,0.0015741735696791,0.001723326742649,2.4965037256479263
0,2,0,0.1792170744238342,81.47678132476366,82.56,0,0.324,1,1181,1135.386893614762,1135.386893614762,1,1,1135.386893614762,1,1,0.0,0.0,0.0,0.0,1.0,1.0,0.0003280267119407,0.0003369078040122,6.406004719436169
0,1,0,0.1937757586689108,95.5373576169896,96.84,0,0.24,1,1185,1069.2262167085787,1132.0570194488078,0,1,1069.2262167085785,1,1,62.830802740229046,0.0587628714657244,-2.273736754432321e-13,-2.1265254432608394e-16,1.0587628714657245,0.9999999999999998,0.0004220530390738,0.0004765912890433,4.25874837487936
1,14,0,0.1676945118719022,7.063936947682077,7.12,0,0.216,1,1169,2256.9778633868555,2282.729159662961,2,2,2282.729159662961,2,2,25.75129627610568,0.0114096361749259,25.75129627610568,0.0114096361749259,1.011409636174926,1.011409636174926,0.0023129805922507,0.0023196563124656,2.763055883347988
0,2,0,0.1909724635741892,85.14957441931656,82.64,0,0.4,1,1176,1142.856325785994,1142.8563257859942,1,1,1142.8563257859942,1,1,2.273736754432321e-13,1.9895210825110227e-16,2.273736754432321e-13,1.9895210825110227e-16,1.0000000000000002,1.0000000000000002,0.0011174604296683,0.0011256858706473,11.946540758013724
0,2,0,0.1852150858000085,54.800744895010574,55.08,0,0.214,1,1156,1133.4340646905912,1133.4340646905912,1,1,1133.4340646905912,1,1,0.0,0.0,0.0,0.0,1.0,1.0,0.0004936680197715,0.0004909485578536,2.261072292923928
1,11,0,0.1827944204443159,8.630625102822037,8.74,0,0.202,1,1232,2196.067898919615,2242.534446664761,1,2,2211.9991712149176,2,2,46.46654774514627,0.0211589758986988,15.931272295302731,0.0072544534270276,1.0211589758986988,1.0072544534270276,0.0024665668606758,0.0025634318590164,4.008881755173206
0,2,0,0.2261629627542003,54.4900993986758,53.28,0,0.234,1,1143,1114.6531669651897,1114.6531669651897,1,1,1114.6531669651897,1,1,0.0,0.0,0.0,0.0,1.0,1.0,0.0003239661455154,0.0003308802843093,2.8026647716760635
1,15,0,0.2002935086055712,6.323890750309165,6.56,0,0.202,1,1236,2235.100668554183,2253.0416175013697,1,2,2242.4922117443903,2,2,17.940948947186826,0.0080269086755686,7.391543190207358,0.0033070292064243,1.0080269086755689,1.0033070292064243,0.0024260953068732,0.0024879425764082,3.2547991946339607
0,2,0,0.1957107515609257,86.9761402091932,88.12,0,0.366,1,1159,2135.99272975286,2135.9927299665587,1,2,2135.9927299665587,1,2,2.136989678547252e-07,1.0004667379155864e-10,2.136989678547252e-07,1.0004667379155864e-10,1.0000000001000466,1.0000000001000466,0.0003899559378623,0.0003973618149756,9.490153789520264
0,5,0,0.1783468231181777,21.7151035905624,21.46,0,0.206,1,1165,2226.641831203588,2232.047970326215,2,2,2232.047970326215,2,2,5.4061391226268825,0.0024279338719261,5.4061391226268825,0.0024279338719261,1.0024279338719262,1.0024279338719262,0.000962920486927,0.0009795278310775,1.6673572957515717
0,2,0,0.1901660443853456,91.56937821878157,91.08,0,0.29,1,1153,2103.6071126032,2103.6071126032,1,2,2103.6071126032,1,2,0.0,0.0,0.0,0.0,1.0,1.0,0.0005205199122427,0.0005321204662322,4.695292145013809
0,1,0,0.1774755814451149,79.91490330568678,84.16,0,0.254,1,1159,1067.7162561700902,1135.0444450444593,0,1,1067.7162561700902,1,1,67.32818887436906,0.0630581284918111,0.0,0.0,1.063058128491811,1.0,0.0004574209451674,0.0004764348268508,4.787011116743088
0,3,0,0.1997852369600691,63.88088341392411,65.36,0,0.304,1,1154,2150.947847146969,2167.755408827131,1,2,2150.947847146969,2,2,16.807561680162053,0.0078140256642929,0.0,0.0,1.007814025664293,1.0,0.0006905123591422,0.000748798251152,4.555282182991505
0,3,0,0.2074383362425433,37.08765241566852,37.22,0,0.204,1,1186,1107.6269485540083,1107.6269485540083,1,1,1107.6269485540083,1,1,0.0,0.0,0.0,0.0,1.0,1.0,0.0003518089652061,0.0003569051623344,2.2132787629961967
0,9,0,0.1671805299262566,11.963544981970136,12.12,0,0.216,1,1180,2188.449156547489,2251.331710949739,1,2,2211.927458074818,2,2,62.88255440224975,0.0287338429655152,23.478301527328767,0.0107282828376823,1.0287338429655153,1.0107282828376822,0.0013212040066718,0.0013776421546935,2.929018579423428
0,6,0,0.184357117442227,16.079644614609762,16.42,0,0.222,1,1149,2157.801490145128,2157.801490145128,2,2,2157.801490145128,2,2,0.0,0.0,0.0,0.0,1.0,1.0,0.0006281360983847,0.0006376430392264,2.43952913582325
0,3,0,0.1997379120454681,54.98645380089128,55.74,0,0.282,1,1233,1212.5480419816745,1222.9220956916463,1,1,1222.9220956916463,1,1,10.374053709971804,0.0085555815941258,10.374053709971804,0.0085555815941258,1.0085555815941258,1.0085555815941258,0.0003575384616851,0.0003608539700507,5.517048262059689
0,2,0,0.1978070494721834,87.34569455936764,86.6,0,0.356,1,1188,1175.968482078884,1175.968482078884,1,1,1175.968482078884,1,1,0.0,0.0,0.0,0.0,1.0,1.0,0.0004685819149017,0.0004783198237418,8.780392155051231
0,2,0,0.1932231384858609,49.64300115520833,53.34,0,0.214,1,1182,1100.367021247807,1100.367021247807,1,1,1100.367021247807,1,1,0.0,0.0,0.0,0.0,1.0,1.0,0.0004251897335052,0.0004261061549186,1.89731415361166
0,4,0,0.2038598132119053,41.60151466644411,42.02,0,0.282,1,1163,2150.67361050608,2151.883884969897,1,2,2151.883884969897,1,2,1.2102744638168588,0.0005627420441226,1.2102744638168588,0.0005627420441226,1.0005627420441228,1.0005627420441228,0.0004561990499495,0.0004587247967719,4.7550327107310295
0,5,0,0.1786912453324377,20.22843254563294,21.38,0,0.2,1,1186,1110.8349375954235,1110.8349375954235,1,1,1110.8349375954235,1,1,0.0,0.0,0.0,0.0,1.0,1.0,0.0003909617662429,0.0003895312547683,2.1303685307502747
0,7,0,0.1974894762057271,14.759079893099951,15.3,0,0.218,1,1173,2255.868738118806,2289.7555787603,2,2,2289.7555787603,2,2,33.88684064149402,0.0150216367064657,33.88684064149402,0.0150216367064657,1.0150216367064655,1.0150216367064655,0.00070321559906,0.0007141903042793,2.4504665061831474
1,10,0,0.1881640264731576,10.17654357501123,10.14,0,0.204,1,1148,3214.890416443025,3245.454072489638,2,3,3245.454072489638,2,3,30.563656046612778,0.0095069044625255,30.563656046612778,0.0095069044625255,1.0095069044625256,1.0095069044625256,0.0022967383265494,0.0023122504353522,1.9716638252139087
1,19,0,0.2127993534172856,5.559055199441669,5.76,0,0.21,1,1182,2232.626054505785,2313.751664403848,1,2,2247.6761312360413,2,2,81.12560989806298,0.0363364074043384,15.050076730256478,0.0067409751399626,1.0363364074043384,1.0067409751399627,0.0057694241404532,0.0058379992842673,2.723729267716408
0,2,0,0.2101521295286631,92.39716999990227,91.6,0,0.348,1,1162,1143.9485760369575,1143.9485760369575,1,1,1143.9485760369575,1,1,0.0,0.0,0.0,0.0,1.0,1.0,0.0003698840737342,0.0003314986824988,7.757561162114143
0,2,0,0.1987878583449663,51.81545958625983,54.66,0,0.24,1,1216,1158.2595320777134,1158.2595320777134,1,1,1158.2595320777134,1,1,0.0,0.0,0.0,0.0,1.0,1.0,0.0006464794278144,0.0006562396883964,2.88821180164814
0,2,0,0.1809956271347946,56.95372093726862,55.22,0,0.242,1,1183,1138.6133156646947,1138.6133156646947,1,1,1138.6133156646947,1,1,0.0,0.0,0.0,0.0,1.0,1.0,0.0005741938948631,0.0005841925740241,2.5822204500436783
0,8,0,0.2157948753001418,13.232104553918637,13.04,0,0.212,1,1143,3201.0849942350687,3225.1634565255044,2,3,3225.1634565255044,2,3,24.07846229043571,0.0075219690616773,24.07846229043571,0.0075219690616773,1.0075219690616772,1.0075219690616772,0.0012976750731467,0.0013113766908644,2.474429592490196
0,2,0,0.2194636492213716,84.33240034349946,88.28,0,0.342,1,1154,1135.200468993243,1142.2584030752037,1,1,1142.2584030752037,1,1,7.057934081960639,0.0062173459884314,7.057934081960639,0.0062173459884314,1.0062173459884314,1.0062173459884314,0.0006003752350806,0.0006055161356925,9.449078261852264
0,2,0,0.212582642472531,61.72058496383016,64.02,0,0.286,1,1140,1122.562815501373,1122.562815501373,1,1,1122.562815501373,1,1,0.0,0.0,0.0,0.0,1.0,1.0,0.0004430338740348,0.0004571005702018,4.786623381078243
0,3,0,0.1842118639696763,45.44951937528118,46.38,0,0.24,1,1230,1221.327557855905,1221.327557855905,1,1,1221.327557855905,1,1,0.0,0.0,0.0,0.0,1.0,1.0,0.0003530681133269,0.0003573447465895,3.376950152218342
0,2,0,0.2510277656289771,60.81593689984469,62.7,0,0.26,1,1235,1106.581896721793,1106.581896723672,1,1,1106.581896723672,1,1,1.878788680187426e-09,1.697830667348948e-12,1.878788680187426e-09,1.697830667348948e-12,1.0000000000016978,1.0000000000016978,0.0005223155021667,0.0005292370915412,5.694430194795132
0,5,0,0.2030327101524928,24.730619588530413,23.32,0,0.204,1,1179,2163.878896191298,2252.444510764694,1,2,2184.748512563206,2,2,88.56561457339603,0.0409290994654473,20.86961637190825,0.0096445399086988,1.0409290994654474,1.0096445399086988,0.0010260790586471,0.0010922402143477,2.120879478752613
0,2,0,0.1910287814574024,84.2644603542092,84.3,0,0.364,1,1143,1122.5788555562403,1136.4229702896514,1,1,1136.4229702896514,1,1,13.84411473341106,0.0123324207158269,13.84411473341106,0.0123324207158269,1.0123324207158269,1.0123324207158269,0.0008987411856651,0.0009121447801589,13.37174926698208
0,3,0,0.2111682383061179,50.510112296421774,49.88,0,0.29,1,1206,1179.4698515723028,1179.4698515723028,1,1,1179.4698515723028,1,1,0.0,0.0,0.0,0.0,1.0,1.0,0.0011292323470115,0.0011499300599097,5.957725286483765
0,4,0,0.1926281993759348,25.21905522710892,26.9,0,0.22,1,1237,1137.3630734052686,1137.3630734052686,1,1,1137.3630734052686,1,1,0.0,0.0,0.0,0.0,1.0,1.0,0.0003903135657309,0.0003923252224921,2.450127273797989
0,3,0,0.1654578363990895,44.16070468536767,45.44,0,0.26,1,1138,2211.3151160297944,2211.3151160297944,2,2,2211.3151160297944,2,2,0.0,0.0,0.0,0.0,1.0,1.0,0.000514969229698,0.0005226060748099,3.1150446608662605
0,2,0,0.182874683154182,75.96802384628282,78.62,0,0.338,1,1199,1119.195393855971,1119.195393855971,1,1,1119.195393855971,1,1,0.0,0.0,0.0,0.0,1.0,1.0,0.0004758164286612,0.0004809424281119,10.43482082337141
0,5,0,0.215469672229502,23.595727727939213,23.28,0,0.224,1,1237,1213.6242096390224,1213.6242096390224,1,1,1213.6242096390224,1,1,0.0,0.0,0.0,0.0,1.0,1.0,0.0009238123893736,0.0009289160370825,2.9679983779788017
0,2,0,0.2171940345210377,49.75702341175434,48.3,0,0.236,1,1134,2129.310504239016,2129.310504239018,1,2,2129.310504239018,1,2,1.8189894035458565e-12,8.542621660507594e-16,1.8189894035458565e-12,8.542621660507594e-16,1.0000000000000009,1.0000000000000009,0.0020757317543028,0.0020994842052458,2.96844694763422
0,2,0,0.1765118944662582,55.5213731970209,56.52,0,0.202,1,1134,1077.3053289055242,1077.3053289055242,1,1,1077.3053289055242,1,1,0.0,0.0,0.0,0.0,1.0,1.0,0.000589907169342,0.0005999132990836,1.8998950272798536
0,2,0,0.1936959377177438,70.56479119308682,72.18,0,0.348,1,1206,1154.5413705925544,1154.5413705925544,1,1,1154.5413705925544,1,1,0.0,0.0,0.0,0.0,1.0,1.0,0.0003207474946974,0.0003268346190451,9.802170403301716
0,2,0,0.1932182286916302,71.74224640562294,71.36,0,0.3,1,1166,1113.079131530083,1113.079131530083,1,1,1113.079131530083,1,1,0.0,0.0,0.0,0.0,1.0,1.0,0.0020813345909117,0.0022330954670905,6.305001139640808
0,2,0,0.1930011439070586,79.00606859478424,79.38,0,0.354,1,1227,1120.7954550229092,1120.7954550229092,1,1,1120.7954550229092,1,1,0.0,0.0,0.0,0.0,1.0,1.0,0.0008014440536498,0.0008058249950408,11.501763679087162
0,2,0,0.1997593168092546,75.18370990240533,73.08,0,0.312,1,1223,1116.3324945099575,1221.1568731780246,0,1,1118.792464885374,1,1,104.82437866806708,0.0939006785017777,2.4599703754165603,0.0022036179968911,1.0939006785017775,1.0022036179968912,0.0006990954279899,0.0007701218128203,10.884759046137331
0,3,0,0.1577874485031427,42.97927456658653,43.74,0,0.272,1,1229,1136.7589198845676,1136.7589198845676,1,1,1136.7589198845676,1,1,0.0,0.0,0.0,0.0,1.0,1.0,0.0005424171686172,0.000545784831047,5.250633768737316
0,8,0,0.1943796042574725,11.972751327423063,12.08,0,0.2,1,1154,2200.201849567409,2201.140962772383,2,2,2201.140962772383,2,2,0.939113204973637,0.000426830477012,0.939113204973637,0.000426830477012,1.000426830477012,1.000426830477012,0.0014451816678046,0.0014573708176612,1.9503581002354624
0,2,0,0.1967627903194713,71.87444902859366,72.94,0,0.272,1,1159,1115.8261362890316,1115.8261362890316,1,1,1115.8261362890316,1,1,0.0,0.0,0.0,0.0,1.0,1.0,0.0003370717167853,0.0003438815474509,4.550232693552971
0,6,0,0.2047839090314322,16.35146734743542,16.06,0,0.2,1,1173,2176.774343436793,2179.881556979793,2,2,2179.881556979793,2,2,3.1072135429999435,0.0014274394368752,3.1072135429999435,0.0014274394368752,1.0014274394368752,1.0014274394368752,0.0017609596252441,0.0017728880047797,1.9224195182323456
0,5,0,0.2006846990243565,27.609815926241204,27.0,0,0.24,1,1143,2105.5032549107164,2105.5032549107164,1,2,2105.5032549107164,1,2,0.0,0.0,0.0,0.0,1.0,1.0,0.0015099197626113,0.0015093982219696,3.341886930167675
0,5,0,0.1881635784533104,19.939214364210684,20.56,0,0.204,1,1212,1177.5654676103632,1208.6168871099371,1,1,1208.6168871099371,1,1,31.051419499573967,0.0263691661768807,31.051419499573967,0.0263691661768807,1.0263691661768808,1.0263691661768808,0.0007094219326972,0.0007166862487792,2.448746740818024
0,2,0,0.1989824273025012,77.59185925033978,74.78,0,0.256,1,1187,1125.6375526195409,1125.6375526195409,1,1,1125.6375526195409,1,1,0.0,0.0,0.0,0.0,1.0,1.0,0.0007426589727401,0.0007347762584686,3.6860071793198586
0,2,0,0.2218739085389878,81.99983945407605,78.12,0,0.318,1,1232,1126.0825961711053,1126.0825961711053,1,1,1126.0825961711053,1,1,0.0,0.0,0.0,0.0,1.0,1.0,0.0004988759756087,0.0005057752132415,8.622322984039783
0,2,0,0.2257414418558729,53.33468437645687,52.28,0,0.258,1,1189,1103.0877932979893,1103.0877932998674,1,1,1103.0877932998674,1,1,1.8781065591610972e-09,1.7025902839029452e-12,1.8781065591610972e-09,1.7025902839029452e-12,1.0000000000017026,1.0000000000017026,0.0003620982170104,0.000368982553482,5.602821685373783
0,2,0,0.1878087027896668,85.79994515539693,84.0,0,0.302,1,1143,1107.149730255555,1107.149730255555,1,1,1107.149730255555,1,1,0.0,0.0,0.0,0.0,1.0,1.0,0.0006903260946272,0.000700071454048,8.405853934586048
0,4,0,0.2024834970734647,27.0893366210606,27.24,0,0.228,1,1232,1174.559229319353,1174.559229319353,1,1,1174.559229319353,1,1,0.0,0.0,0.0,0.0,1.0,1.0,0.0007108077406882,0.0007091462612151,3.3831543624401093
0,2,0,0.2090766470895054,96.31044778596444,97.34,0,0.338,1,1166,1109.5570363302318,1109.5570363302318,1,1,1109.5570363302318,1,1,0.0,0.0,0.0,0.0,1.0,1.0,0.0007858127355575,0.000799998641014,10.50666770339012
1,13,0,0.164965688995679,7.686562378893445,7.58,0,0.21,1,1237,2243.905592972472,2359.6493137318835,1,2,2272.874142400186,2,2,115.74372075941164,0.051581368272311,28.96854942771415,0.0129098788819095,1.0515813682723112,1.0129098788819095,0.0020371749997138,0.0021047517657279,3.2726907059550285
0,2,0,0.1916259752871083,60.34201372690924,61.72,0,0.238,1,1163,1074.9775470265304,1074.9775470265304,1,1,1074.9775470265304,1,1,0.0,0.0,0.0,0.0,1.0,1.0,0.0005379691720008,0.0005443915724754,4.989421404898167
0,4,0,0.1604179763080467,28.14822481519561,27.52,0,0.22,1,1153,1124.4212014466266,1143.4469533782008,1,1,1143.4469533782008,1,1,19.025751931574177,0.0169204848744372,19.025751931574177,0.0169204848744372,1.016920484874437,1.016920484874437,0.0005193650722503,0.0005233585834503,2.840696483850479
0,6,0,0.1927658873896232,18.95331184118301,18.16,0,0.224,1,1229,2168.1403626542583,2208.256569346682,1,2,2208.256569346682,1,2,40.11620669242393,0.0185025874631628,40.11620669242393,0.0185025874631628,1.0185025874631628,1.0185025874631628,0.0009307339787483,0.0009637847542762,4.153552904725075
0,2,0,0.2333399053008838,70.16991632334437,70.78,0,0.32,1,1134,1097.557241340603,1097.557241340603,1,1,1097.557241340603,1,1,0.0,0.0,0.0,0.0,1.0,1.0,0.0005253627896308,0.0005315020680427,7.246200896799564
0,2,0,0.2067610903272092,87.1896406799042,87.84,0,0.394,1,1188,1122.7055180140817,1123.4172577854265,1,1,1123.4172577854265,1,1,0.7117397713448099,0.0006339505417269,0.7117397713448099,0.0006339505417269,1.000633950541727,1.000633950541727,0.0005346089601516,0.0005397722125053,17.538267470896244
0,3,0,0.1756034321219841,33.98936754806128,34.7,0,0.244,1,1238,1144.970773858006,1144.970773858006,1,1,1144.970773858006,1,1,0.0,0.0,0.0,0.0,1.0,1.0,0.0007396712899207,0.0007465034723281,3.965352654457092
0,2,0,0.1743015784632809,75.00712719268057,77.28,0,0.334,1,1217,1165.9138439487458,1165.9138439487458,1,1,1165.9138439487458,1,1,0.0,0.0,0.0,0.0,1.0,1.0,0.0006962865591048,0.0007471591234206,8.20973364263773
0,3,0,0.2514988288269161,29.99941699249111,30.04,0,0.224,1,1209,1094.0183290739783,1094.0183290739783,1,1,1094.0183290739783,1,1,0.0,0.0,0.0,0.0,1.0,1.0,0.0003933683037756,0.0004049614071845,3.0389644727110863
0,6,0,0.1966233246144132,19.38437449701486,18.9,0,0.23,1,1192,2164.6660648015823,2271.5590162418625,1,2,2200.726480797073,2,2,106.89295144028029,0.0493808043551873,36.06041599549053,0.0166586507645907,1.049380804355187,1.0166586507645907,0.0014169290661811,0.0014899894595145,3.19797495752573
0,2,0,0.1902096199922874,51.11871934313098,52.46,0,0.234,1,1162,1100.4055301436588,1100.4055301436588,1,1,1100.4055301436588,1,1,0.0,0.0,0.0,0.0,1.0,1.0,0.0003337487578392,0.0003405585885047,2.8614119589328766
0,2,0,0.213048231716678,87.05183083252756,88.86,0,0.424,1,1135,1121.112403973758,1134.5371315294462,1,1,1134.5371315294462,1,1,13.42472755568815,0.011974470631227,13.42472755568815,0.011974470631227,1.011974470631227,1.011974470631227,0.0009578764438628,0.0010336861014365,20.803076937794685
0,2,0,0.178488061689516,70.8993927777411,65.0,0,0.268,1,1161,1138.2753367954342,1138.2753367954342,1,1,1138.2753367954342,1,1,0.0,0.0,0.0,0.0,1.0,1.0,0.0003873407840728,0.0003681331872939,3.882129833102226
1,18,0,0.1974344474489603,5.961453014140114,5.68,0,0.202,1,1193,2214.011395939695,2310.7083243721454,1,2,2227.205815076257,2,2,96.69692843245048,0.0436749912894686,13.19441913656192,0.0059595082305173,1.0436749912894687,1.0059595082305175,0.0074558034539222,0.0075959190726279,2.919175699353218
0,2,0,0.1718654559786694,58.88293534693873,60.34,0,0.222,1,1146,1088.4980402626434,1088.4980402626434,1,1,1088.4980402626434,1,1,0.0,0.0,0.0,0.0,1.0,1.0,0.0009699389338493,0.0010080933570861,2.3935004249215126
0,4,0,0.198777799501585,23.089136748254266,23.9,0,0.22,1,1214,1145.9718440584074,1145.9718440584074,1,1,1145.9718440584074,1,1,0.0,0.0,0.0,0.0,1.0,1.0,0.0009588599205016,0.0009680092334747,3.730091482400894
0,2,0,0.2117913389121519,93.15259834022162,90.26,0,0.27,1,1167,1148.1728295603302,1148.1728295603302,1,1,1148.1728295603302,1,1,0.0,0.0,0.0,0.0,1.0,1.0,0.0003338232636451,0.0003412216901778,4.340002574026585
0,2,0,0.1890324671903508,56.76316607506676,56.34,0,0.234,1,1149,1118.4947166068491,1118.4947166068491,1,1,1118.4947166068491,1,1,0.0,0.0,0.0,0.0,1.0,1.0,0.0003047958016395,0.0003103539347648,2.7686946243047714
0,2,0,0.2008990831532392,76.02334553408127,76.78,0,0.354,1,1147,1141.2944654842986,1141.2944654842986,1,1,1141.2944654842986,1,1,0.0,0.0,0.0,0.0,1.0,1.0,0.0003016665577888,0.0003075376152992,9.347466967999935
0,2,0,0.1821794148126188,70.76316915990321,70.22,0,0.288,1,1139,1110.658984409431,1110.658984409431,1,1,1110.658984409431,1,1,0.0,0.0,0.0,0.0,1.0,1.0,0.0002989023923873,0.0003045797348021,5.170990020036697
0,6,0,0.1881153224729594,19.84241106793024,19.88,0,0.236,1,1210,1200.4953336250214,1203.88651539045,1,1,1203.88651539045,1,1,3.391181765428655,0.002824818781418,3.391181765428655,0.002824818781418,1.002824818781418,1.002824818781418,0.0007414221763609,0.0007486641407011,3.256216995418072
0,1,0,0.1864610824561183,93.32948569243028,97.2,0,0.236,1,1147,1066.4354364849153,1128.225846451248,0,1,1066.4354364849153,1,1,61.79040996633262,0.0579410697097617,0.0,0.0,1.0579410697097618,1.0,0.0004316493868827,0.0004976987838744,4.147352963685989
0,3,0,0.2188896658772542,44.36214338871159,45.68,0,0.332,1,1145,2201.994897336597,2201.994897336597,2,2,2201.994897336597,2,2,0.0,0.0,0.0,0.0,1.0,1.0,0.001114249229431,0.0011257082223891,6.984470650553703
0,2,0,0.2230675343541533,65.62010747377029,64.78,0,0.29,1,1181,1148.905795238373,1148.905795238373,1,1,1148.905795238373,1,1,0.0,0.0,0.0,0.0,1.0,1.0,0.0003236234188079,0.0003323778510093,5.110928110778332
0,5,0,0.1607961923912457,22.35748451616908,23.92,0,0.224,1,1226,2162.346906138272,2165.9800191856566,1,2,2162.346906138272,2,2,3.633113047384541,0.0016801712237158,0.0,0.0,1.0016801712237158,1.0,0.000559888780117,0.0006242096424102,2.52407792955637
0,2,0,0.2022296163644524,98.66443333796182,97.18,0,0.334,1,1163,1154.9447455367504,1154.9447455367504,1,1,1154.9447455367504,1,1,0.0,0.0,0.0,0.0,1.0,1.0,0.0007144436240195,0.0007612109184264,7.063111215829849
0,2,0,0.1922939452201224,51.427972213427374,49.48,0,0.2,1,1138,1104.8516524822576,1104.8516524822576,1,1,1104.8516524822576,1,1,0.0,0.0,0.0,0.0,1.0,1.0,0.0002944320440291,0.0003004372119903,1.676641009747982
0,2,0,0.2050426586963454,89.65163647819179,88.12,0,0.376,1,1183,1122.5400351456042,1122.5400351456042,1,1,1122.5400351456042,1,1,0.0,0.0,0.0,0.0,1.0,1.0,0.0006038099527358,0.0006082803010939,12.421931371092796
0,3,0,0.1666142108904756,33.74048734138236,34.64,0,0.208,1,1202,1134.8225661510678,1134.8225661510678,1,1,1134.8225661510678,1,1,0.0,0.0,0.0,0.0,1.0,1.0,0.0005208030343054,0.0005287602543829,2.197330191731453
0,3,0,0.1985122487638378,51.3370620528281,51.88,0,0.268,1,1237,1162.5966680860674,1168.0827462741154,1,1,1168.0827462741154,1,1,5.486078188047941,0.0047188146488321,5.486078188047941,0.0047188146488321,1.0047188146488322,1.0047188146488322,0.0004969239234923,0.0005014538764953,5.181147910654545
0,3,0,0.2025588849430069,55.69548337832817,58.66,0,0.252,1,1186,1108.3139519230103,1108.3139519248884,1,1,1108.3139519248884,1,1,1.8781065591610972e-09,1.6945618666104825e-12,1.8781065591610972e-09,1.6945618666104825e-12,1.0000000000016946,1.0000000000016946,0.0003471672534941,0.0003520548343657,4.225394576787949
0,3,0,0.198997210166378,48.42090137223531,49.12,0,0.29,1,1197,1114.9269507343097,1119.5310352266029,1,1,1119.5310352266029,1,1,4.604084492293168,0.0041294943038742,4.604084492293168,0.0041294943038742,1.004129494303874,1.004129494303874,0.0004828870296478,0.0004879161715507,8.669286593794823
0,2,0,0.1838217434690049,82.78855560872967,82.16,0,0.342,1,1147,1106.1514603458804,1118.153498012953,1,1,1118.153498012953,1,1,12.0020376670725,0.0108502660777752,12.0020376670725,0.0108502660777752,1.0108502660777754,1.0108502660777754,0.0009049028158186,0.0008987337350844,11.335563883185388
0,2,0,0.1710822032437233,68.49433369273896,69.08,0,0.318,1,1157,2152.0331953492814,2152.0331953492814,1,2,2152.0331953492814,1,2,0.0,0.0,0.0,0.0,1.0,1.0,0.0006634667515754,0.0006700307130812,8.1183927282691
0,2,0,0.1987710657017898,62.93941627532528,61.26,0,0.252,1,1229,1080.6394954592747,1170.1523745782604,0,1,1089.3580566390676,1,1,89.51287911898567,0.0828332478084585,8.718561179792914,0.00806796458618,1.0828332478084586,1.00806796458618,0.0005743354558943,0.0006291493773459,4.830503709614277
0,5,0,0.2145059811490957,21.86777886097149,21.2,0,0.206,1,1166,1148.1318886632107,1148.1318886632107,1,1,1148.1318886632107,1,1,0.0,0.0,0.0,0.0,1.0,1.0,0.0004316046833991,0.0004385560750961,2.4773333817720413
0,2,0,0.2175742654812547,85.41595322422594,82.9,0,0.372,1,1197,1138.6150225786068,1138.6150225786068,1,1,1138.6150225786068,1,1,0.0,0.0,0.0,0.0,1.0,1.0,0.0007626712322234,0.0007697343826293,12.757376186549664
0,1,0,0.172102647250844,90.31224000560412,92.68,0,0.23,1,1220,1062.8831360771403,1123.4134110039372,0,1,1062.8831360771403,1,1,60.53027492679689,0.0569491347376159,0.0,0.0,1.056949134737616,1.0,0.0004120245575904,0.0004748180508612,4.540283396840096
0,6,0,0.2182986967154278,18.00294907498263,18.0,0,0.204,1,1163,2153.841200756866,2190.97009685649,1,2,2169.6071027662265,2,2,37.12889609962394,0.0172384556886444,15.765902009360616,0.0073198999089721,1.0172384556886445,1.007319899908972,0.0009471923112869,0.0010075867176055,2.469667077064514
0,1,0,0.2223955382242018,96.09482354248172,95.18,0,0.264,1,1210,1072.4489914682188,1142.426920419366,0,1,1072.4489914682188,1,1,69.9779289511473,0.0652505895458442,0.0,0.0,1.0652505895458442,1.0,0.0004380121827124,0.0006242021918295,7.128637917339802
0,2,0,0.2216336173179434,76.28201079135808,75.22,0,0.246,1,1174,1131.8539755012312,1131.8539755012312,1,1,1131.8539755012312,1,1,0.0,0.0,0.0,0.0,1.0,1.0,0.0005580857396124,0.0005639195442198,3.376473143696785
0,2,0,0.2166451862875861,48.61886727755173,49.94,0,0.212,1,1173,1066.611562878025,1066.611562878025,1,1,1066.611562878025,1,1,0.0,0.0,0.0,0.0,1.0,1.0,0.0003287792205809,0.0003383904695509,3.112818233668804
0,3,0,0.2018566766654121,49.64567960445328,49.84,0,0.286,1,1151,2141.1428618034165,2162.2570796578684,1,2,2141.1428618034165,2,2,21.11421785445191,0.0098611905964406,0.0,0.0,1.0098611905964407,1.0,0.0004109069705009,0.0004699602723121,4.14810598641634
0,3,0,0.1845864053617518,33.33886630995841,32.98,0,0.214,1,1151,1062.863247472153,1124.0298568720614,0,1,1062.863247472153,1,1,61.16660939990834,0.057548898736863,0.0,0.0,1.057548898736863,1.0,0.0007853358983993,0.0008699670433997,3.308156430721283
0,2,0,0.2406393296959023,94.9114901392118,92.62,0,0.358,1,1205,1151.793526833962,1151.793526833962,1,1,1151.793526833962,1,1,0.0,0.0,0.0,0.0,1.0,1.0,0.0007720664143562,0.0007805451750755,11.566008642315865
1,10,0,0.2067432431665937,10.394192186532534,10.56,0,0.208,1,1187,2204.9413128493584,2295.505207435579,1,2,2235.7835510071773,2,2,90.5638945862206,0.0410731542188705,30.842238157818883,0.0139877818870211,1.0410731542188705,1.013987781887021,0.0016727223992347,0.0017573013901709,2.47507692873478
0,2,0,0.1753476042590697,79.55454600061373,81.74,0,0.288,1,1221,1127.8573349741398,1127.8573349741398,1,1,1127.8573349741398,1,1,0.0,0.0,0.0,0.0,1.0,1.0,0.000337429344654,0.0003421083092689,4.8538717702031136
0,2,0,0.1573342970472965,74.33478436678324,74.7,0,0.282,1,1140,1105.4887513571648,1110.4946989761645,1,1,1110.4946989761645,1,1,5.0059476189996985,0.0045282664458178,5.0059476189996985,0.0045282664458178,1.0045282664458175,1.0045282664458175,0.0006298571825027,0.000635303556919,6.742804922163487
0,3,0,0.1922633835860609,29.67764491393868,29.32,0,0.212,1,1180,1087.1368266982372,1087.1368266982372,1,1,1087.1368266982372,1,1,0.0,0.0,0.0,0.0,1.0,1.0,0.0008093342185019,0.0008150562644004,2.923033989965916
0,2,0,0.181077374751072,54.58502540387364,56.66,0,0.244,1,1156,1070.5984150267373,1070.5984150267373,1,1,1070.5984150267373,1,1,0.0,0.0,0.0,0.0,1.0,1.0,0.0003599524497985,0.0003618374466895,5.514609128236771
0,2,0,0.187419246745122,66.27805723498048,69.48,0,0.316,1,1138,1104.904260735219,1104.904260735219,1,1,1104.904260735219,1,1,0.0,0.0,0.0,0.0,1.0,1.0,0.0007124394178389,0.000714674592018,7.7875401228666306
0,2,0,0.1684572032660972,91.9236098154762,95.3,0,0.32,1,1215,1163.7697836668583,1163.7697836668583,1,1,1163.7697836668583,1,1,0.0,0.0,0.0,0.0,1.0,1.0,0.0003457739949226,0.0003615394234657,7.068490847945213
0,3,0,0.1959309160175568,32.44475899259875,31.78,0,0.206,1,1217,1179.5618334935434,1179.5618334935434,1,1,1179.5618334935434,1,1,0.0,0.0,0.0,0.0,1.0,1.0,0.0004074200987815,0.0004137158393859,2.058750487864017
0,2,0,0.1815438426760856,61.15644646903748,57.96,0,0.274,1,1207,1117.107353923619,1117.107353923619,1,1,1117.107353923619,1,1,0.0,0.0,0.0,0.0,1.0,1.0,0.0017550364136694,0.0017650425434111,7.050439693033695
0,6,0,0.163618577155131,24.40188367142509,24.96,0,0.246,1,1150,2129.1699522306308,2131.4666325689573,1,2,2129.913016059641,2,2,2.296680338326496,0.0010786740325357,0.7430638290102252,0.0003489922578663,1.0010786740325357,1.0003489922578663,0.0006723478436469,0.0007434114813804,3.154644459486008
0,2,0,0.1906501549420717,78.53217687112782,79.48,0,0.298,1,1151,1087.072590325129,1087.072590325129,1,1,1087.072590325129,1,1,0.0,0.0,0.0,0.0,1.0,1.0,0.0004567876458167,0.0004650354385375,8.92144513130188
0,1,0,0.1867795616947144,96.1100628170776,99.32,0,0.226,1,1151,1063.078023827343,1121.9753015886076,0,1,1063.078023827343,1,1,58.89727776126461,0.0554025917582416,0.0,0.0,1.0554025917582417,1.0,0.0005357563495635,0.0005951523780822,3.668078511953354
0,3,0,0.1976773040778034,38.45213832736646,39.98,0,0.21,1,1234,1130.5952544971858,1130.5952544971858,1,1,1130.5952544971858,1,1,0.0,0.0,0.0,0.0,1.0,1.0,0.0020347982645034,0.0020602345466612,2.1666673943400383
0,3,0,0.2177802105104252,51.66775685160073,50.68,0,0.284,1,1159,2147.636655471246,2151.162404634032,1,2,2147.636655471246,2,2,3.525749162786269,0.0016416879241673,0.0,0.0,1.0016416879241674,1.0,0.0004719272255896,0.0005388930439948,4.689544275403023
0,3,0,0.2023970731014013,37.8461471345222,38.24,0,0.278,1,1184,2150.4228842819725,2167.2889519221203,1,2,2150.4228842819725,2,2,16.866067640147776,0.0078431399532745,0.0,0.0,1.0078431399532746,1.0,0.0011579468846321,0.0012765303254127,4.484153740108013
0,4,0,0.1833652748619856,34.58549145722647,35.96,0,0.264,1,1184,1181.3861096935811,1181.3861096935811,1,1,1181.3861096935811,1,1,0.0,0.0,0.0,0.0,1.0,1.0,0.0008144006133078,0.0008210316300391,4.243299692869186
0,3,0,0.2049045464977582,43.560804547720856,43.34,0,0.276,1,1207,1153.2314465192317,1186.9706852913566,1,1,1186.9706852913566,1,1,33.73923877212496,0.0292562597681143,33.73923877212496,0.0292562597681143,1.0292562597681143,1.0292562597681143,0.0004982501268386,0.0005029812455176,6.588345140218735
0,2,0,0.1968111955705773,76.35158387197147,73.78,0,0.342,1,1141,1106.8915479001012,1112.094684277051,1,1,1112.094684277051,1,1,5.203136376949942,0.0047006740514198,5.203136376949942,0.0047006740514198,1.00470067405142,1.00470067405142,0.0006764829158782,0.0006821826100348,10.761495508253574
0,2,0,0.2100044182486189,97.79759343049588,95.68,0,0.344,1,1184,1148.1424834881173,1148.1424834881173,1,1,1148.1424834881173,1,1,0.0,0.0,0.0,0.0,1.0,1.0,0.0002982169389723,0.0003033950924872,7.907221063971519
0,1,0,0.1919543460057771,92.70470478149149,96.74,0,0.204,1,1195,1056.989573053556,1110.179411105191,0,1,1056.989573053556,1,1,53.189838051635206,0.0503220082843146,0.0,0.0,1.0503220082843143,1.0,0.0007017403841017,0.000784859061241,2.665761098265648
0,2,0,0.2228084445124348,88.45934933646546,88.84,0,0.326,1,1141,1098.055900905295,1098.0559009052947,1,1,1098.0559009052947,1,1,-2.273736754432321e-13,-2.0706930790661318e-16,-2.273736754432321e-13,-2.0706930790661318e-16,0.9999999999999998,0.9999999999999998,0.0006690621376037,0.0006776228547096,8.523241929709911
0,2,0,0.2093324882854372,60.42359755402532,57.58,0,0.28,1,1229,1108.255808758773,1108.255808758773,1,1,1108.255808758773,1,1,0.0,0.0,0.0,0.0,1.0,1.0,0.0005472302436828,0.0005833879113196,4.944708079099655
0,5,0,0.1973941064367973,26.83673441012204,26.82,0,0.242,1,1200,1183.672278665454,1183.672278665454,1,1,1183.672278665454,1,1,0.0,0.0,0.0,0.0,1.0,1.0,0.0006995126605033,0.0007053092122077,3.257073633372784
0,2,0,0.2142087537126977,84.1805041057673,79.8,0,0.276,1,1145,2209.143012896902,2220.3502651848,1,2,2209.143012896902,2,2,11.207252287897973,0.005073122121325,0.0,0.0,1.0050731221213252,1.0,0.0009572878479956,0.0010448768734931,4.266482122242451
0,4,0,0.1827952267853693,28.063469240651468,27.74,0,0.214,1,1176,1160.0928023832364,1160.0928023832364,1,1,1160.0928023832364,1,1,0.0,0.0,0.0,0.0,1.0,1.0,0.0004592090845107,0.0004618912935256,2.132708176970482
0,2,0,0.2129268311645965,94.42089178858998,94.52,0,0.352,1,1152,1141.739472241486,1141.739472241486,1,1,1141.739472241486,1,1,0.0,0.0,0.0,0.0,1.0,1.0,0.000309258699417,0.0003149360418319,9.37646608799696
0,2,0,0.1994008468037157,82.06582260764955,78.6,0,0.314,1,1171,1161.1954337540092,1161.1954337540092,1,1,1161.1954337540092,1,1,0.0,0.0,0.0,0.0,1.0,1.0,0.0003263205289839,0.0003301352262496,6.566926494240761
0,2,0,0.2233363710388074,86.6751260720729,83.98,0,0.292,1,1183,1140.0373048760644,1140.0373048760644,1,1,1140.0373048760644,1,1,0.0,0.0,0.0,0.0,1.0,1.0,0.0012474879622458,0.0014197975397109,5.791101671755314
0,3,0,0.1989432358672703,43.36847421445595,42.94,0,0.21,1,1232,1132.997628114301,1132.997628114301,1,1,1132.997628114301,1,1,0.0,0.0,0.0,0.0,1.0,1.0,0.0007437616586684,0.0007565915584563,2.405330792069435
0,3,0,0.1880036834632094,42.908341596607535,42.9,0,0.264,1,1159,2116.903813192831,2116.903813192831,1,2,2116.903813192831,1,2,0.0,0.0,0.0,0.0,1.0,1.0,0.0004189088940619,0.0004260763525962,4.706448040902615
0,5,0,0.1872491334543384,21.987118472637864,22.24,0,0.216,1,1230,1205.1761616463953,1205.176161646395,1,1,1205.176161646395,1,1,-2.273736754432321e-13,-1.886642655897011e-16,-2.273736754432321e-13,-1.886642655897011e-16,0.9999999999999998,0.9999999999999998,0.0005798116326331,0.0005853697657584,2.389616183936596
0,6,0,0.242405694906908,20.334214746586103,19.44,0,0.224,1,1228,1212.7554400937356,1212.7554400937356,1,1,1212.7554400937356,1,1,0.0,0.0,0.0,0.0,1.0,1.0,0.0004882067441939,0.000495210289955,3.376386880874634
0,7,0,0.164141779945985,15.60498799944273,15.64,0,0.212,1,1151,2161.4703524197857,2229.1523682600355,1,2,2175.907783500564,2,2,67.68201584024973,0.0313129512808163,14.437431080778424,0.0066794490447743,1.0313129512808163,1.0066794490447744,0.0021047815680503,0.0021943151950836,4.115818686783314
0,7,0,0.2228977561698614,14.08678130332767,14.12,0,0.202,1,1160,2268.491486321312,2268.491486321312,2,2,2268.491486321312,2,2,0.0,0.0,0.0,0.0,1.0,1.0,0.0019015669822692,0.0019167140126227,2.134073793888092
0,2,0,0.2520271440169143,76.36994030632648,69.04,0,0.332,1,1218,1174.543176882599,1174.543176882599,1,1,1174.543176882599,1,1,0.0,0.0,0.0,0.0,1.0,1.0,0.0003222376108168,0.0003369227051734,7.703240521252155
0,8,0,0.2161904182624107,12.86653707043257,13.16,0,0.2,1,1150,2155.5184898960024,2188.6551959685303,1,2,2165.6206436943835,2,2,33.136706072527886,0.0153729630378288,10.102153798381096,0.0046866467839338,1.0153729630378288,1.004686646783934,0.0010761916637419,0.0011416524648665,1.9484563916921616
0,3,0,0.2111939374208881,60.55032652795049,58.12,0,0.324,1,1195,2136.298075687575,2136.298075687575,1,2,2136.298075687575,1,2,0.0,0.0,0.0,0.0,1.0,1.0,0.0004774779081343,0.0004876479506491,7.278206296265125
0,4,0,0.1827668947174172,28.70161271361277,28.54,0,0.202,1,1153,2067.06337174246,2076.521757506844,1,2,2076.521757506844,1,2,9.458385764384277,0.0045757599373507,9.458385764384277,0.0045757599373507,1.0045757599373508,1.0045757599373508,0.0011167153716086,0.0011243596673011,4.043520845472813
0,2,0,0.2181583253936328,53.59894759813759,53.24,0,0.218,1,1217,1098.254524308989,1098.254524308989,1,1,1098.254524308989,1,1,0.0,0.0,0.0,0.0,1.0,1.0,0.0006910040974616,0.000696152448654,3.144465148448944
0,2,0,0.1718654981437149,79.67609012456545,77.66,0,0.312,1,1152,1106.212282819553,1106.212282819553,1,1,1106.212282819553,1,1,0.0,0.0,0.0,0.0,1.0,1.0,0.0003926306962966,0.0003985166549682,6.32356695830822
0,3,0,0.1901723360732591,39.24294710144189,39.92,0,0.234,1,1207,1191.2338507889392,1191.2338507889392,1,1,1191.2338507889392,1,1,0.0,0.0,0.0,0.0,1.0,1.0,0.000552475452423,0.0005581676959991,2.7373083755373955
0,5,0,0.2120233434910874,19.84581749515588,19.72,0,0.216,1,1193,1158.9729560908245,1163.5572470487634,1,1,1163.5572470487634,1,1,4.584290957938947,0.0039554770746347,4.584290957938947,0.0039554770746347,1.0039554770746348,1.0039554770746348,0.0006814673542975,0.0006872490048407,2.8940453454852104
0,2,0,0.1663726014385323,64.80109641361338,64.04,0,0.266,1,1195,1083.747017731156,1083.747017731156,1,1,1083.747017731156,1,1,0.0,0.0,0.0,0.0,1.0,1.0,0.0007669031620025,0.0007773488759994,5.864316560328007
0,2,0,0.1678424229153683,83.71695457953105,87.28,0,0.378,1,1215,1164.0769054677328,1164.0769054677328,1,1,1164.0769054677328,1,1,0.0,0.0,0.0,0.0,1.0,1.0,0.000342808663845,0.0003486350178718,11.73201347142458
0,3,0,0.2507350207783382,59.90131216528467,57.46,0,0.344,1,1231,1181.2406390780616,1181.2406390780616,1,1,1181.2406390780616,1,1,0.0,0.0,0.0,0.0,1.0,1.0,0.0003460571169852,0.0003594011068343,8.773588314652443
0,2,0,0.2257440007943973,45.66187576082428,46.32,0,0.2,1,1213,1140.210826016604,1140.210826016604,1,1,1140.210826016604,1,1,0.0,0.0,0.0,0.0,1.0,1.0,0.0003015995025633,0.0003073289990424,1.7079958692193031
0,2,0,0.2283146259851689,81.26623274135828,77.94,0,0.352,1,1216,1155.34676264757,1155.34676264757,1,1,1155.34676264757,1,1,0.0,0.0,0.0,0.0,1.0,1.0,0.0003069639205931,0.0003181323409079,9.100892923772337
0,2,0,0.2199965084286571,91.7847428237773,88.1,0,0.35,1,1165,2156.286564912916,2156.2865651286447,1,2,2156.2865651286447,1,2,2.1572850528173149e-07,1.0004630590018256e-10,2.1572850528173149e-07,1.0004630590018256e-10,1.0000000001000464,1.0000000001000464,0.0006986409425735,0.0007025748491287,8.843345232307911
0,2,0,0.1785851361805805,42.960611773637446,41.34,0,0.208,1,1166,1108.0025830905122,1108.0025830905122,1,1,1108.0025830905122,1,1,0.0,0.0,0.0,0.0,1.0,1.0,0.000382550060749,0.0003894418478011,1.9941881224513047
0,2,0,0.2401125613213587,64.10197877985138,60.12,0,0.27,1,1173,1101.6954186732064,1101.6954186732064,1,1,1101.6954186732064,1,1,0.0,0.0,0.0,0.0,1.0,1.0,0.0003686472773551,0.0003760680556296,6.603879600763321
0,2,0,0.177932975900431,52.63283329264003,54.7,0,0.216,1,1179,1105.5776799176426,1105.5776799176426,1,1,1105.5776799176426,1,1,0.0,0.0,0.0,0.0,1.0,1.0,0.0006345212459563,0.0006400048732757,2.422158993780613
0,6,0,0.1893046908047545,20.108440464288712,20.22,0,0.218,1,1158,2176.657397297452,2237.999434501146,1,2,2198.9654587642417,2,2,61.34203720369396,0.028181760381701,22.30806146678969,0.0102487701989699,1.0281817603817012,1.01024877019897,0.0015749782323837,0.0016482323408126,2.579578578472137
0,2,0,0.2166892185005388,80.06023908280173,79.94,0,0.238,1,1212,1104.2875592196,1104.2875592196,1,1,1104.2875592196,1,1,0.0,0.0,0.0,0.0,1.0,1.0,0.0006699189543723,0.0006693676114081,3.714339092373848
0,6,0,0.1766021179091509,18.41897933644248,17.48,0,0.208,1,1158,2127.3228118314046,2164.898450546887,1,2,2145.3588774730715,2,2,37.575638715482455,0.0176633459231012,18.036065641666937,0.0084782927825324,1.0176633459231013,1.0084782927825324,0.0008189901709556,0.0008875504136085,2.90683975815773
0,2,0,0.1828024270278757,90.66237208703208,91.44,0,0.344,1,1145,1114.6643422203174,1114.6643422203174,1,1,1114.6643422203174,1,1,0.0,0.0,0.0,0.0,1.0,1.0,0.0012349486351012,0.0013223588466643,9.051795974373816
0,6,0,0.1810623766108415,17.43895193026033,17.66,0,0.204,1,1217,2166.4308765647,2166.4308765647,1,2,2166.4308765647,1,2,0.0,0.0,0.0,0.0,1.0,1.0,0.0016391053795814,0.0016655400395392,3.4333964213728905
0,2,0,0.197680794195028,96.3301981148319,98.94,0,0.334,1,1147,2159.161483836276,2169.9085662291463,1,2,2159.161484052293,2,2,10.747082392870198,0.0049774333570342,2.160168151021935e-07,1.0004662306146136e-10,1.0049774333570345,1.0000000001000466,0.0005115717649459,0.0006032586097716,7.47592081874609
1,19,0,0.1932018033936918,5.164882308363669,5.34,0,0.206,1,1138,3239.80336371835,3278.493972447711,2,3,3249.8659435692125,3,3,38.690608729360974,0.0119422706830439,10.062579850862676,0.0031059230209927,1.011942270683044,1.0031059230209929,0.0054964274168013,0.0055828168988226,2.570212207734585
0,2,0,0.1970834919769531,83.23566064128153,81.82,0,0.248,1,1210,1123.9762775353893,1123.9762775353893,1,1,1123.9762775353893,1,1,0.0,0.0,0.0,0.0,1.0,1.0,0.0010071918368338,0.0010175108909606,4.171530872583389
0,2,0,0.1984433902715598,71.9690435681647,71.62,0,0.254,1,1157,1083.6130070605766,1089.8418935261593,1,1,1089.8418935261593,1,1,6.228886465582718,0.00574825738063,6.228886465582718,0.00574825738063,1.00574825738063,1.00574825738063,0.0005210861563681,0.000527299940586,5.200707830488682
0,4,0,0.2181933130501305,32.38743778641684,31.76,0,0.234,1,1191,1159.6560362837586,1159.6560362837586,1,1,1159.6560362837586,1,1,0.0,0.0,0.0,0.0,1.0,1.0,0.0006093457341193,0.0006132423877715,3.049168922007084
0,2,0,0.2223444490776446,67.91145143946109,66.8,0,0.232,1,1184,1087.199181389448,1087.199181389448,1,1,1087.199181389448,1,1,0.0,0.0,0.0,0.0,1.0,1.0,0.0003413781523704,0.0003489330410957,2.475874602794647
0,2,0,0.2168697218169958,73.78762582529795,68.38,0,0.302,1,1167,1153.0875868625826,1153.0875868625826,1,1,1153.0875868625826,1,1,0.0,0.0,0.0,0.0,1.0,1.0,0.0005880519747733,0.0005954802036284,6.232085302472115
1,16,0,0.1900364623992776,6.817599668122836,6.58,0,0.208,1,1137,3291.883608415099,3298.109873653223,3,3,3298.109873653223,3,3,6.226265238124142,0.0018913989614358,6.226265238124142,0.0018913989614358,1.001891398961436,1.001891398961436,0.0019618198275565,0.0019745305180548,2.3185990005731583
0,2,0,0.2369592030563312,60.59800157163287,58.52,0,0.286,1,1166,1159.9966583461287,1159.9966583461287,1,1,1159.9966583461287,1,1,0.0,0.0,0.0,0.0,1.0,1.0,0.0005507171154021,0.0005723163485526,4.797269351780415
0,2,0,0.1831710890460436,97.56728432661914,97.34,0,0.336,1,1166,1125.1123037193474,1125.1123037193474,1,1,1125.1123037193474,1,1,0.0,0.0,0.0,0.0,1.0,1.0,0.0006209909915923,0.0006311833858489,8.081875003874302
0,4,0,0.1748570131560312,30.207526052971748,31.06,0,0.234,1,1191,1182.7589198845676,1182.7589198845676,1,1,1182.7589198845676,1,1,0.0,0.0,0.0,0.0,1.0,1.0,0.0007747039198875,0.0007804557681083,4.037646614015102
0,2,0,0.2009125298342697,77.68919099525829,81.12,0,0.372,1,1215,1114.7994377526163,1114.7994377526163,1,1,1114.7994377526163,1,1,0.0,0.0,0.0,0.0,1.0,1.0,0.0005140975117682,0.0004971772432326,14.217540428042412
0,3,0,0.2040466944532823,47.98588241224833,48.3,0,0.276,1,1164,2104.7595690480266,2106.68761580226,1,2,2104.7595690480266,2,2,1.928046754233492,0.0009160413296543,0.0,0.0,1.0009160413296545,1.0,0.0005936697125434,0.0006720572710036,5.7784823551774025
1,18,0,0.229727077846849,6.052251918964159,5.82,0,0.206,1,1212,2193.8620395647954,2236.538340628339,1,2,2202.553920558487,2,2,42.67630106354363,0.0194525910444256,8.691880993691484,0.0039619086510178,1.0194525910444256,1.003961908651018,0.0041122436523437,0.0041960105299948,4.77510329335928
0,3,0,0.1788270397704555,45.44692598205916,45.46,0,0.282,1,1193,2180.7559396025063,2197.366361653806,1,2,2180.7559396025063,2,2,16.610422051299793,0.0076168184388058,0.0,0.0,1.007616818438806,1.0,0.0003898218274116,0.0004535242915153,5.991485677659512
1,10,0,0.1831542684962283,12.117206846124484,11.96,0,0.22,1,1224,2242.4972449553725,2308.0944615764024,1,2,2252.7653623506253,2,2,65.59721662102993,0.0292518605178198,10.26811739525283,0.0045788762587564,1.0292518605178198,1.0045788762587564,0.0018714889883994,0.0019495785236358,3.2113411650061607
0,3,0,0.1988322700616153,31.342685104653143,31.26,0,0.208,1,1153,1112.0941776455534,1112.0941776455534,1,1,1112.0941776455534,1,1,0.0,0.0,0.0,0.0,1.0,1.0,0.0007437244057654,0.0007485672831534,2.4086393117904663
0,2,0,0.1897698665874811,91.9531810493003,90.3,0,0.258,1,1214,1100.1377472588897,1100.1377472588897,1,1,1100.1377472588897,1,1,0.0,0.0,0.0,0.0,1.0,1.0,0.0005169734358786,0.0005096495151519,6.250691272318363
1,12,0,0.1965381957877048,8.777854957544548,8.58,0,0.208,1,1180,2197.2640458888254,2345.17660130697,1,2,2265.9234064585253,2,2,147.91255541814462,0.0673166958221954,68.65936056969986,0.0312476603338431,1.0673166958221956,1.0312476603338432,0.0020930767059325,0.0021931156516074,2.45982263982296
0,3,0,0.2356586723673307,49.50144814715608,49.92,0,0.31,1,1169,2133.279720015305,2162.79086206351,1,2,2157.789863758735,2,2,29.511142048204874,0.0138336954930566,24.510143743430035,0.0114894186231021,1.013833695493057,1.0114894186231025,0.0004304274916648,0.0004869028925895,6.799845494329929
0,2,0,0.2207266824718401,72.89392863899785,75.38,0,0.314,1,1183,1158.960067614598,1158.960067614598,1,1,1158.960067614598,1,1,0.0,0.0,0.0,0.0,1.0,1.0,0.0003073439002036,0.0003138780593871,6.042468212544918
0,2,0,0.1798193628305139,71.60535613060007,70.34,0,0.296,1,1222,1130.916099768795,1130.916099768795,1,1,1130.916099768795,1,1,0.0,0.0,0.0,0.0,1.0,1.0,0.0003161802887915,0.0003218501806258,5.369439400732517
0,2,0,0.1942446043165467,57.49464258038535,58.38,0,0.204,1,1134,1063.437458799198,1129.434818740517,0,1,1066.2011959639487,1,1,65.99735994131879,0.0620604055228984,2.763737164750637,0.002598871369334,1.0620604055228984,1.002598871369334,0.0005388781428336,0.000592179596424,3.4026170819997787
0,5,0,0.2015180534145753,20.600307530404915,20.44,0,0.204,1,1136,2209.971895563965,2256.6938825547986,2,2,2256.6938825547986,2,2,46.72198699083356,0.0211414394384913,46.72198699083356,0.0211414394384913,1.0211414394384914,1.0211414394384914,0.0007914751768111,0.0008038729429244,1.7216641157865524
0,3,0,0.1828593110050478,53.4554089994957,51.76,0,0.282,1,1194,1104.8021998041277,1112.2118327595822,1,1,1112.2118327595822,1,1,7.409632955454526,0.0067067507258477,7.409632955454526,0.0067067507258477,1.0067067507258478,1.0067067507258478,0.0005398541688918,0.0005444586277007,8.674308903515339
0,2,0,0.2022488262395787,64.66461315852388,64.8,0,0.22,1,1196,1142.039202414185,1142.039202414185,1,1,1142.039202414185,1,1,0.0,0.0,0.0,0.0,1.0,1.0,0.0003376230597495,0.0003402829170226,2.1323146894574165
0,2,0,0.1852602633729872,91.20713075115906,90.2,0,0.346,1,1182,1114.0730043167357,1114.0730043167357,1,1,1114.0730043167357,1,1,0.0,0.0,0.0,0.0,1.0,1.0,0.0006093308329582,0.0006171688437461,10.83706271648407
0,2,0,0.1613963606452205,62.61910284382717,65.92,0,0.292,1,1225,1103.8972619905398,1103.8972619905398,1,1,1103.8972619905398,1,1,0.0,0.0,0.0,0.0,1.0,1.0,0.0005624070763587,0.0005704984068869,6.966257594525814
0,3,0,0.1970423507626905,39.22644596127577,38.48,0,0.222,1,1217,1136.9396449795463,1136.9396449795463,1,1,1136.9396449795463,1,1,0.0,0.0,0.0,0.0,1.0,1.0,0.0005152449011802,0.0005227923393249,2.885736405849457
0,3,0,0.1429509443364403,52.06919590708913,53.5,0,0.25,1,1227,1223.4774689957587,1226.1819151365562,1,1,1223.4774689957587,1,1,2.7044461407974723,0.0022104584753957,0.0,0.0,1.0022104584753957,1.0,0.0005927234888076,0.0006576776504516,4.786778263747692
0,6,0,0.1896891252208719,18.3768616357246,18.3,0,0.218,1,1202,2146.9201265068623,2169.7476517726564,1,2,2169.7476517726564,1,2,22.827525265794065,0.0106326849257012,22.827525265794065,0.0106326849257012,1.0106326849257012,1.0106326849257012,0.0010877400636672,0.0010962933301925,3.812565766274929
1,13,0,0.2094569906916844,7.33039868991829,7.26,0,0.2,1,1150,3196.8192586508694,3217.420418522005,2,3,3217.420418522005,2,3,20.60115987113568,0.006444267943953,20.60115987113568,0.006444267943953,1.0064442679439531,1.0064442679439531,0.005296804010868,0.0053163021802902,2.8402352407574654
0,2,0,0.190433303727261,68.17850219941911,70.66,0,0.228,1,1182,1076.748184388308,1179.3470092562554,0,1,1091.8823254585766,1,1,102.59882486794754,0.09528581181331,15.134141070268695,0.0140554135959525,1.09528581181331,1.0140554135959523,0.000777207314968,0.0008491054177283,4.969736136496067
0,3,0,0.2052262030431624,40.77771837350868,42.1,0,0.246,1,1157,2104.249877891132,2118.3366774815904,1,2,2104.249877891132,2,2,14.086799590458668,0.0066944518987338,0.0,0.0,1.0066944518987335,1.0,0.0005670487880706,0.0006740018725394,4.231234334409237
0,2,0,0.1708133905021732,86.70708579423668,84.34,0,0.386,1,1210,1124.3049724522373,1124.304972452237,1,1,1124.304972452237,1,1,-2.273736754432321e-13,-2.0223487489102192e-16,-2.273736754432321e-13,-2.0223487489102192e-16,0.9999999999999998,0.9999999999999998,0.0003423467278479,0.0003503188490867,12.161142334342005
0,2,0,0.1566513926807944,78.80655350032538,82.64,0,0.318,1,1186,1161.9927572912738,1161.9927572912738,1,1,1161.9927572912738,1,1,0.0,0.0,0.0,0.0,1.0,1.0,0.0003207325935363,0.0003303214907646,6.3766545206308365
0,2,0,0.1550367328491149,59.73236111979418,64.84,0,0.236,1,1194,1110.010141944486,1110.010141944486,1,1,1110.010141944486,1,1,0.0,0.0,0.0,0.0,1.0,1.0,0.0003012418746947,0.0003062486648559,2.891674652695656
0,3,0,0.1745098455686041,44.97565941136751,46.0,0,0.298,1,1177,1116.1909002244695,1116.1909002244695,1,1,1116.1909002244695,1,1,0.0,0.0,0.0,0.0,1.0,1.0,0.0007006227970122,0.0007233843207358,7.483401022851467
0,3,0,0.1852343826882522,45.05808957579054,44.98,0,0.258,1,1206,2136.217427854994,2159.497958441564,1,2,2136.217427854994,2,2,23.280530586569967,0.0108980154749258,0.0,0.0,1.010898015474926,1.0,0.0004483088850974,0.0005213916301727,3.362426355481148
0,3,0,0.1739960193137336,38.02710564358901,40.24,0,0.24,1,1140,2102.791260695657,2102.791260695657,1,2,2102.791260695657,1,2,0.0,0.0,0.0,0.0,1.0,1.0,0.0004403963685035,0.0004576519131659,2.7308075055480003
0,9,0,0.2119068409595859,10.80872718023095,10.52,0,0.2,1,1173,2180.678039063877,2189.7770290668764,1,2,2180.678039063877,2,2,9.098990002999471,0.004172550848866,0.0,0.0,1.004172550848866,1.0,0.0048059895634651,0.0049104839563369,2.6555840894579887
0,3,0,0.2357196049131672,35.54580602341071,34.62,0,0.244,1,1233,1118.4352719630938,1137.9067876810327,1,1,1137.9067876810327,1,1,19.471515717938928,0.0174096044769423,19.471515717938928,0.0174096044769423,1.0174096044769425,1.0174096044769425,0.0016485676169394,0.0016827583312987,5.669758766889572
0,2,0,0.1886457430715424,43.14172875668645,42.96,0,0.216,1,1197,1093.5742300247327,1093.5742300247327,1,1,1093.5742300247327,1,1,0.0,0.0,0.0,0.0,1.0,1.0,0.0003411248326301,0.0003439858555793,2.2765208706259727
0,3,0,0.202457906623116,39.42416345146563,39.68,0,0.262,1,1148,2164.583735795876,2172.14708997632,1,2,2164.583735795877,2,2,7.563354180444094,0.0034941379515,1.3642420526593924e-12,6.302560765374072e-16,1.0034941379515,1.0000000000000009,0.0005554482340812,0.0006266459822654,3.7215063348412514
0,3,0,0.2092070084503125,42.2064308179261,42.52,0,0.264,1,1165,2118.13785225529,2134.223063107668,1,2,2118.1378522552905,2,2,16.085210852378168,0.007594033993232,4.547473508864641e-13,2.1469204679113368e-16,1.007594033993232,1.0000000000000002,0.0005638077855109,0.0006108358502387,3.607506141066551
0,2,0,0.1953012317625647,61.92053275849477,61.94,0,0.212,1,1153,1095.9391604421917,1095.9391604421917,1,1,1095.9391604421917,1,1,0.0,0.0,0.0,0.0,1.0,1.0,0.0004166662693022,0.0004318580031394,2.011266641318798
0,2,0,0.1782188103129322,58.75015187170866,57.2,0,0.226,1,1194,1074.509601783372,1074.509601783372,1,1,1074.509601783372,1,1,0.0,0.0,0.0,0.0,1.0,1.0,0.0003437623381614,0.0003448799252509,4.2363652884960175
0,5,0,0.2067959997900613,20.145594457341627,20.32,0,0.206,1,1228,2140.7295375929866,2140.7295375929866,1,2,2140.7295375929866,1,2,0.0,0.0,0.0,0.0,1.0,1.0,0.0006454586982726,0.0006521344184875,2.51114185154438
0,2,0,0.2120905166327892,99.90225986065084,101.32,0,0.37,1,1193,1158.1365436205974,1158.1365436205974,1,1,1158.1365436205974,1,1,0.0,0.0,0.0,0.0,1.0,1.0,0.000806912779808,0.0008608475327491,10.948609188199043
1,14,0,0.2397940570079293,8.081935333905971,7.56,0,0.202,1,1201,2264.158455287459,2264.158455287459,2,2,2264.158455287459,2,2,0.0,0.0,0.0,0.0,1.0,1.0,0.0039377510547637,0.0039489194750784,2.346028193831444
0,4,0,0.2107046403136395,32.401820724690005,32.92,0,0.236,1,1211,1150.2982485838206,1150.2982485838206,1,1,1150.2982485838206,1,1,0.0,0.0,0.0,0.0,1.0,1.0,0.000561513006687,0.0005962327122687,2.9805602952837944
0,2,0,0.2066841807375381,96.07682924947798,97.98,0,0.404,1,1177,1129.4963250150165,1137.574240067543,1,1,1137.574240067543,1,1,8.077915052526578,0.0071517851573524,8.077915052526578,0.0071517851573524,1.0071517851573526,1.0071517851573526,0.0010083466768263,0.0010350346565245,18.3453176766634
0,4,0,0.2126214835932628,32.128567613318886,32.22,0,0.232,1,1195,1166.3192882739445,1166.3192882739445,1,1,1166.3192882739445,1,1,0.0,0.0,0.0,0.0,1.0,1.0,0.0010112598538398,0.0010164603590965,3.3249473348259926
0,3,0,0.1915734707136471,39.05052535010917,37.98,0,0.236,1,1193,1162.3489815225078,1162.3489815225078,1,1,1162.3489815225078,1,1,0.0,0.0,0.0,0.0,1.0,1.0,0.0004910677671431,0.0004983916878699,3.455761387944221
0,2,0,0.2042081870135165,75.8240194279199,72.34,0,0.34,1,1227,1178.164029191919,1178.164029191919,1,1,1178.164029191919,1,1,0.0,0.0,0.0,0.0,1.0,1.0,0.0007916837930678,0.0007997527718543,10.138563081622124
0,3,0,0.152817071033347,37.64139747377018,39.0,0,0.23,1,1193,1167.0217179176589,1167.0217179176589,1,1,1167.0217179176589,1,1,0.0,0.0,0.0,0.0,1.0,1.0,0.0003360137343405,0.0003423094749449,2.501530408859253
0,2,0,0.2119839678444088,94.14027724909003,91.78,0,0.338,1,1141,1118.3015671445055,1118.6505517692904,1,1,1118.6505517692904,1,1,0.3489846247848618,0.0003120666509266,0.3489846247848618,0.0003120666509266,1.0003120666509266,1.0003120666509266,0.0003225058317184,0.0003294795751571,9.1255287155509
0,2,0,0.1623719917631431,79.46758614725094,80.26,0,0.356,1,1227,1113.0115903522533,1113.0115903522533,1,1,1113.0115903522533,1,1,0.0,0.0,0.0,0.0,1.0,1.0,0.0003442093729972,0.0003459677100181,11.475666604936125
1,12,0,0.2425356250363329,8.654458556767738,8.5,0,0.206,1,1229,2220.164501519438,2267.337231506862,1,2,2238.038037773285,2,2,47.172729987423736,0.0212474030438463,17.87353625384685,0.0080505459129783,1.0212474030438463,1.0080505459129785,0.0014913007616996,0.0015457421541213,2.2450991421937943
1,17,0,0.1894972862287957,5.922176083946555,5.9,0,0.204,1,1233,2251.683827922237,2297.5877886117,1,2,2261.937709696372,2,2,45.90396068946302,0.0203865037001315,10.253881774135152,0.0045538728159703,1.0203865037001316,1.0045538728159704,0.0055745467543601,0.0056469663977622,3.839964486658573
0,2,0,0.1803717279771511,97.1020879263958,101.28,0,0.318,1,1145,1104.802730988653,1104.802730988653,1,1,1104.802730988653,1,1,0.0,0.0,0.0,0.0,1.0,1.0,0.0004334673285484,0.0004395991563796,7.106435917317867
0,3,0,0.2042513919264782,47.62069549888553,47.72,0,0.278,1,1167,1152.188012009181,1152.188012009181,1,1,1152.188012009181,1,1,0.0,0.0,0.0,0.0,1.0,1.0,0.00064417719841,0.0006497800350188,5.223201848566532
0,3,0,0.1965406706688265,57.33663703661604,57.14,0,0.298,1,1198,1158.2133029803977,1183.591212378515,1,1,1183.591212378515,1,1,25.377909398117254,0.0219112570480869,25.377909398117254,0.0219112570480869,1.0219112570480868,1.0219112570480868,0.0005307421088217,0.0005358606576918,7.259356819093227
0,9,0,0.2444914672369455,12.720323086433057,12.64,0,0.202,1,1216,2205.538607904199,2243.895252054679,1,2,2224.733153618305,2,2,38.35664415047995,0.0173910554152249,19.19454571410597,0.0087028835701704,1.017391055415225,1.0087028835701703,0.0012331530451774,0.0013014078140258,3.214616172015667
0,2,0,0.2202371548809462,66.45419084230102,66.48,0,0.258,1,1165,1083.534508783905,1083.534508783905,1,1,1083.534508783905,1,1,0.0,0.0,0.0,0.0,1.0,1.0,0.0004828944802283,0.0004772692918776,4.660247549414635
0,7,0,0.1905500917544744,16.269936181590786,15.54,0,0.21,1,1144,2189.388416496469,2189.388416496473,2,2,2189.388416496473,2,2,4.092726157978177e-12,1.869346766951244e-15,4.092726157978177e-12,1.869346766951244e-15,1.0000000000000018,1.0000000000000018,0.0021159052848815,0.0021343529224394,2.0741112381219864
0,5,0,0.1829887299298063,22.15801697828397,21.48,0,0.222,1,1145,2151.175983493713,2165.375942831281,1,2,2156.07505430783,2,2,14.199959337568089,0.0066010216953547,4.899070814117295,0.0022773919250254,1.0066010216953547,1.0022773919250254,0.0005125105381011,0.0005723983049392,2.527550540864468
0,7,0,0.204963945451995,15.147848766421406,15.22,0,0.212,1,1179,1163.9375532525023,1163.9375532525023,1,1,1163.9375532525023,1,1,0.0,0.0,0.0,0.0,1.0,1.0,0.0009386092424392,0.0009455233812331,2.331787310540676
0,2,0,0.1622124565576331,89.33741299877865,93.2,0,0.34,1,1217,1099.898325009556,1099.898325009556,1,1,1099.898325009556,1,1,0.0,0.0,0.0,0.0,1.0,1.0,0.0009671002626419,0.0009053945541381,10.415086969733238
0,3,0,0.2083170801614179,36.36565373267436,36.86,0,0.27,1,1201,1142.918596647875,1146.225258473331,1,1,1146.225258473331,1,1,3.3066618254561035,0.0028931735253537,3.3066618254561035,0.0028931735253537,1.0028931735253537,1.0028931735253537,0.001531846821308,0.00155371427536,6.738090500235558
0,3,0,0.2164577029677116,26.8723504410223,27.1,0,0.2,1,1224,1189.7185865245376,1189.7185865245376,1,1,1189.7185865245376,1,1,0.0,0.0,0.0,0.0,1.0,1.0,0.0003905743360519,0.0003976002335548,2.161707140505314
0,2,0,0.193277720949507,45.39459436220082,45.78,0,0.2,1,1172,1110.678770405249,1110.678770405249,1,1,1110.678770405249,1,1,0.0,0.0,0.0,0.0,1.0,1.0,0.0003691762685774,0.0003763884305953,1.903649002313614
0,2,0,0.1956456933259907,80.3543764678636,78.62,0,0.32,1,1136,2131.334040148003,2131.3340403612365,1,2,2131.3340403612365,1,2,2.1323330656741746e-07,1.0004687324968084e-10,2.1323330656741746e-07,1.0004687324968084e-10,1.0000000001000469,1.0000000001000469,0.000506579875946,0.0005176961421966,7.025922134518623
0,2,0,0.1922455850459578,85.96066298880095,86.04,0,0.316,1,1164,1159.829026338763,1159.829026338763,1,1,1159.829026338763,1,1,0.0,0.0,0.0,0.0,1.0,1.0,0.0007001608610152,0.0007045045495033,6.832847453653812
0,3,0,0.1935087936251849,34.803268145357166,36.64,0,0.25,2,1461,1123.8805123703755,1256.5581865890042,0,1,1133.914434262883,1,1,132.67767421862868,0.1180531851547085,10.033921892507578,0.0089279258622832,1.1180531851547086,1.0089279258622832,0.0010081455111503,0.0010894089937208,5.799776829779148
0,2,0,0.2338735401404162,84.4192343098398,82.78,0,0.324,2,1548,1145.4598039309346,1383.8375039187097,0,1,1200.788999257595,1,1,238.37769998777503,0.2081065605006144,55.32919532666028,0.0483030440149747,1.2081065605006145,1.0483030440149748,0.0006160661578178,0.000670202076435,16.037336848676205
0,4,0,0.1969980975948932,22.66044790466268,22.86,0,0.214,2,1295,1174.938741974035,1174.938741974035,1,1,1174.938741974035,1,1,0.0,0.0,0.0,0.0,1.0,1.0,0.0006125643849372,0.0006182119250296,3.7581199780106544
0,3,0,0.1988458362570438,36.813843092379045,36.12,0,0.232,2,1381,1169.9705522286731,1169.9705522286731,1,1,1169.9705522286731,1,1,0.0,0.0,0.0,0.0,1.0,1.0,0.0005375668406485,0.0005450397729872,3.653516210615635
0,3,0,0.1899874030546733,49.784032714614185,49.6,0,0.32,2,1445,1193.3345691795903,1193.3345691795903,1,1,1193.3345691795903,1,1,0.0,0.0,0.0,0.0,1.0,1.0,0.0005024671554564,0.0005085766315459,8.402308337390423
0,3,0,0.1627124687147281,42.84888545635917,42.94,0,0.248,2,1329,1128.2351209196413,1313.9012955863543,0,1,1158.7099602347528,1,1,185.666174666713,0.1645633709003613,30.474839315111467,0.0270110713184242,1.164563370900361,1.0270110713184242,0.0005112141370772,0.0005623325705527,5.697939425706863
0,2,0,0.1492843156777347,68.40948376983266,64.98,0,0.276,2,1585,1098.2125300053522,1339.5934464984948,0,1,1170.7995597454462,1,1,241.38091649314265,0.2197943566460367,72.58702974009407,0.0660956124218873,1.2197943566460367,1.0660956124218874,0.0004043728113174,0.0004556253552436,6.063547402620316
0,3,0,0.1777713839664994,37.05158567256264,39.3,0,0.222,2,1473,1210.1247543363247,1419.075036672546,0,1,1210.1247543363247,1,1,208.9502823362213,0.172668381162748,0.0,0.0,1.172668381162748,1.0,0.0007422268390655,0.0008682683110236,3.3480581119656563
0,2,0,0.2074713836119887,61.33424267104024,59.84,0,0.29,2,1593,1115.9819702450832,1241.959163716249,0,1,1130.9888911882822,1,1,125.97719347116572,0.1128846135780308,15.00692094319902,0.0134472790271901,1.1128846135780308,1.0134472790271902,0.0013877451419829,0.0014479383826254,9.974060863256454
0,8,0,0.213664774949971,13.549287323930349,13.44,0,0.218,2,1339,1196.4425966745407,1204.680434558021,1,1,1204.680434558021,1,1,8.237837883480324,0.0068852763236422,8.237837883480324,0.0068852763236422,1.0068852763236422,1.0068852763236422,0.001290388405323,0.001293122768402,4.241850070655346
0,2,0,0.1803133334484212,81.62856041681093,82.68,0,0.298,2,1608,1142.5068988143064,1313.7542119183493,0,1,1171.6562002903977,1,1,171.24731310404286,0.1498873339686292,29.149301476091296,0.025513457736091,1.1498873339686293,1.0255134577360911,0.0007953569293021,0.0008636042475699,11.87218215316534
0,1,0,0.1893421738485427,78.83718415712693,78.74,0,0.236,2,1513,1066.894038425139,1128.7237251063884,0,1,1066.894038425139,1,1,61.82968668124954,0.0579529779475733,0.0,0.0,1.0579529779475734,1.0,0.0005350038409232,0.0006080791354178,5.28952843695879
0,6,0,0.2041218264714908,20.260346554386675,20.98,0,0.23,2,1515,1297.2756240000697,1304.521363148628,1,1,1304.521363148628,1,1,7.245739148558414,0.0055853505720061,7.245739148558414,0.0055853505720061,1.005585350572006,1.005585350572006,0.0011430010199545,0.0011495128273962,4.556704856455326
0,5,0,0.1731110028461757,25.12367123363732,25.86,0,0.254,2,1493,1270.9053119600562,1334.522102825897,1,1,1334.522102825897,1,1,63.61679086584081,0.0500562789903896,63.61679086584081,0.0500562789903896,1.0500562789903898,1.0500562789903898,0.0008822605013846,0.00089543312788,5.98061466217041
0,2,0,0.1967213627841409,50.460776692167,50.82,0,0.202,2,1426,1082.8914844791657,1219.4391260818722,0,1,1114.0528924217551,1,1,136.54764160270656,0.1260954061970312,31.16140794258945,0.0287761132017554,1.1260954061970312,1.0287761132017554,0.0006629452109336,0.0007266178727149,3.0162279680371284
0,3,0,0.1859513421713195,48.38673589876043,50.34,0,0.244,2,1580,1097.760379243461,1256.840589273059,0,1,1130.2768339646425,1,1,159.080210029598,0.1449134192101473,32.51645472118139,0.0296207217312676,1.144913419210147,1.0296207217312676,0.0008343756198882,0.0009241253137588,4.4130894392728806
0,2,0,0.1893205797788345,63.60954843551888,65.64,0,0.206,2,1320,1119.1939937040515,1119.1939937040515,1,1,1119.1939937040515,1,1,0.0,0.0,0.0,0.0,1.0,1.0,0.0003354996442794,0.0003407672047614,2.0248240903019905
0,3,0,0.1818260916512215,59.23626765065852,57.98,0,0.292,2,1396,1137.7032086488368,1280.1644906482325,0,1,1141.9909965055388,1,1,142.46128199939562,0.1252183178498599,4.287787856701925,0.0037688105510348,1.12521831784986,1.0037688105510347,0.000559277832508,0.0006202906370162,11.381021961569786
1,10,0,0.1979506030003728,8.579341491539246,9.06,0,0.206,2,1513,1195.1188369794372,1428.4269074581623,0,1,1214.5730048952596,1,1,233.30807047872509,0.195217465627428,19.45416791582238,0.0162780196528331,1.195217465627428,1.0162780196528332,0.0018990114331244,0.0019685849547385,3.1736935824155807
0,3,0,0.1931055230064184,49.16161496214197,48.98,0,0.294,2,1258,1135.526866341674,1135.526866341674,1,1,1135.526866341674,1,1,0.0,0.0,0.0,0.0,1.0,1.0,0.0005004331469535,0.0005059838294982,7.734202913939953
0,2,0,0.20991174287762,82.71251262954338,78.96,0,0.304,2,1281,1137.9405624960773,1137.9405624960773,1,1,1137.9405624960773,1,1,0.0,0.0,0.0,0.0,1.0,1.0,0.0003619790077208,0.000368371605873,8.850748308002949
0,3,0,0.2220486156056168,46.46444777525434,44.1,0,0.252,2,1311,1115.5952251778822,1267.6113951212365,0,1,1143.6164232034405,1,1,152.01616994335427,0.1362646294215854,28.021198025558306,0.0251177106114722,1.1362646294215857,1.0251177106114724,0.0006587579846381,0.0007166564464568,4.709612652659416
1,13,0,0.1763136073880857,8.045106591571498,7.98,0,0.218,2,1330,1287.6659825537172,1287.6659825537172,1,1,1287.6659825537172,1,1,0.0,0.0,0.0,0.0,1.0,1.0,0.0037530288100241,0.0037664771080016,3.8751308992505074
0,2,0,0.1769530826929998,54.52639652375697,55.5,0,0.228,2,1247,1065.693214895534,1153.8954003402582,0,1,1078.5214552211903,1,1,88.20218544472414,0.0827650811808633,12.828240325656225,0.0120374608248901,1.0827650811808631,1.01203746082489,0.000625118613243,0.0006879791617393,3.565868631005287
0,2,0,0.2131694517190227,72.84618315481325,72.7,0,0.258,2,1368,1092.370405226628,1212.4345180141977,0,1,1109.6757356282928,1,1,120.06411278756968,0.1099115393579897,17.305330401664833,0.0158419985738029,1.1099115393579897,1.015841998573803,0.0005651488900184,0.0006295442581176,5.1098777577281
0,2,0,0.2186729460281943,49.782968211509576,47.82,0,0.238,2,1328,1077.6738277075356,1232.8914362930595,0,1,1117.358802946048,1,1,155.21760858552398,0.1440302293651393,39.68497523851238,0.0368246627302173,1.1440302293651392,1.0368246627302171,0.0004659071564673,0.0005856603384017,5.623323656618595
0,2,0,0.1836945643144533,90.07702444376312,88.48,0,0.274,2,1454,1093.9738350541834,1215.0939588247054,0,1,1109.5528500346747,1,1,121.120123770522,0.1107157409889269,15.579014980491364,0.0142407564799936,1.110715740988927,1.0142407564799936,0.0006194710731506,0.0007759928703307,8.177867874503136
0,2,0,0.1997276533330622,70.8570283826386,70.08,0,0.268,2,1260,1111.905182443765,1111.905182443765,1,1,1111.905182443765,1,1,0.0,0.0,0.0,0.0,1.0,1.0,0.0003526806831359,0.0003553256392478,4.1482999548316
0,1,0,0.2457113712257018,87.78567235433452,86.24,0,0.226,2,1525,1065.769547266371,1124.556034601634,0,1,1065.769547266371,1,1,58.78648733526302,0.0551587230898523,0.0,0.0,1.0551587230898525,1.0,0.0006026774644851,0.0006860122084617,3.6677328050136566
0,2,0,0.1969812901261511,67.72883637871338,66.58,0,0.276,2,1258,1111.7473332357713,1245.5647673619533,0,1,1131.5426614056232,1,1,133.81743412618198,0.1203667687123679,19.795328169851928,0.0178055998679457,1.120366768712368,1.0178055998679458,0.0006210654973983,0.0006852820515632,8.199325397610664
0,2,0,0.1941261065892951,56.74130325388004,58.02,0,0.214,2,1473,1139.3609881243235,1139.3609881243235,1,1,1139.3609881243235,1,1,0.0,0.0,0.0,0.0,1.0,1.0,0.0004019737243651,0.0004043281078337,2.568623997271061
0,4,0,0.1897019076544005,36.029346470441766,36.16,0,0.244,2,1298,1233.8990498611322,1233.8990498611322,1,1,1233.8990498611322,1,1,0.0,0.0,0.0,0.0,1.0,1.0,0.0008331909775733,0.0008980482816696,4.417193703353405
0,6,0,0.1873931890241478,18.74075187878873,19.42,0,0.22,2,1438,1177.116783520563,1372.3163149505071,0,1,1188.7082431746617,1,1,195.19953142994405,0.1658285177500691,11.591459654098571,0.0098473319014536,1.1658285177500691,1.0098473319014536,0.0009273961186408,0.00098679959774,3.512268789112568
1,14,0,0.1904892569800023,6.9679911453339685,7.04,0,0.208,2,1519,1299.7068082947771,1332.4102782521777,1,1,1332.4102782521777,1,1,32.70346995740056,0.0251621902329708,32.70346995740056,0.0251621902329708,1.0251621902329708,1.0251621902329708,0.0034918412566184,0.003495767712593,5.199501484632492
0,2,0,0.2165391518920081,84.58782083866058,84.94,0,0.292,2,1372,1134.7331681104536,1345.9644167054576,0,1,1182.2458876582946,1,1,211.231248595004,0.1861505898754543,47.512719547841016,0.0418712706062507,1.1861505898754543,1.0418712706062507,0.000521570444107,0.0006108805537223,9.093764893710611
0,1,0,0.1789221292703831,82.11842580421894,82.56,0,0.234,2,1382,1066.6897426550963,1127.694737307672,0,1,1066.6897426550963,1,1,61.00499465257576,0.0571909452327987,0.0,0.0,1.0571909452327988,1.0,0.0004161745309829,0.0005202591419219,4.458106905221939
0,3,0,0.1962770498629105,50.00518467754315,49.44,0,0.262,2,1330,1153.3841951583968,1320.7263682599792,0,1,1163.9076077626364,1,1,167.34217310158238,0.1450879713837251,10.523412604239638,0.0091239438241083,1.1450879713837252,1.0091239438241084,0.0010295212268828,0.0011286213994025,5.621135741472244
0,7,0,0.1980271058348944,16.462555870408053,16.24,0,0.202,2,1614,1216.726830206996,1434.4494176542332,0,1,1222.6263020039491,1,1,217.7225874472372,0.1789412233230667,5.899471796953094,0.0048486411661929,1.1789412233230667,1.004848641166193,0.0013548657298088,0.001413807272911,4.008646860718727
0,2,0,0.2020043772478098,53.00424547730039,51.58,0,0.234,2,1305,1120.3377912328515,1286.69299831107,0,1,1153.7771936965496,1,1,166.35520707821843,0.148486651418905,33.43940246369812,0.0298476073246627,1.148486651418905,1.0298476073246627,0.0008836314082145,0.0009916052222251,5.13095036149025
0,2,0,0.2018303817471798,83.64233969447791,85.12,0,0.306,2,1438,1113.7039648596729,1253.5358975262393,0,1,1134.6065380829152,1,1,139.83193266656644,0.1255557464807852,20.90257322324237,0.018768518280238,1.1255557464807853,1.018768518280238,0.0005725175142287,0.0006293132901191,10.919758655130863
0,9,0,0.2061670188462773,10.880096606855693,10.9,0,0.202,2,1436,1272.1457054091627,1320.2415948170017,1,1,1320.2415948170017,1,1,48.09588940783897,0.0378069030955615,48.09588940783897,0.0378069030955615,1.0378069030955617,1.0378069030955617,0.0013479813933371,0.0013979971408843,3.587898075580597
0,2,0,0.2066361558228484,74.28714174960906,76.72,0,0.262,2,1326,1144.680450236226,1144.680450236226,1,1,1144.680450236226,1,1,0.0,0.0,0.0,0.0,1.0,1.0,0.0003742277622222,0.0003793388605117,3.380520321428776
0,5,0,0.2089519911401607,26.815053481894047,26.46,0,0.224,2,1367,1246.2988272646617,1279.3809487648896,1,1,1279.3809487648896,1,1,33.08212150022791,0.0265442932116333,33.08212150022791,0.0265442932116333,1.026544293211633,1.026544293211633,0.0006447210907935,0.0006505846977232,3.8648681715130806
0,7,0,0.179222731599959,13.249696459606485,13.58,0,0.22,2,1373,1276.1952033993666,1285.599777639829,1,1,1285.599777639829,1,1,9.404574240462352,0.0073692286379165,9.404574240462352,0.0073692286379165,1.0073692286379166,1.0073692286379166,0.0015822127461432,0.0016701146960258,3.918564088642597
0,4,0,0.2102321975998869,35.20497482527266,34.16,0,0.258,2,1598,1145.656588365427,1290.0528469687388,0,1,1145.656588365427,1,1,144.3962586033117,0.1260379943429034,0.0,0.0,1.1260379943429033,1.0,0.0009948983788489,0.0010585263371467,5.6559237614274025
0,6,0,0.2205055193200009,20.50307434113398,20.2,0,0.242,2,1508,1242.8188755371768,1485.377496643895,0,1,1242.8188755371768,1,1,242.5586211067182,0.1951681181233093,0.0,0.0,1.1951681181233094,1.0,0.0012969449162483,0.0014197304844856,6.868075959384441
0,5,0,0.203621415565219,20.01695108099264,19.96,0,0.22,2,1373,1276.9352645505812,1276.9352645505812,1,1,1276.9352645505812,1,1,0.0,0.0,0.0,0.0,1.0,1.0,0.0008325651288032,0.00083938986063,3.357089839875698
1,13,0,0.2129903554594378,7.42810996472547,7.8,0,0.21,2,1349,1235.5115735680158,1302.9377568285822,1,1,1302.9377568285822,1,1,67.4261832605664,0.0545734938490679,67.4261832605664,0.0545734938490679,1.054573493849068,1.054573493849068,0.0031915232539176,0.0031969696283339,4.09678091108799
0,3,0,0.2159941944775992,55.6331540813982,58.62,0,0.328,2,1483,1255.380996712449,1266.4985805820852,1,1,1266.4985805820852,1,1,11.117583869636292,0.0088559440510495,11.117583869636292,0.0088559440510495,1.0088559440510496,1.0088559440510496,0.0008254051208495,0.0008319988846777,10.544521786272526
0,4,0,0.22472900337395,33.011255251991905,32.52,0,0.27,2,1595,1188.6028562461593,1544.2588934065616,0,1,1273.1099832073091,1,1,355.6560371604023,0.2992219270645485,84.50712696114988,0.0710978663033336,1.2992219270645484,1.0710978663033337,0.0017607510089873,0.001896947622299,6.946378588676453
0,2,0,0.2321755926630893,76.0066449821872,73.1,0,0.252,2,1601,1082.2130241448858,1211.3912427649177,0,1,1108.2909974243178,1,1,129.17821862003188,0.1193648715529943,26.077973279431944,0.0240968946941269,1.1193648715529945,1.024096894694127,0.0006373524665832,0.0006959289312362,6.295017026364803
0,2,0,0.2172857324290228,58.70019297968955,57.94,0,0.23,2,1370,1091.460726122114,1256.4789750652958,0,1,1130.8924263091044,1,1,165.0182489431818,0.1511902764742442,39.43170018699038,0.0361274567588781,1.1511902764742443,1.036127456758878,0.0004166960716246,0.0004691034555434,4.765609413385391
0,2,0,0.2354202973959619,75.9756541276663,72.84,0,0.328,2,1319,1130.5466273446518,1130.5466273446518,1,1,1130.5466273446518,1,1,0.0,0.0,0.0,0.0,1.0,1.0,0.0005842298269271,0.0005939528346061,9.605704680085182
0,2,0,0.2229996357514707,73.09798466455241,73.56,0,0.308,2,1408,1106.462169366189,1256.37040916941,0,1,1134.3461445124276,1,1,149.90823980322102,0.1354842885311591,27.883975146238527,0.0252010198976899,1.1354842885311591,1.02520101989769,0.0005879551172256,0.0006518959999084,10.203086860477924
0,2,0,0.1766091707161433,79.16724812233319,80.14,0,0.26,2,1376,1136.9843393045253,1136.9843393045253,1,1,1136.9843393045253,1,1,0.0,0.0,0.0,0.0,1.0,1.0,0.0005142390727996,0.0005113855004309,4.155471920967102
0,3,0,0.179098270444442,55.1037450327245,52.5,0,0.296,2,1611,1206.6873763376857,1405.246243355506,0,1,1206.6873763376852,1,1,198.5588670178204,0.1645487231501911,-4.547473508864641e-13,-3.7685597761586696e-16,1.1645487231501912,0.9999999999999996,0.0005708932876586,0.0006348565220832,8.24888464808464
0,3,0,0.2084080939068844,53.90237933986173,53.7,0,0.292,2,1511,1258.8723083063974,1258.8723083063974,1,1,1258.8723083063974,1,1,0.0,0.0,0.0,0.0,1.0,1.0,0.0006506368517875,0.0006562322378157,7.082489408552647
0,2,0,0.1914656470754996,90.00317086874907,87.44,0,0.336,2,1297,1154.1602852180786,1154.1602852180786,1,1,1154.1602852180786,1,1,0.0,0.0,0.0,0.0,1.0,1.0,0.0006401538848876,0.0006518140435218,9.472667552530766
0,2,0,0.2056132292166457,85.65659247337419,83.26,0,0.258,2,1306,1073.173400956739,1185.864179664813,0,1,1093.413335710264,1,1,112.69077870807403,0.1050070553440941,20.23993475352495,0.0188598922927841,1.1050070553440945,1.018859892292784,0.0005533173680305,0.0006289780139922,8.035959139466286
0,3,0,0.2208541922022391,35.81228134242842,36.28,0,0.222,2,1525,1226.0209105837946,1226.0209105837946,1,1,1226.0209105837946,1,1,0.0,0.0,0.0,0.0,1.0,1.0,0.0005010738968848,0.0005064830183982,3.972926378250122
0,2,0,0.197361993160723,83.45526875262887,81.88,0,0.346,2,1584,1133.0043896232391,1262.4098645202494,0,1,1145.7425717683373,1,1,129.4054748970102,0.1142144514903792,12.738182145098108,0.0112428356516199,1.1142144514903791,1.01124283565162,0.0006643161177634,0.0007982924580573,16.876960434019566
0,3,0,0.1950662402923709,42.98143768005671,43.78,0,0.222,2,1366,1181.845140157831,1181.845140157831,1,1,1181.845140157831,1,1,0.0,0.0,0.0,0.0,1.0,1.0,0.0004857182502745,0.0004922747611998,3.640860289335251
0,5,0,0.1829454204802327,22.46573636839265,23.3,0,0.226,2,1523,1172.5995866897629,1435.9485760369575,0,1,1220.6628212275496,1,1,263.3489893471947,0.2245856064904698,48.06323453778669,0.0409886163046234,1.22458560649047,1.0409886163046234,0.0007562935352324,0.0008146762847899,3.5960373133420944
0,3,0,0.2026020608587572,42.058724720028366,41.8,0,0.244,2,1542,1201.186912465732,1398.1808111802666,0,1,1201.1869124675966,1,1,196.99389871453468,0.1639993715134276,1.864691512309946e-09,1.5523741500664604e-12,1.1639993715134276,1.0000000000015523,0.0005382969975471,0.0005907788872718,6.339677214622498
0,3,0,0.1613100181474265,41.7805900863296,41.14,0,0.258,2,1390,1159.8344718978124,1284.8039174528608,0,1,1159.8344718978124,1,1,124.96944555504842,0.1077476558793459,0.0,0.0,1.107747655879346,1.0,0.0009132847189903,0.0009960532188415,5.103618681430817
0,2,0,0.1835076929721635,70.9389232923545,69.84,0,0.248,2,1509,1148.1344585347522,1390.265467591959,0,1,1202.537056551968,1,1,242.1310090572067,0.2108908127069141,54.40259801721572,0.0473834729136553,1.2108908127069142,1.0473834729136553,0.0004334971308707,0.0004927366971969,4.573253348469734
0,2,0,0.1789984365874099,89.36409935008788,91.08,0,0.308,2,1567,1118.3937917441526,1218.2156725341924,0,1,1118.4660777499005,1,1,99.8218807900398,0.089254680709883,0.0722860057478556,6.463376878650626e-05,1.089254680709883,1.0000646337687864,0.0007830634713172,0.0008693486452102,9.255323454737663
0,4,0,0.2253780018268886,25.361597920723185,24.14,0,0.202,2,1569,1205.5694203958376,1470.1733578446992,0,1,1237.0668785532162,1,1,264.60393744886164,0.2194846128080964,31.49745815737856,0.0261266233403935,1.2194846128080965,1.0261266233403934,0.0009363964200019,0.0010022446513175,2.65080726146698
0,5,0,0.1930829310734442,23.950405141094155,24.86,0,0.228,2,1414,1188.4386616957486,1364.7959490229478,0,1,1191.4386609049918,1,1,176.35728732719917,0.1483941014469859,2.999999209243242,0.0025243197700776,1.148394101446986,1.0025243197700775,0.0009716674685477,0.0010256990790366,3.749287202954292
0,2,0,0.1784197368842328,64.59515457725607,64.32,0,0.27,2,1463,1141.8247197188794,1373.9856147310152,0,1,1193.8406075198272,1,1,232.16089501213585,0.2033244604034273,52.01588780094789,0.0455550549069863,1.2033244604034274,1.0455550549069863,0.00062657892704,0.0006911233067512,5.686537712812424
0,4,0,0.2139701144564498,35.37718951833277,35.3,0,0.284,2,1539,1196.4178717539874,1420.1656699262403,0,1,1210.109976406026,1,1,223.7477981722529,0.1870147575146394,13.692104652038552,0.0114442495179092,1.1870147575146397,1.0114442495179092,0.0006677731871604,0.0007258728146552,7.697882130742073
0,2,0,0.2645690868509407,98.51934486258722,97.16,0,0.32,2,1261,1093.1109294401383,1238.3003360271932,0,1,1119.7544181191677,1,1,145.18940658705492,0.1328222074052603,26.64348867902936,0.0243740026391241,1.1328222074052603,1.024374002639124,0.0004140883684158,0.000465340912342,10.664000138640404
0,2,0,0.1919822003107106,75.32748585295896,73.54,0,0.312,2,1324,1142.2073745078264,1142.2073745078264,1,1,1142.2073745078264,1,1,0.0,0.0,0.0,0.0,1.0,1.0,0.0002972930669783,0.0003028064966201,8.19589263945818
0,2,0,0.2046801637934313,56.89152783867184,56.8,0,0.242,2,1514,1138.2570485493711,1302.8181829957934,0,1,1164.943167123784,1,1,164.56113444642233,0.1445729105355806,26.68611857441283,0.0234447206880224,1.1445729105355806,1.0234447206880224,0.0005827546119689,0.0006457865238189,4.087851531803608
0,5,0,0.1919191919191919,20.31787053958036,19.8,0,0.21,2,1502,1225.2813131314604,1443.0457731892309,0,1,1227.8160148104348,1,1,217.7644600577705,0.1777260925503126,2.534701678974443,0.0020686691715688,1.1777260925503126,1.0020686691715688,0.0010246783494949,0.0010989233851432,2.9254963621497154
0,4,0,0.1887673662885332,22.179692552220256,21.9,0,0.204,2,1604,1178.6182998128618,1498.8849289566424,0,1,1250.913639597407,1,1,320.2666291437806,0.2717305757043071,72.29533978454515,0.0613390609971218,1.2717305757043071,1.0613390609971218,0.0011305883526801,0.0012184754014014,2.5962085127830505
0,2,0,0.2074354916838007,98.72228021313356,98.64,0,0.302,2,1320,1120.62453126035,1120.62453126035,1,1,1120.62453126035,1,1,0.0,0.0,0.0,0.0,1.0,1.0,0.0003073960542678,0.0003135874867438,7.1621716395020485
0,2,0,0.1840086759026014,74.37335484026862,74.42,0,0.31,2,1298,1132.9406772243528,1132.9406772243528,1,1,1132.9406772243528,1,1,0.0,0.0,0.0,0.0,1.0,1.0,0.000308223068714,0.0003138333559035,7.917953759431839
0,2,0,0.2045940087474632,73.11586264184025,71.92,0,0.216,2,1360,1152.3263196592184,1152.3263196592184,1,1,1152.3263196592184,1,1,0.0,0.0,0.0,0.0,1.0,1.0,0.00031491369009,0.0003121867775916,3.0218556225299835
0,2,0,0.1917092827282475,88.37152032585814,83.22,0,0.34,2,1580,1110.9460813853898,1305.7546864228011,0,1,1155.5262402390365,1,1,194.80860503741133,0.1753537892626417,44.58015885364671,0.0401281030651403,1.1753537892626418,1.0401281030651404,0.0004470720887183,0.0005026683211326,17.33216279000044
0,3,0,0.205529647628559,38.907926262604654,38.76,0,0.242,2,1604,1094.6818401912842,1228.7263982467691,0,1,1116.9771691470226,1,1,134.0445580554849,0.1224507004081314,22.29532895573834,0.0203669487673628,1.1224507004081314,1.0203669487673628,0.0009299442172049,0.0009947866201399,4.371777921915054
1,10,0,0.1841473632449983,11.36423016073409,11.3,0,0.214,2,1581,1201.626216978525,1404.8491514110829,0,1,1207.621745411468,1,1,203.22293443255785,0.1691232527728627,5.995528432943047,0.0049895120031741,1.1691232527728628,1.0049895120031742,0.0019010454416274,0.0019761696457861,3.649549886584282
0,2,0,0.1978529164429536,70.93229320862889,72.84,0,0.29,2,1374,1093.689741455714,1258.6258550035927,0,1,1129.71782315602,1,1,164.93611354787868,0.1508070408782903,36.02808170030585,0.0329417752902683,1.1508070408782904,1.0329417752902683,0.0004339888691901,0.000535413622856,6.94114562869072
0,2,0,0.1988340601889559,76.99365051872219,76.52,0,0.31,2,1297,1152.3949084239216,1152.3949084239216,1,1,1152.3949084239216,1,1,0.0,0.0,0.0,0.0,1.0,1.0,0.0005663335323332,0.0005702525377272,8.028134226799011
0,8,0,0.2068278940998476,11.30061251933098,12.0,0,0.218,2,1514,1243.309043073732,1243.309043073732,1,1,1243.309043073732,1,1,0.0,0.0,0.0,0.0,1.0,1.0,0.0012423917651175,0.0012493282556532,3.074052579700947
0,2,0,0.1904441273840205,75.70702367553133,77.62,0,0.264,2,1566,1162.9814903552583,1362.2672245535612,0,1,1197.2021483658832,1,1,199.2857341983029,0.1713576147608562,34.2206580106249,0.0294249377951591,1.1713576147608562,1.0294249377951592,0.0005745440721511,0.0006238594651221,7.849130190908909
0,9,0,0.2033482433646672,11.74891262454486,11.48,0,0.206,2,1336,1207.4599559067533,1298.163453561312,1,1,1298.163453561312,1,1,90.70349765455876,0.0751192594096788,90.70349765455876,0.0751192594096788,1.0751192594096788,1.0751192594096788,0.0051984563469885,0.0051572620868682,4.558424353599548
0,2,0,0.2069656381238657,91.74016201483732,91.4,0,0.316,2,1559,1146.7517602843586,1466.1278701119857,0,1,1233.2881964626968,1,1,319.37610982762703,0.2785050094437454,86.53643617833814,0.0754622222309733,1.2785050094437456,1.075462222230973,0.0004437714815139,0.0005184412002563,13.72705315798521
0,3,0,0.2079383267451529,33.11176961348565,35.46,0,0.218,2,1452,1170.7145555251188,1365.225292892047,0,1,1190.742431696429,1,1,194.5107373669282,0.1661470223027006,20.02787617131025,0.0171073948613604,1.1661470223027006,1.0171073948613605,0.0005270093679427,0.0005777776241301,4.600032545626164
0,3,0,0.1644906036644631,38.495688949270615,39.04,0,0.236,2,1479,1104.336904911798,1222.3827295954115,0,1,1113.3616250833245,1,1,118.04582468361356,0.1068929455844289,9.024720171526496,0.0081720715221839,1.106892945584429,1.008172071522184,0.0005265474319457,0.0005838200449942,3.893275514245033
0,4,0,0.1611171248504475,29.13958080328561,30.06,0,0.254,2,1509,1158.682696383932,1309.3175822568787,0,1,1159.0494831492852,1,1,150.63488587294682,0.1300052951019764,0.3667867653532539,0.0003165549692749,1.1300052951019763,1.000316554969275,0.0006813257932662,0.0007401853799819,7.086665868759155
0,2,0,0.2022879404202303,79.73601168420431,82.52,0,0.27,2,1541,1135.853864362743,1352.1193598918912,0,1,1187.4497008687454,1,1,216.2654955291482,0.1903990489573069,51.59583650600234,0.0454247136227771,1.1903990489573069,1.0454247136227772,0.0006764829158782,0.0007496550679206,8.506500624120235
0,2,0,0.1926331408215714,76.12634517382251,76.92,0,0.306,2,1521,1129.7800778105825,1304.5196019435448,0,1,1160.9688366977011,1,1,174.7395241329623,0.1546668484999245,31.18875888711864,0.0276060443086939,1.1546668484999243,1.0276060443086938,0.0005796551704406,0.000653252005577,11.127907522022724
0,6,0,0.2164196097785202,17.967646712402363,16.88,0,0.224,2,1244,1188.9126886205893,1188.9126886205893,1,1,1188.9126886205893,1,1,0.0,0.0,0.0,0.0,1.0,1.0,0.0008209645748137,0.0008304715156554,3.384118691086769
1,15,0,0.2086304068903546,6.6568101396167325,6.94,0,0.2,2,1516,1273.222537540219,1396.5817189566542,1,1,1396.5817189566542,1,1,123.35918141643516,0.0968873686879254,123.35918141643516,0.0968873686879254,1.0968873686879257,1.0968873686879257,0.0029121562838553,0.0029179155826568,3.891082115471363
0,2,0,0.1882690700138228,64.20351017368063,65.22,0,0.266,2,1385,1093.098802458238,1303.9398426547923,0,1,1152.6302465990702,1,1,210.84104019655436,0.1928837903055058,59.53144414083226,0.0544611740557703,1.1928837903055058,1.0544611740557703,0.0004398673772811,0.0004811733961105,8.830607645213604
0,2,0,0.1832121928306266,70.09772986669911,70.52,0,0.254,2,1403,1094.3721539826774,1264.9790145501956,0,1,1137.8979037231584,1,1,170.6068605675182,0.1558947383178928,43.52574974048093,0.0397723476260616,1.1558947383178928,1.0397723476260616,0.0005804300308227,0.0006451606750488,5.127121761441231
0,4,0,0.2103046707036917,27.42081421350616,27.08,0,0.22,2,1527,1247.968348627322,1510.4386959863618,0,1,1255.6167000785022,1,1,262.4703473590398,0.2103181123525599,7.648351451180133,0.0061286421723698,1.21031811235256,1.00612864217237,0.0006303563714026,0.0007462576031683,3.4021064713597298
0,3,0,0.1736888455876783,44.62278429537686,45.98,0,0.282,2,1318,1147.6696932960788,1147.6696932960783,1,1,1147.6696932960783,1,1,-4.547473508864641e-13,-3.962353920668943e-16,-4.547473508864641e-13,-3.962353920668943e-16,0.9999999999999996,0.9999999999999996,0.0005578398704528,0.000639386475086,6.216761291027069
0,6,0,0.2257642130862826,19.964222205183347,19.34,0,0.208,2,1601,1251.341424163404,1509.575863867029,0,1,1256.0071776896482,1,1,258.23443970362496,0.2063660921928401,4.665753526244089,0.003728601512064,1.20636609219284,1.003728601512064,0.0009943842887878,0.0010476857423782,3.2100743874907494
0,2,0,0.1654135957947208,48.58349898677838,50.24,0,0.212,2,1364,1108.352321052088,1108.352321052088,1,1,1108.352321052088,1,1,0.0,0.0,0.0,0.0,1.0,1.0,0.0004172176122664,0.0004190355539321,2.5461764857172966
0,2,0,0.2287079150524066,60.20929467329592,61.98,0,0.25,2,1273,1089.2829248567452,1177.005208431969,0,1,1089.2829248567452,1,1,87.72228357522386,0.0805321386881745,0.0,0.0,1.0805321386881743,1.0,0.0005986168980597,0.0006612762808799,6.206549562513828
0,4,0,0.2349702689508071,33.46288804207214,34.74,0,0.232,2,1393,1209.1849391403866,1209.1849391403866,1,1,1209.1849391403866,1,1,0.0,0.0,0.0,0.0,1.0,1.0,0.0007717534899711,0.0007821470499038,3.324395053088665
0,2,0,0.1904084475289349,76.65221165165704,77.76,0,0.324,2,1568,1130.7268290111167,1357.4937032086227,0,1,1180.5857768857263,1,1,226.766874197506,0.2005496538857455,49.85894787460961,0.0440946005660925,1.2005496538857454,1.0440946005660925,0.0006667971611022,0.0008074417710304,11.211739622056484
0,5,0,0.2132941051676665,23.798439040138827,23.14,0,0.23,2,1259,1178.6521507539578,1232.10322029719,1,1,1232.10322029719,1,1,53.45106954323228,0.0453493165978111,53.45106954323228,0.0453493165978111,1.0453493165978112,1.0453493165978112,0.0009034648537635,0.0009620636701583,4.4482516422867775
0,2,0,0.2415701630838704,86.7436227248471,83.36,0,0.324,2,1299,1117.8381172804973,1271.2080735564152,0,1,1141.0400077377913,1,1,153.36995627591796,0.1372022960256892,23.201890457293985,0.0207560380153613,1.1372022960256891,1.0207560380153613,0.0008859485387802,0.0009749308228492,11.003708586096764
0,7,0,0.2030134152289508,14.201655559106548,14.14,0,0.22,2,1456,1200.5077746751729,1200.507774675173,1,1,1200.507774675173,1,1,2.273736754432321e-13,1.893979199799465e-16,2.273736754432321e-13,1.893979199799465e-16,1.0000000000000002,1.0000000000000002,0.0016145035624503,0.0016261786222457,3.504395067691803
0,1,0,0.1680562218900895,98.46337199016072,97.42,0,0.216,2,1510,1059.8417609920934,1116.0847817993777,0,1,1059.8417609920934,1,1,56.24302080728421,0.0530673756001428,0.0,0.0,1.0530673756001427,1.0,0.0008993223309516,0.0010411590337752,4.065404929220676
0,7,0,0.2335706003534436,16.969688212681987,15.72,0,0.218,2,1525,1193.0751924132132,1521.0977580430597,0,1,1262.3636779487952,1,1,328.02256562984644,0.274938719466927,69.28848553558191,0.0580755395604473,1.274938719466927,1.0580755395604473,0.0012596249580382,0.0013204142451285,3.5579842254519463
1,17,0,0.2012986607130613,6.031902788558449,6.18,0,0.204,2,1593,1265.4879051283706,1592.1725333702962,0,1,1296.225423932402,1,1,326.6846282419256,0.2581491509464776,30.737518804031424,0.0242890656476984,1.2581491509464775,1.0242890656476984,0.0062675550580024,0.0063615664839743,5.902009673416615
0,2,0,0.1920051109236786,62.65836169356345,60.96,0,0.304,2,1365,1139.7821988298665,1139.7821988298665,1,1,1139.7821988298665,1,1,0.0,0.0,0.0,0.0,1.0,1.0,0.0003098398447035,0.000315450131893,9.381178095936775
0,2,0,0.1929022513380273,59.11918027110495,62.52,0,0.212,2,1485,1087.345889579322,1337.0287041057454,0,1,1169.5524669471145,1,1,249.6828145264235,0.2296259331269667,82.20657736779253,0.0756029688028682,1.2296259331269668,1.0756029688028683,0.0004566013813018,0.0005265921354293,4.661118023097515
0,2,0,0.1811702771141018,72.50390775348717,70.6,0,0.258,2,1590,1086.920272674142,1165.0484106084168,0,1,1087.7806537930203,1,1,78.12813793427472,0.0718802840451734,0.8603811188781947,0.0007915770277808,1.0718802840451735,1.0007915770277809,0.000579424202442,0.0006374046206473,7.198465652763844
0,2,0,0.1865317836732026,80.54182499320856,83.34,0,0.338,2,1578,1114.25723974994,1218.99266617975,0,1,1114.25723974994,1,1,104.73542642980988,0.0939957333849717,0.0,0.0,1.0939957333849717,1.0,0.0007783845067023,0.0008367151021956,16.332723557949066
1,16,0,0.2458097591088079,6.208361491173468,6.08,0,0.202,2,1343,1283.3743991488118,1283.3743991488118,1,1,1283.3743991488118,1,1,0.0,0.0,0.0,0.0,1.0,1.0,0.0029924884438514,0.0029940903186798,3.462192498147488
0,4,0,0.205512612768984,30.83812731613742,29.0,0,0.22,2,1455,1192.6035153409591,1419.688958779553,0,1,1215.0641888937637,1,1,227.085443438594,0.1904115160801546,22.460673552804565,0.0188333115439318,1.1904115160801547,1.018833311543932,0.0007030591368674,0.0007590055465697,3.412697277963161
0,2,0,0.2222367867913933,79.39216247069649,82.12,0,0.272,2,1354,1134.4030178138069,1296.508595667644,0,1,1157.6263767519006,1,1,162.10557785383708,0.1428994592823306,23.223358938093725,0.0204718769021341,1.1428994592823307,1.020471876902134,0.000515930354595,0.0005675703287123,6.4496456906199455
0,3,0,0.2152599133087228,32.85203452976692,33.92,0,0.21,2,1490,1168.7793049396037,1168.7793049405504,1,1,1168.7793049405504,1,1,9.467839845456183e-10,8.100622423277276e-13,9.467839845456183e-10,8.100622423277276e-13,1.00000000000081,1.00000000000081,0.0003371238708495,0.0003345832228659,2.309316001832485
1,20,0,0.1857219798807767,5.313131608021573,5.28,0,0.208,2,1387,1287.9703370215052,1322.9688946456945,1,1,1322.9688946456945,1,1,34.99855762418929,0.0271734189974632,34.99855762418929,0.0271734189974632,1.0271734189974633,1.0271734189974633,0.0054105669260024,0.0053531900048255,3.830185428261757
0,2,0,0.1779264438496167,74.03628360949077,73.9,0,0.236,2,1599,1132.0349800307893,1327.6843527702208,0,1,1175.4142344579718,1,1,195.6493727394316,0.1728297943002699,43.37925442718256,0.0383197120163219,1.17282979430027,1.038319712016322,0.0005619525909422,0.000616207718849,4.089547224342823
0,2,0,0.2206178516109455,60.57229925517309,58.96,0,0.27,2,1243,1086.9427083356895,1086.9427083356895,1,1,1086.9427083356895,1,1,0.0,0.0,0.0,0.0,1.0,1.0,0.0003911778330802,0.000399850308895,5.700183682143688
0,2,0,0.2096896982663165,60.41940076461528,61.46,0,0.268,2,1348,1109.7628598903264,1320.938956982337,0,1,1165.065891112266,1,1,211.17609709201065,0.1902893894943289,55.30303122193959,0.0498331970015693,1.190289389494329,1.0498331970015693,0.0004455596208571,0.0005059242248534,5.645222552120686
0,2,0,0.1873806712394756,48.3383288327966,49.96,0,0.24,2,1282,1138.6133156646947,1138.6133156646947,1,1,1138.6133156646947,1,1,0.0,0.0,0.0,0.0,1.0,1.0,0.0008347257971763,0.0008881911635398,4.431243151426315
0,2,0,0.1947145410797441,95.5125433574848,97.76,0,0.278,2,1503,1141.0927531539508,1141.0927531539508,1,1,1141.0927531539508,1,1,0.0,0.0,0.0,0.0,1.0,1.0,0.000297226011753,0.0003032982349395,8.245065875351429
1,12,0,0.1856844510415287,8.151886212947826,8.26,0,0.204,2,1315,1226.4258433867649,1280.6719590323269,1,1,1280.6719590323269,1,1,54.24611564556199,0.044231060473874,54.24611564556199,0.044231060473874,1.044231060473874,1.044231060473874,0.0026418492197989,0.0026501119136809,3.101647600531578
0,2,0,0.2005050210618645,45.30122440809036,44.36,0,0.202,2,1441,1143.6491525654503,1143.6491525654503,1,1,1143.6491525654503,1,1,0.0,0.0,0.0,0.0,1.0,1.0,0.0003362149000167,0.0003385692834853,1.7419104352593422
0,2,0,0.1643133724597807,91.79806350375492,96.64,0,0.38,2,1477,1122.0905766975072,1292.3775546146658,0,1,1146.6468717132211,1,1,170.28697791715854,0.1517586739016563,24.55629501571389,0.0218844142582384,1.1517586739016563,1.0218844142582384,0.0004280880093574,0.0005376636981963,15.983467735350132
1,13,0,0.1577204304136249,8.491797128184935,8.42,0,0.214,2,1258,1176.0553848779964,1189.5325779448704,1,1,1189.5325779448704,1,1,13.477193066873951,0.0114596584822168,13.477193066873951,0.0114596584822168,1.0114596584822169,1.0114596584822169,0.0023620650172233,0.0023657009005546,4.6470271944999695
0,3,0,0.204307439536209,44.193547568375024,43.18,0,0.268,2,1455,1200.4113140187417,1381.071360897376,0,1,1200.4113140206075,1,1,180.6600468786344,0.1504984539622673,1.8658283806871623e-09,1.5543242211211209e-12,1.1504984539622674,1.0000000000015543,0.0008589848875999,0.0009414851665496,7.902098260819912
0,5,0,0.2033010251425104,26.37957809157917,25.32,0,0.23,2,1495,1114.4052677454065,1264.5521355384726,0,1,1137.3451887275703,1,1,150.14686779306612,0.1347327333590531,22.93992098216381,0.020584899987573,1.1347327333590531,1.020584899987573,0.000909499824047,0.0009720027446746,5.155100047588348
0,4,0,0.221018688765039,32.031196612722056,32.4,0,0.204,2,1582,1263.7978801766344,1526.9906951611674,0,1,1263.7978801766344,1,1,263.192814984533,0.2082554648277681,0.0,0.0,1.208255464827768,1.0,0.0008626356720923,0.0009265094995498,3.85642408579588
0,2,0,0.1943261707022589,61.2527276459657,63.0,0,0.256,2,1525,1114.84482651527,1250.9593872643811,0,1,1135.1054847858263,1,1,136.1145607491112,0.1220928307794832,20.260658270556405,0.0181735231564793,1.1220928307794833,1.0181735231564792,0.0008371770381926,0.000920496881008,6.688754864037037
0,3,0,0.1974331147260993,53.56331613564824,50.48,0,0.264,2,1539,1155.627314862987,1283.145128653759,0,1,1155.627314862987,1,1,127.51781379077192,0.1103451018773216,0.0,0.0,1.1103451018773216,1.0,0.0011799260973929,0.0012774765491484,9.023513227701187
0,3,0,0.212668804200323,38.306311690397486,38.48,0,0.274,2,1589,1287.2209858699312,1287.2209858699312,1,1,1287.2209858699312,1,1,0.0,0.0,0.0,0.0,1.0,1.0,0.0005631297826766,0.0005810409784316,5.648070067167282
0,4,0,0.2189362987844863,23.14473751453153,23.56,0,0.22,2,1318,1244.1019623371942,1244.1019623371942,1,1,1244.1019623371942,1,1,0.0,0.0,0.0,0.0,1.0,1.0,0.0005657970905303,0.0005711987614631,2.950182519853115
1,15,0,0.2165227747163549,6.614225350684716,6.76,0,0.202,2,1509,1222.3219352569376,1463.63252561306,0,1,1232.4178717539874,1,1,241.31059035612225,0.1974198313845997,10.095936497049706,0.0082596378301331,1.1974198313845996,1.0082596378301332,0.004662662744522,0.0047405138611793,5.410971865057945
0,2,0,0.1837908167057048,86.00434437469056,85.7,0,0.408,2,1332,1151.3040055574847,1151.3040055574847,1,1,1151.3040055574847,1,1,0.0,0.0,0.0,0.0,1.0,1.0,0.0004964470863342,0.000503122806549,18.68684343993664
0,5,0,0.2126658894171494,21.01384564350544,20.66,0,0.202,2,1243,2161.8979995126383,2233.7340518509127,1,2,2198.121318586853,2,2,71.83605233827438,0.0332282338734151,36.22331907421449,0.0167553321583073,1.0332282338734151,1.0167553321583074,0.0014658868312834,0.0015839636325835,4.647210411727428
1,12,0,0.1951849323874218,9.21612963684169,9.02,0,0.206,2,1425,1210.0680291492567,1415.3569877685784,0,1,1210.068029149258,1,1,205.28895861932165,0.1696507582004714,1.3642420526593924e-12,1.1274093850893064e-15,1.1696507582004716,1.000000000000001,0.0023507699370383,0.0024231746792792,3.824546530842781
0,2,0,0.1970674247555368,66.4052458530108,64.96,0,0.332,2,1430,1096.5091796523827,1233.123481640174,0,1,1116.6909816377176,1,1,136.61430198779135,0.1245902036416157,20.181801985334918,0.0184055020786355,1.1245902036416158,1.0184055020786356,0.000847578048706,0.0009403228759765,12.655927121639252
0,3,0,0.207576214900306,32.58490766963668,33.02,0,0.24,2,1368,1105.398212394491,1213.142943378215,0,1,1109.0159727313926,1,1,107.74473098372393,0.097471417789187,3.6177603369014832,0.0032728118214202,1.097471417789187,1.0032728118214205,0.0008175000548361,0.0009098276495932,5.254297249019146
0,7,0,0.2029593702103311,15.179142503423954,15.26,0,0.22,2,1261,1240.185747424845,1240.185747424845,1,1,1240.185747424845,1,1,0.0,0.0,0.0,0.0,1.0,1.0,0.0012137517333029,0.0012194588780402,3.1800298020243645
0,2,0,0.1871613100411676,66.93835024591274,67.84,0,0.33,2,1335,1152.8836654734862,1272.296010054,0,1,1152.8836654734862,1,1,119.41234458051372,0.1035770981554078,0.0,0.0,1.1035770981554078,1.0,0.0005754902958869,0.000670664012432,17.401024468243122
0,6,0,0.2213478582818519,17.237468527199773,17.32,0,0.206,2,1357,1278.2273215762352,1299.346201148654,1,1,1299.346201148654,1,1,21.11887957241879,0.0165220060750823,21.11887957241879,0.0165220060750823,1.0165220060750824,1.0165220060750824,0.0008539706468581,0.0008640140295028,2.691066600382328
0,3,0,0.1849297356343666,37.36883286875116,36.84,0,0.25,2,1260,1111.148510779468,1111.148510779468,1,1,1111.148510779468,1,1,0.0,0.0,0.0,0.0,1.0,1.0,0.0004760548472403,0.000463418662548,3.74097752571106
0,2,0,0.1634771773732222,70.0102382189791,71.92,0,0.32,2,1380,1115.447280962509,1317.0384546913076,0,1,1160.8520439033732,1,1,201.5911737287986,0.1807267606182584,45.4047629408642,0.040705431548217,1.1807267606182583,1.040705431548217,0.0004107654094695,0.0004675015807151,9.464317679405212
0,2,0,0.2049633741429447,58.40578781338172,59.08,0,0.27,2,1448,1106.0007643430504,1292.3948771163907,0,1,1150.9037145567122,1,1,186.39411277334037,0.1685298227475059,44.90295021366183,0.0405993844320112,1.1685298227475058,1.0405993844320114,0.0005833953619002,0.0006484612822532,6.07178407907486
1,18,0,0.18578888747174,6.065444888222332,6.3,0,0.212,2,1573,1295.7449514843922,1358.6192149864469,1,1,1358.6192149864469,1,1,62.874263502054646,0.0485236415006105,62.874263502054646,0.0485236415006105,1.0485236415006105,1.0485236415006105,0.004113808274269,0.004114881157875,4.475165404379368
0,3,0,0.1782338599499583,37.074359629119854,38.18,0,0.25,2,1613,1121.8353304235864,1308.91408616911,0,1,1155.2640608781326,1,1,187.0787557455237,0.1667613335683463,33.42873045454621,0.0297982507307236,1.1667613335683464,1.0297982507307235,0.0008533596992492,0.0009467005729675,7.563099451363087
0,2,0,0.2051917605165376,50.2916598420174,53.26,0,0.214,2,1465,1086.0585684804528,1296.9110558991474,0,1,1150.8708164926732,1,1,210.85248741869464,0.1941446746409879,64.81224801222038,0.0596765679984475,1.194144674640988,1.0596765679984477,0.0004254430532455,0.0004875287413596,3.079916909337044
0,2,0,0.1895022812680854,92.57653774602863,88.74,0,0.378,2,1472,1172.4955322388396,1172.4955322388396,1,1,1172.4955322388396,1,1,0.0,0.0,0.0,0.0,1.0,1.0,0.000320516526699,0.0003239959478377,13.802043423056602
0,4,0,0.1912360083719938,31.79059523733567,30.98,0,0.23,2,1333,1102.4914451657291,1203.523367251585,0,1,1102.4914451657291,1,1,101.03192208585574,0.0916396426737518,0.0,0.0,1.0916396426737518,1.0,0.0006861165165901,0.0007480755448341,4.225204303860664
0,8,0,0.2053280626326779,13.634680566038316,13.76,0,0.216,2,1530,1252.8533770009692,1499.7921838877955,0,1,1252.8533770009694,1,1,246.93880688682637,0.1971011224617031,2.273736754432321e-13,1.8148466501923008e-16,1.1971011224617032,1.0000000000000002,0.0018854811787605,0.001962199807167,4.56513562053442
0,2,0,0.2320508642028206,78.86650154230044,77.46,0,0.308,2,1421,1109.2741455536843,1291.8661106522432,0,1,1151.2849656848748,1,1,182.59196509855883,0.1646049047752931,42.010820131190485,0.0378723513025007,1.164604904775293,1.0378723513025008,0.0005914121866225,0.0007052645087241,9.067801892757416
1,16,0,0.2185873288574737,6.018559955666295,6.26,0,0.2,2,1315,1263.107732092336,1263.107732092336,1,1,1263.107732092336,1,1,0.0,0.0,0.0,0.0,1.0,1.0,0.0027522221207618,0.0027559995651244,3.0850875601172447
0,2,0,0.1808081563585433,87.33102503719188,87.18,0,0.324,2,1300,1127.747405816487,1127.747405816487,1,1,1127.747405816487,1,1,0.0,0.0,0.0,0.0,1.0,1.0,0.0005261078476905,0.0005324631929397,8.286305516958237
0,4,0,0.2316332965204149,32.7435378851111,32.76,0,0.24,2,1261,1183.9179788470897,1228.555085875338,1,1,1228.555085875338,1,1,44.63710702824824,0.0377028711665619,44.63710702824824,0.0377028711665619,1.037702871166562,1.037702871166562,0.0005928054451941,0.0005996450781821,3.946224324405193
0,3,0,0.2088166619732801,36.150179179091296,35.82,0,0.212,2,1445,1112.333437897197,1272.9220360578229,0,1,1152.9820562579553,1,1,160.5885981606259,0.1443709167497558,40.64861836075829,0.0365435551749682,1.1443709167497558,1.0365435551749682,0.0006600841879843,0.0007234588265418,2.761973060667515
0,2,0,0.2299016914897206,99.4725810076792,98.3,0,0.412,2,1436,1155.082241104977,1282.4469769130535,0,1,1155.0822411049771,1,1,127.3647358080766,0.1102646472048922,2.273736754432321e-13,1.96846308731854e-16,1.1102646472048925,1.0000000000000002,0.0006358698010444,0.0008033663034438,21.79249420017004
0,9,0,0.2396492882057137,12.10268220031367,11.88,0,0.212,2,1469,1191.6899239224754,1417.6997524188364,0,1,1210.8393871672654,1,1,226.00982849636105,0.1896548959249771,19.149463244790013,0.0160691660308405,1.189654895924977,1.0160691660308403,0.0019958242774008,0.0020568445324896,4.680519245564938
0,2,0,0.2145821116318503,73.68278954737124,75.66,0,0.318,2,1554,1113.312944822769,1206.419993382492,0,1,1113.312944822769,1,1,93.10704855972313,0.0836306170629724,0.0,0.0,1.0836306170629724,1.0,0.0007852092385291,0.0008715167641639,9.95815310627222
0,3,0,0.2077843665002861,37.59209885063023,36.66,0,0.22,2,1321,1272.3642320155022,1272.3642320155022,1,1,1272.3642320155022,1,1,0.0,0.0,0.0,0.0,1.0,1.0,0.0006329119205474,0.0006388500332831,3.1975703090429306
0,2,0,0.2005900758408067,64.22283834532871,64.48,0,0.29,2,1367,1161.8812004399351,1366.1889321293118,0,1,1196.8661684442454,1,1,204.30773168937665,0.1758421873183054,34.9849680043103,0.0301106240388979,1.1758421873183054,1.030110624038898,0.0009452477097511,0.0010111257433891,8.240264415740967
0,2,0,0.1721714167630184,70.48155984924679,69.18,0,0.364,2,1344,1163.6810081849849,1163.6810081887402,1,1,1163.6810081887402,1,1,3.755303623620421e-09,3.227090239684876e-12,3.755303623620421e-09,3.227090239684876e-12,1.0000000000032272,1.0000000000032272,0.0003642365336417,0.0003725141286849,11.575833044946194
0,6,0,0.2421131775632003,21.398201522652364,19.86,0,0.206,2,1475,1200.1080530740503,1439.3722963509003,0,1,1220.5936030309217,1,1,239.26424327685004,0.1993689173770478,20.48554995687141,0.0170697545978448,1.199368917377048,1.0170697545978449,0.0009799078106879,0.0010376349091528,3.0173081010580063
0,2,0,0.2094128826797463,96.90595262281693,95.24,0,0.306,2,1358,1120.2833773797229,1356.0712999842256,0,1,1178.509677188308,1,1,235.78792260450268,0.210471678296251,58.226299808585054,0.0519746173015375,1.210471678296251,1.0519746173015376,0.0005271211266516,0.0006497651338576,9.28470293432474
1,11,0,0.2246456550853171,10.359473685505687,10.26,0,0.204,2,1255,1205.1761616463953,1205.1761616463953,1,1,1205.1761616463953,1,1,0.0,0.0,0.0,0.0,1.0,1.0,0.0013998225331305,0.0014080554246901,2.844164788722992
0,6,0,0.2176769599074497,16.621830601336086,15.64,0,0.224,2,1316,1226.855349239033,1303.682808918746,1,1,1303.682808918746,1,1,76.827459679713,0.0626214489975251,76.827459679713,0.0626214489975251,1.0626214489975252,1.0626214489975252,0.0009204074740409,0.0009280443191527,3.528751067817211
0,2,0,0.2436736283527927,74.49736610141302,75.6,0,0.302,2,1479,1093.266524543013,1185.5960769846497,0,1,1093.266524543013,1,1,92.32955244163668,0.084452921926088,0.0,0.0,1.084452921926088,1.0,0.0006018131971358,0.0006649270653724,12.668194070458412
0,2,0,0.1686970039272584,66.69023775782404,67.84,0,0.314,2,1266,1114.1177719118175,1255.904774519535,0,1,1134.0047038674077,1,1,141.78700260771757,0.1272639268328088,19.88693195559017,0.0178499369249485,1.1272639268328088,1.0178499369249483,0.0005505308508872,0.0006015747785567,9.283325009047983
0,2,0,0.1882216770673802,75.24391818907917,76.5,0,0.232,2,1380,1102.5782657635432,1241.2263600089311,0,1,1128.24523358351,1,1,138.64809424538794,0.125748981773528,25.666967819966885,0.0232790438710419,1.125748981773528,1.023279043871042,0.0005760863423346,0.0006309077143668,5.635455839335918
0,2,0,0.2252247020450855,94.16905775199211,93.34,0,0.342,2,1541,1174.5223717595854,1410.0207670816526,0,1,1213.8582850968062,1,1,235.49839532206715,0.2005056702064008,39.335913337220745,0.0334909868751929,1.2005056702064008,1.033490986875193,0.0005943849682807,0.0006512403488158,12.420585572719574
0,2,0,0.1857015253793396,83.01046341228853,84.16,0,0.356,2,1406,1119.8503011335952,1354.364474600358,0,1,1177.6025322172875,1,1,234.5141734667629,0.2094156453138159,57.75223108369232,0.0515713850549767,1.2094156453138158,1.0515713850549768,0.0004617199301719,0.0005204230546951,13.360531017184258
0,2,0,0.2047560626287209,56.57401459100164,54.22,0,0.23,2,1311,1115.4476148446774,1115.4476148446774,1,1,1115.4476148446774,1,1,0.0,0.0,0.0,0.0,1.0,1.0,0.000323437154293,0.000333622097969,3.6393054351210594
0,5,0,0.2028124892424533,30.925197560668767,30.04,0,0.26,2,1305,1193.5977747401355,1253.6978901746347,1,1,1253.6978901746347,1,1,60.10011543449923,0.0503520672594953,60.10011543449923,0.0503520672594953,1.0503520672594953,1.0503520672594953,0.002105101943016,0.0021223947405815,5.898586429655552
0,3,0,0.1946153913381825,71.96343887226172,70.66,0,0.29,2,1558,1161.6302047772397,1430.6943686272307,0,1,1217.0652670255818,1,1,269.064163849991,0.2316263495417529,55.43506224834209,0.0477217810111718,1.231626349541753,1.047721781011172,0.000571846961975,0.0006364583969115,12.140581846237184
0,2,0,0.1709469988158923,58.18221228268944,58.72,0,0.25,2,1501,1109.0613411235236,1412.1450650850718,0,1,1206.4055625736446,1,1,303.08372396154823,0.2732794956629831,97.34422145012104,0.0877717199587062,1.2732794956629832,1.0877717199587065,0.0004849210381507,0.0006154477596282,4.631994843482971
0,4,0,0.1813081588108519,29.35475161408013,28.74,0,0.224,2,1330,1121.5912710449436,1235.9462913053271,0,1,1121.591271046809,1,1,114.35502026038353,0.1019578372376626,1.8653736333362762e-09,1.6631492072850913e-12,1.1019578372376626,1.0000000000016631,0.0010285004973411,0.0011016651988029,5.4689498245716095
0,6,0,0.1949265332937407,16.49304562016767,16.52,0,0.206,2,1420,1202.8496134936313,1202.8496134936313,1,1,1202.8496134936313,1,1,0.0,0.0,0.0,0.0,1.0,1.0,0.0011823922395705,0.0011940002441405,3.1474183201789856
0,2,0,0.1959856675309232,75.65603745806858,73.54,0,0.266,2,1433,1078.9155659785968,1165.7179286806963,0,1,1084.4757230166492,1,1,86.80236270209957,0.0804533417064644,5.560157038052466,0.0051534681798842,1.0804533417064646,1.0051534681798842,0.0005616843700408,0.0006229355931281,6.0381098985672
0,6,0,0.1701498514131844,17.972441971815215,18.12,0,0.22,2,1588,1199.2227486977408,1424.4875323373374,0,1,1216.9663303350198,1,1,225.26478363959652,0.1878423202730401,17.74358163727902,0.0147959014758076,1.1878423202730402,1.0147959014758077,0.0013053193688391,0.0013753473758696,3.5342192500829697
0,2,0,0.2145578214880368,54.35182255095529,53.62,0,0.212,2,1528,1076.8842571580103,1256.1258165254185,0,1,1128.406475845975,1,1,179.24155936740817,0.1664445906567916,51.5222186879646,0.0478437848315622,1.1664445906567915,1.0478437848315625,0.0004653111100196,0.0005829334259032,3.8795575201511374
0,3,0,0.2092329441163941,35.88235702384867,34.86,0,0.208,2,1326,1121.2695944710497,1226.3816429126723,0,1,1121.309551534025,1,1,105.11204844162262,0.0937437784453688,0.039957062975418,3.563555381546527e-05,1.0937437784453687,1.0000356355538154,0.0006025806069374,0.0006525218486785,2.7445136308670044
0,3,0,0.2245928419026066,42.423978032789165,40.64,0,0.268,2,1433,1187.864943459358,1187.864943459358,1,1,1187.864943459358,1,1,0.0,0.0,0.0,0.0,1.0,1.0,0.0006474405527114,0.0006527081131934,6.583021402359009
0,7,0,0.20424917075125,15.707798647159038,16.16,0,0.222,2,1374,1224.8517991538338,1252.0964698536336,1,1,1252.0964698536336,1,1,27.244670699799823,0.0222432385033204,27.244670699799823,0.0222432385033204,1.0222432385033204,1.0222432385033204,0.0012087896466254,0.0012194588780402,3.44198689609766
0,3,0,0.1935518807743333,49.25846549844302,47.26,0,0.252,2,1518,1225.5061371284269,1438.0683381661142,0,1,1225.5061371284269,1,1,212.56220103768737,0.1734484998465674,0.0,0.0,1.1734484998465675,1.0,0.0005950033664702,0.0007419511675833,4.724109850823879
0,3,0,0.2017241781873884,52.89039469031151,53.62,0,0.252,2,1243,1150.5401338641818,1168.5780867594794,1,1,1168.5780867594794,1,1,18.03795289529762,0.0156778128501399,18.03795289529762,0.0156778128501399,1.01567781285014,1.01567781285014,0.0008793026208877,0.000889204442501,5.303219705820084
0,2,0,0.1830825799787135,65.53849810013133,67.68,0,0.246,2,1389,1079.9763785326277,1241.5776030535794,0,1,1121.3436467772235,1,1,161.60122452095175,0.1496340362004219,41.36726824459584,0.0383038639241368,1.1496340362004218,1.0383038639241369,0.0005738437175749,0.0006770938634871,4.320313334465027
0,9,0,0.1994964429678509,12.09695103815325,12.28,0,0.208,2,1295,1238.9226820270374,1238.9226820270374,1,1,1238.9226820270374,1,1,0.0,0.0,0.0,0.0,1.0,1.0,0.0023820400238036,0.0023629590868949,2.450382627546788
0,2,0,0.21018565652415,92.34763394766352,90.26,0,0.336,2,1466,1091.9752511659235,1183.2878060720218,0,1,1091.9752511659235,1,1,91.31255490609828,0.0836214509519351,0.0,0.0,1.083621450951935,1.0,0.0005425736308097,0.0005949661135672,11.978830859065056
0,2,0,0.2068821970631981,73.71238308198248,75.84,0,0.276,2,1570,1135.7745096961712,1482.4466854981565,0,1,1242.8822098025216,1,1,346.6721758019853,0.305229755415732,107.10770010635042,0.0943036660815733,1.305229755415732,1.0943036660815733,0.0004916712641715,0.0005566775798797,5.869070924818516
1,10,0,0.2296127497556373,10.762446675762334,10.46,0,0.214,2,1571,1275.6583135466924,1554.344016955405,0,1,1278.4696883483607,1,1,278.6857034087127,0.2184642238828729,2.811374801668308,0.0022038619368629,1.218464223882873,1.002203861936863,0.0016543716192245,0.00171010941267,3.4897878021001816
0,2,0,0.1783175637771509,74.94869963420054,76.86,0,0.364,2,1525,1148.9780043185729,1406.352785061718,0,1,1205.7280746417464,1,1,257.37478074314504,0.2240032270206834,56.75007032317353,0.0493917813133685,1.224003227020683,1.0493917813133684,0.0009681284427642,0.0010239854454993,20.91277065873146
0,5,0,0.2067839740636889,23.588749798684265,25.3,0,0.23,2,1399,1191.6920246784186,1191.6920246784186,1,1,1191.6920246784186,1,1,0.0,0.0,0.0,0.0,1.0,1.0,0.0009716525673865,0.0009795501828192,4.097051627933979
0,7,0,0.1839593306426798,15.528152675838204,15.46,0,0.224,2,1269,2187.645149321163,2241.5485760133,1,2,2207.143126214027,2,2,53.903426692137145,0.0246399315304237,19.49797689286379,0.0089127694676232,1.0246399315304238,1.0089127694676232,0.0013464763760566,0.0015796869993209,4.621604137122631
0,2,0,0.1965403664870256,66.23125035221344,66.26,0,0.308,2,1339,1133.060170009241,1133.060170009241,1,1,1133.060170009241,1,1,0.0,0.0,0.0,0.0,1.0,1.0,0.000367373228073,0.0003748536109923,6.522201217710972
0,2,0,0.2029467411648938,65.76028024872508,65.46,0,0.294,2,1494,1151.6762948111132,1151.6762948111132,1,1,1151.6762948111132,1,1,0.0,0.0,0.0,0.0,1.0,1.0,0.0003522634506224,0.000403694808483,6.689560458064079
0,5,0,0.2147727534449835,19.622148110386,19.32,0,0.224,2,1320,1160.0072744985637,1204.7229648339471,1,1,1204.7229648339471,1,1,44.71569033538344,0.0385477671721607,44.71569033538344,0.0385477671721607,1.0385477671721608,1.0385477671721608,0.0013068467378615,0.0013318508863448,4.479904890060425
0,2,0,0.178617860208185,61.9275361319901,63.54,0,0.232,2,1555,1068.1192071217645,1192.7962090851397,0,1,1097.0902193249128,1,1,124.67700196337525,0.1167257372885741,28.971012203148348,0.0271233884850885,1.1167257372885742,1.0271233884850886,0.0006558150053024,0.0007227659225463,3.6967129185795775
0,2,0,0.1966644516192772,52.02196921809712,52.12,0,0.214,2,1544,1065.9425924136929,1166.2827177118245,0,1,1083.8993565527048,1,1,100.34012529813162,0.0941327666351374,17.956764139011966,0.0168459017087882,1.0941327666351377,1.0168459017087883,0.0005375072360038,0.0006013661623,3.970216296613216
0,2,0,0.1803516150719563,83.0946142706011,85.52,0,0.308,2,1597,1096.98448009893,1269.6131268131876,0,1,1136.8631004100453,1,1,172.62864671425768,0.1573665351206148,39.87862031111536,0.0363529485007107,1.1573665351206148,1.0363529485007108,0.000631421804428,0.0007143691182136,13.248172879219055
0,2,0,0.1987563377136477,95.68898361652288,95.12,0,0.356,2,1388,1162.9126181467122,1384.3890753799014,0,1,1197.8319356809757,1,1,221.4764572331892,0.1904497842547683,34.91931753426343,0.0300274646515685,1.1904497842547683,1.0300274646515686,0.0004931837320327,0.0005504637956618,12.89014658331871
0,1,0,0.2027748954153487,94.18241746045422,93.02,0,0.248,2,1444,1066.6153088574786,1131.9401184648736,0,1,1066.6153088574788,1,1,65.32480960739508,0.061244957825862,2.273736754432321e-13,2.1317308457421904e-16,1.061244957825862,1.0000000000000002,0.000497356057167,0.000560589134693,7.027177013456821
0,8,0,0.1919574392131758,13.799838681967149,13.32,0,0.222,2,1376,1214.45356017388,1214.45356017388,1,1,1214.45356017388,1,1,0.0,0.0,0.0,0.0,1.0,1.0,0.001271829009056,0.0012770071625709,3.4924202412366867
0,2,0,0.1786977403722607,75.22640453836266,74.4,0,0.274,2,1259,1127.5297734411402,1127.5297734411402,1,1,1127.5297734411402,1,1,0.0,0.0,0.0,0.0,1.0,1.0,0.0003191828727721,0.0003243461251257,5.020844116806984
0,5,0,0.1832265000721977,18.748848523352343,18.5,0,0.208,2,1460,1168.9209180060725,1333.2481466192926,0,1,1168.9209180079374,1,1,164.3272286132201,0.1405802788554139,1.864918885985389e-09,1.5954192086548845e-12,1.1405802788554138,1.0000000000015954,0.0008173435926437,0.0008778497576713,4.5087239146232605
0,4,0,0.2364499166076941,27.23429860998045,26.94,0,0.214,2,1319,1173.498000447311,1173.498000447311,1,1,1173.498000447311,1,1,0.0,0.0,0.0,0.0,1.0,1.0,0.0006132200360297,0.0006185397505759,2.910107299685478
0,2,0,0.1969655990326978,60.36188826971238,61.7,0,0.228,2,1388,1139.5054869428898,1332.319674194679,0,1,1184.0042617147942,1,1,192.81418725178924,0.1692086518767704,44.49877477190444,0.0390509526121611,1.1692086518767704,1.0390509526121612,0.0005762875080108,0.0006309077143668,5.257922016084194
0,5,0,0.1905294413703827,21.647145884977498,22.1,0,0.242,2,1465,1268.9535532378482,1268.9535532378482,1,1,1268.9535532378482,1,1,0.0,0.0,0.0,0.0,1.0,1.0,0.0007694140076636,0.0007741153240203,4.883175872266293
0,2,0,0.2054048415354414,88.47185449658271,87.18,0,0.34,2,1327,1139.3006670439563,1139.3006670439563,1,1,1139.3006670439563,1,1,0.0,0.0,0.0,0.0,1.0,1.0,0.0003982186317443,0.0004041343927382,11.140057429671288
0,4,0,0.2069420302785188,32.06472747680134,32.52,0,0.244,2,1579,1202.4761192645697,1415.2631442992238,0,1,1212.7193773200229,1,1,212.7870250346541,0.17695738121169,10.243258055453223,0.0085184710875738,1.17695738121169,1.008518471087574,0.0007994025945663,0.0008982717990875,6.09471782296896
0,6,0,0.2234424548116245,18.34026634699776,17.5,0,0.212,2,1589,1188.4837808827324,1379.4475118616867,0,1,1192.9223607868382,1,1,190.96373097895437,0.1606784493408217,4.438579904105836,0.0037346575321449,1.1606784493408218,1.003734657532145,0.0008450672030448,0.000902310013771,3.290660582482815
0,3,0,0.212962650965331,52.78979698557273,50.8,0,0.28,2,1513,1133.9643680709598,1400.497662780581,0,1,1200.6939934004065,1,1,266.53329470962126,0.2350455642297064,66.72962532944666,0.0588463158176332,1.2350455642297065,1.058846315817633,0.0006214976310729,0.0006755590438841,10.53257528692484
0,2,0,0.2335098035753367,62.02959666112162,63.38,0,0.254,2,1539,1106.3845533574677,1310.9466307448315,0,1,1155.7046475636423,1,1,204.56207738736384,0.1848923837255262,49.320094206174645,0.0445777140113773,1.1848923837255263,1.0445777140113774,0.0007454678416251,0.000827059149742,4.790308564901352
0,5,0,0.1643749051057366,19.70266232724851,20.64,0,0.212,2,1339,1192.8844817803129,1193.8614878729695,1,1,1193.8614878729695,1,1,0.9770060926566656,0.000819028252592,0.9770060926566656,0.000819028252592,1.000819028252592,1.000819028252592,0.0010199695825576,0.0010262355208396,2.813838265836239
0,2,0,0.176104523329489,69.08524346284045,67.02,0,0.268,2,1372,1129.7800778105818,1336.4002785430253,0,1,1174.2876329628268,1,1,206.62020073244344,0.182885328561339,44.50755515224501,0.039394884036632,1.182885328561339,1.039394884036632,0.000468723475933,0.000533141195774,6.792343743145466
0,3,0,0.2218418626519488,42.5483452511704,42.34,0,0.234,2,1337,1145.1163057215567,1310.4253686051695,0,1,1161.6120559079632,1,1,165.3090628836128,0.1443600637399437,16.49575018640644,0.0144053054733267,1.1443600637399438,1.0144053054733266,0.0005192831158637,0.0005876719951629,4.088022641837597
0,3,0,0.1940744741747474,50.99465091401119,49.94,0,0.282,2,1540,1293.7049595619128,1325.142659691691,1,1,1325.142659691691,1,1,31.43770012977825,0.0243005175928397,31.43770012977825,0.0243005175928397,1.0243005175928397,1.0243005175928397,0.0006420835852622,0.0006475374102592,6.770131632685661
1,15,0,0.182325940056539,7.197565163059542,6.98,0,0.208,2,1610,1279.978814018151,1559.372934167738,0,1,1279.978814018151,1,1,279.394120149587,0.2182802692432884,0.0,0.0,1.2182802692432884,1.0,0.0041101351380347,0.0041901096701621,5.345262445509434
0,3,0,0.2145276813512757,36.55421061643004,37.48,0,0.244,2,1362,1118.8311666046843,1307.6505565080402,0,1,1155.7492289587983,1,1,188.81938990335584,0.1687648642076765,36.918062354114,0.0329969913746228,1.1687648642076764,1.0329969913746229,0.0006052926182746,0.0006742104887961,6.064223162829876
0,2,0,0.1946277601380808,79.91590425900814,78.06,0,0.326,2,1378,1136.2231282987852,1314.364499004967,0,1,1162.6179708520997,1,1,178.14137070618176,0.1567837920821984,26.394842553314447,0.0232303338102562,1.1567837920821984,1.0232303338102562,0.0004620775580405,0.0005188733339309,12.457516722381117
0,4,0,0.1842922543685076,31.222062105624907,32.24,0,0.226,2,1241,1150.112275194274,1150.112275194274,1,1,1150.112275194274,1,1,0.0,0.0,0.0,0.0,1.0,1.0,0.0007785707712172,0.000820718705654,3.4736877754330635
0,3,0,0.2026574390471904,55.96376230982277,55.54,0,0.288,2,1505,1184.295443185128,1435.7041598452176,0,1,1220.5587272550938,1,1,251.4087166600896,0.2122854715913903,36.26328406996572,0.0306201330745955,1.2122854715913904,1.0306201330745954,0.0005742087960243,0.0006311833858489,7.903898119926453
0,2,0,0.1671721287338686,63.162212858311655,63.42,0,0.226,2,1295,1079.594617859207,1291.2705006757642,0,1,1146.320830264141,1,1,211.6758828165573,0.1960697833380293,66.72621240493413,0.0618067293974191,1.1960697833380294,1.0618067293974192,0.0004197657108305,0.0004695951938628,5.343947127461433
0,5,0,0.207800187357224,21.15826066983813,21.34,0,0.23,2,1503,1133.9579167463878,1348.9486165705475,0,1,1175.899876872327,1,1,214.9906998241597,0.1895931909369462,41.9419601259392,0.0369872281030334,1.1895931909369462,1.0369872281030337,0.0007603988051414,0.0008551031351089,3.954187348484993
0,2,0,0.2035648191965431,84.04638457147361,86.86,0,0.326,2,1383,1153.8076647279918,1356.3793575683758,0,1,1188.661468413561,1,1,202.571692840384,0.1755679902578389,34.85380368556912,0.0302076375041119,1.1755679902578389,1.030207637504112,0.0006999224424361,0.0008494779467582,16.567392230033875
0,2,0,0.1973558061818202,66.91804935898034,64.98,0,0.278,2,1373,1108.8183744473831,1108.8183744473831,1,1,1108.8183744473831,1,1,0.0,0.0,0.0,0.0,1.0,1.0,0.0003432929515838,0.0003482401371001,7.318479537963867
1,10,0,0.2099474508032079,11.594619195987908,11.52,0,0.22,2,1476,1267.0932112166497,1267.0932112166497,1,1,1267.0932112166497,1,1,0.0,0.0,0.0,0.0,1.0,1.0,0.0019174143671989,0.0019247457385062,4.249366909265518
0,2,0,0.1998763469050724,83.07578124334141,81.08,0,0.346,2,1342,1144.7904255165645,1144.7904255165645,1,1,1144.7904255165645,1,1,0.0,0.0,0.0,0.0,1.0,1.0,0.0003482401371001,0.0003520622849463,11.439945623278618
1,16,0,0.2224128045353994,6.282794427602931,6.5,0,0.21,2,1254,1234.4648266847494,1234.4648266847494,1,1,1234.4648266847494,1,1,0.0,0.0,0.0,0.0,1.0,1.0,0.0038796067237853,0.0038704648613929,3.0836628824472427
0,7,0,0.1855812429472387,14.715123009519507,14.88,0,0.208,2,1276,1219.0048966149025,1220.7298339629072,1,1,1220.7298339629072,1,1,1.724937348004687,0.0014150372593208,1.724937348004687,0.0014150372593208,1.001415037259321,1.001415037259321,0.0009547322988509,0.0009610503911971,2.93891354650259
0,6,0,0.1885714285714285,17.469604969130526,17.5,0,0.228,2,1250,1216.5777620263707,1216.5777620263707,1,1,1216.5777620263707,1,1,0.0,0.0,0.0,0.0,1.0,1.0,0.0008806437253951,0.0008867606520651,2.925355687737465
0,3,0,0.1958658877868994,38.442083266209295,38.6,0,0.232,2,1592,1146.1763555516056,1503.5188734453995,0,1,1252.4046296287563,1,1,357.3425178937939,0.3117692283242226,106.22827407715069,0.0926805666184132,1.3117692283242226,1.0926805666184132,0.0006290152668952,0.0006820783019065,4.468085244297981
0,2,0,0.2220486197105934,61.49568938915122,57.2,0,0.208,2,1439,1071.0641888937637,1179.5042358404107,0,1,1092.20550358622,1,1,108.44004694664704,0.1012451429812512,21.141314692456262,0.0197386066229063,1.101245142981251,1.0197386066229064,0.0007478371262549,0.0008093863725661,3.603593029081821
0,2,0,0.1891702059403252,64.11709884807664,66.44,0,0.232,2,1400,1127.2421651430473,1392.2739592856365,0,1,1197.597330382844,1,1,265.0317941425892,0.2351152239846853,70.35516523979663,0.0624135322607175,1.2351152239846854,1.0624135322607176,0.0007042139768599,0.0008010417222975,3.669301643967629
0,8,0,0.1931680278231942,12.729036599858931,12.56,0,0.218,2,1540,1249.618484744502,1249.618484744502,1,1,1249.618484744502,1,1,0.0,0.0,0.0,0.0,1.0,1.0,0.001359075307846,0.0013637095689773,3.771363869309426
0,3,0,0.1846409381475385,39.36595376637507,39.28,0,0.252,2,1530,1255.8503329598177,1510.5260904871575,0,1,1255.850332959818,1,1,254.67575752733975,0.2027914878416395,2.273736754432321e-13,1.8105157077703074e-16,1.2027914878416397,1.0000000000000002,0.0005687251687049,0.0006307959556579,4.816609799861908
0,2,0,0.2243571886862536,72.07426573730504,72.58,0,0.288,2,1382,1082.897767085587,1209.0813735796578,0,1,1104.7632750837274,1,1,126.18360649407076,0.1165240250089996,21.8655079981404,0.0201916641281727,1.1165240250089996,1.0201916641281727,0.0007456243038176,0.0008276253938674,10.245564833283424
0,4,0,0.197464400509003,31.545022686732747,31.5,0,0.238,2,1530,1154.6367297001098,1428.3887428660137,0,1,1214.6575373406397,1,1,273.7520131659039,0.2370892992785745,60.02080764052994,0.0519824167174371,1.2370892992785745,1.0519824167174372,0.0014492720365523,0.0015790462493895,6.474605403840542
0,5,0,0.1669072797349644,22.815124194696644,22.58,0,0.2,2,1489,1232.0682423742987,1473.0909575643911,0,1,1239.969743961523,1,1,241.0227151900924,0.1956244848301758,7.901501587224175,0.0064132012460586,1.1956244848301758,1.0064132012460587,0.0007673650979995,0.0008249059319495,2.652624525129795
0,2,0,0.216160368038553,81.03068001125074,81.4,0,0.366,2,1522,1172.3924187914258,1172.3924187914258,1,1,1172.3924187914258,1,1,0.0,0.0,0.0,0.0,1.0,1.0,0.0003919675946235,0.0004039481282234,13.049106158316135
0,5,0,0.1891074749098599,18.769244494767847,18.86,0,0.206,2,1578,1236.3907848733154,1547.0770028320396,0,1,1274.5463669470937,1,1,310.6862179587242,0.2512848055483996,38.15558207377831,0.030860454914898,1.2512848055483996,1.030860454914898,0.0007565394043922,0.0008062720298766,4.881601206958294
0,2,0,0.2201941952069731,65.77859753565309,66.34,0,0.244,2,1371,1151.0232893761613,1151.0232893761613,1,1,1151.0232893761613,1,1,0.0,0.0,0.0,0.0,1.0,1.0,0.0003713071346282,0.0003747418522834,3.6928040236234665
0,2,0,0.2197628956435393,64.71055890589267,64.96,0,0.216,2,1351,1123.8295258334351,1123.8295258334351,1,1,1123.8295258334351,1,1,0.0,0.0,0.0,0.0,1.0,1.0,0.0003298297524452,0.0003341734409332,2.254850424826145
0,3,0,0.1739158160215156,46.540154815238665,45.54,0,0.268,2,1282,1252.2153811270691,1252.2153811270691,1,1,1252.2153811270691,1,1,0.0,0.0,0.0,0.0,1.0,1.0,0.0008390992879866,0.0008413121104239,4.716618463397026
1,10,0,0.2012999016384712,9.698753328376185,9.82,0,0.212,2,1417,1219.877350486457,1268.8363918816765,1,1,1268.8363918816765,1,1,48.9590413952194,0.0401343966060979,48.9590413952194,0.0401343966060979,1.040134396606098,1.040134396606098,0.0018582493066787,0.0018635913729667,4.385945081710815
0,2,0,0.1617231676787274,64.55931753044753,67.86,0,0.296,2,1605,1164.5478212873231,1523.192990439723,0,1,1262.6227680455504,1,1,358.64516915239983,0.307969464711156,98.07494675822728,0.084217191398643,1.307969464711156,1.0842171913986431,0.0004763901233672,0.0005323290824889,12.563227698206902
0,4,0,0.1798301349943931,29.89501586350185,30.3,0,0.258,2,1325,1226.9178854088548,1226.9178854088548,1,1,1226.9178854088548,1,1,0.0,0.0,0.0,0.0,1.0,1.0,0.0006172508001326,0.0006207153201102,3.479560673236847
0,4,0,0.2123486321831357,35.08984081677583,34.4,0,0.246,2,1418,1222.6671000187469,1222.6671000187469,1,1,1222.6671000187469,1,1,0.0,0.0,0.0,0.0,1.0,1.0,0.0007460936903952,0.0007962137460707,5.419468022882938
0,2,0,0.2057964964687809,43.60503176817959,43.54,0,0.206,2,1534,1100.1699128507523,1284.1826539968515,0,1,1148.369655471624,1,1,184.0127411460992,0.1672584743471912,48.199742620871575,0.0438111804893634,1.1672584743471912,1.0438111804893635,0.0004427507519721,0.000544786453247,3.2492478638887405
0,4,0,0.1757945094892812,29.586363507597184,29.38,0,0.214,2,1241,1198.8972280632229,1198.8972280632229,1,1,1198.8972280632229,1,1,0.0,0.0,0.0,0.0,1.0,1.0,0.0008907020092009,0.0008971020579337,2.7173467352986336
0,3,0,0.1801534137998193,39.83962107763409,39.52,0,0.216,2,1457,1175.2011124045428,1394.3853981157026,0,1,1200.947576707667,1,1,219.18428571115987,0.1865078950297227,25.746464303124185,0.0219081347280595,1.1865078950297228,1.0219081347280596,0.000683769583702,0.000747576355934,4.533724196255207
0,2,0,0.2159162906700403,90.73162345310703,91.04,0,0.374,2,1282,1168.100502830232,1168.100502830232,1,1,1168.100502830232,1,1,0.0,0.0,0.0,0.0,1.0,1.0,0.0003219395875929,0.0003288611769675,11.877830021083357
1,15,0,0.2443181818181818,7.09342618526108,7.04,0,0.21,2,1585,1279.3276069478202,1556.8863564277715,0,1,1279.3276069478202,1,1,277.5587494799513,0.2169567419420755,0.0,0.0,1.2169567419420757,1.0,0.0030633360147475,0.0031237751245498,3.989928580820561
0,4,0,0.2086113597222809,25.2415257553066,24.66,0,0.216,2,1343,1183.2727661610154,1183.2727661619624,1,1,1183.2727661619624,1,1,9.470113582210615e-10,8.003322524640913e-13,9.470113582210615e-10,8.003322524640913e-13,1.0000000000008002,1.0000000000008002,0.0011125653982162,0.0011455044150352,2.8749801591038704
0,3,0,0.1791853830744925,53.1441673138889,51.74,0,0.246,2,1244,1117.4589631069105,1117.4589631069105,1,1,1117.4589631069105,1,1,0.0,0.0,0.0,0.0,1.0,1.0,0.0006402507424354,0.0006461665034294,3.0712770819664
0,2,0,0.1643751108013724,93.68343299911804,94.38,0,0.348,2,1506,1125.2530639313245,1384.511444812499,0,1,1192.884481780397,1,1,259.2583808811744,0.2304000666084809,67.63141784907248,0.0601032958868709,1.230400066608481,1.060103295886871,0.0004928857088088,0.0005562901496887,11.687397353351116
1,14,0,0.1895629228923968,6.88750547808506,6.74,0,0.206,2,1447,1244.7437773203924,1244.7437773203924,1,1,1244.7437773203924,1,1,0.0,0.0,0.0,0.0,1.0,1.0,0.0026623383164405,0.0026657506823539,4.219170302152634
1,10,0,0.1929272052445523,11.184317681404998,11.24,0,0.22,2,1354,1282.1987266210117,1344.4770701926102,1,1,1344.4770701926102,1,1,62.2783435715985,0.0485715219322679,62.2783435715985,0.0485715219322679,1.048571521932268,1.048571521932268,0.0015580132603644,0.0015599504113196,3.5898534283041954
0,2,0,0.1718100066474323,50.08031189329031,51.24,0,0.26,2,1564,1125.5561083510147,1485.3329535946334,0,1,1242.987422229683,1,1,359.7768452436187,0.3196436344436941,117.43131387866832,0.1043318169635363,1.319643634443694,1.1043318169635363,0.0005357265472411,0.000608593225479,5.343254432082176
0,2,0,0.1815871824039699,70.50833449514403,68.8,0,0.27,2,1546,1112.2701425100213,1319.8381172804973,0,1,1162.4942727135976,1,1,207.567974770476,0.1866165123358113,50.22413020357635,0.0451546151281534,1.1866165123358112,1.0451546151281534,0.0005523040890693,0.0006353184580802,5.674785673618317
0,3,0,0.1785624040968149,63.0175446658664,62.82,0,0.326,2,1520,1225.810375601908,1225.810375601908,1,1,1225.810375601908,1,1,0.0,0.0,0.0,0.0,1.0,1.0,0.0005331113934516,0.0005373954772949,9.739948183298113
0,7,0,0.2053825906350207,16.28386826612674,16.26,0,0.222,2,1559,1185.5694203958376,1370.0629626921243,0,1,1185.5694203958376,1,1,184.4935422962867,0.1556159758529264,0.0,0.0,1.1556159758529263,1.0,0.0013217329978942,0.0013853088021277,3.9004854038357735
1,15,0,0.2139894936588403,6.219386082967998,6.22,0,0.204,2,1459,1238.634381039464,1270.4765589632048,1,1,1270.4765589632048,1,1,31.842177923740792,0.0257074875452906,31.842177923740792,0.0257074875452906,1.0257074875452907,1.0257074875452907,0.0035560056567191,0.003553882241249,3.7147164568305016
0,4,0,0.2120114614093625,37.419836291165225,37.68,0,0.242,2,1359,1212.4295619496756,1236.1879488805405,1,1,1236.1879488805405,1,1,23.758386930864845,0.0195956842991023,23.758386930864845,0.0195956842991023,1.0195956842991023,1.0195956842991023,0.0016976296901702,0.0017204508185386,5.205433003604412
0,2,0,0.1967310254059268,67.18876485734555,66.74,0,0.276,2,1252,1134.814409481543,1134.814409481543,1,1,1134.814409481543,1,1,0.0,0.0,0.0,0.0,1.0,1.0,0.0003330558538435,0.0003285408020018,4.930173866450787
0,3,0,0.2009880052589126,42.696520120330376,40.66,0,0.206,2,1356,1178.7573084619946,1178.7573084619946,1,1,1178.7573084619946,1,1,0.0,0.0,0.0,0.0,1.0,1.0,0.0005541592836379,0.0006188452243804,2.847105272114277
1,10,0,0.157258064516129,9.832667406542733,9.92,0,0.204,2,1332,1208.9327627809498,1208.9327627809498,1,1,1208.9327627809498,1,1,0.0,0.0,0.0,0.0,1.0,1.0,0.0018650367856025,0.0018531158566474,3.2294126078486443
0,2,0,0.2097101547237693,83.72778235651151,80.22,0,0.242,2,1292,1120.9939899119772,1248.402375155967,0,1,1138.826072487053,1,1,127.40838524398988,0.1136566176005941,17.832082575075674,0.0159073846385883,1.1136566176005942,1.0159073846385884,0.0005860179662703,0.0006392523646353,5.686866477131844
0,2,0,0.2056344616096796,69.04005115813557,68.04,0,0.286,2,1350,1134.8225661510678,1134.8225661510678,1,1,1134.8225661510678,1,1,0.0,0.0,0.0,0.0,1.0,1.0,0.000329278409481,0.0003309398889541,5.381364166736603
0,2,0,0.2244625694232554,68.214969054039,65.52,0,0.21,2,1584,1114.7686958204567,1328.5680570537886,0,1,1170.4224035524203,1,1,213.7993612333319,0.1917880920364184,55.65370773196355,0.0499239958393369,1.1917880920364183,1.049923995839337,0.0012595951557158,0.0014380291104316,4.32593496888876
0,2,0,0.1938261748855,86.80250822203621,84.76,0,0.286,2,1256,1089.7314131552746,1220.635225888576,0,1,1111.057307112607,1,1,130.9038127333015,0.1201248409957042,21.32589395733248,0.0195698625366632,1.1201248409957043,1.0195698625366632,0.0004405751824378,0.0004963576793669,7.088816978037357
0,3,0,0.175347699623125,60.219503976100974,60.42,0,0.336,2,1426,1181.8565491725435,1362.3893981859917,0,1,1181.8565491725446,1,1,180.53284901344816,0.1527536054522396,1.1368683772161605e-12,9.619343210579311e-16,1.1527536054522396,1.0000000000000009,0.0006567090749739,0.0007716491818427,17.136694982647896
0,6,0,0.2356046390262884,17.29737524822145,17.08,0,0.21,2,1379,1228.5537638021665,1344.49256488336,1,1,1344.49256488336,1,1,115.93880108119356,0.0943701484600743,115.93880108119356,0.0943701484600743,1.0943701484600743,1.0943701484600743,0.0010269358754157,0.0010683983564376,3.1418432369828224
0,6,0,0.2072241208068974,15.402714837435346,15.8,0,0.2,2,1319,1244.6241174547636,1311.7662072399198,1,1,1311.7662072399198,1,1,67.14208978515626,0.0539456763239175,67.14208978515626,0.0539456763239175,1.0539456763239177,1.0539456763239177,0.0010270178318023,0.0010347366333007,2.535369731485844
0,2,0,0.2010834557476356,78.76822649074211,76.16,0,0.242,2,1413,1072.523544266411,1199.523605784021,0,1,1100.8379642993095,1,1,127.00006151761,0.1184123763031011,28.314420032898624,0.0263998120920182,1.118412376303101,1.026399812092018,0.0004989132285117,0.0005601048469542,5.852250926196575
0,2,0,0.1769276793633886,95.87182994602234,93.02,0,0.4,2,1385,1146.9586801327584,1357.3393198805536,0,1,1182.780837192415,1,1,210.3806397477952,0.1834247766654017,35.82215705965655,0.0312322995415233,1.1834247766654018,1.0312322995415233,0.000439129769802,0.0004930868744849,22.296496890485287
0,4,0,0.2132127867929341,25.96832016585124,26.38,0,0.21,2,1336,1128.5316184299431,1256.088469933632,0,1,1143.9643932409572,1,1,127.5568515036889,0.1130290453723848,15.432774811014042,0.0136750929783294,1.1130290453723848,1.0136750929783294,0.0008349493145942,0.0008917078375815,3.398872323334217
0,3,0,0.1981571327710687,62.838774890084025,59.6,0,0.334,2,1263,1200.6043144290416,1200.6043144290416,1,1,1200.6043144290416,1,1,0.0,0.0,0.0,0.0,1.0,1.0,0.000344932079315,0.0003505870699881,8.897621557116508
0,4,0,0.2036848425707184,31.53866840780596,30.04,0,0.256,2,1366,1135.4147430246323,1135.4147430246323,1,1,1135.4147430246323,1,1,0.0,0.0,0.0,0.0,1.0,1.0,0.0006313323974608,0.0006401911377906,5.343013986945152
0,2,0,0.2468642889925308,96.3019100383676,93.5,0,0.394,2,1549,1133.5634329154134,1298.1821639347436,0,1,1150.1354656413764,1,1,164.6187310193302,0.1452223371355117,16.572032725963027,0.0146194136514631,1.1452223371355117,1.0146194136514632,0.0004061609506606,0.000456430017948,22.40184121578932
0,5,0,0.1765481180819469,23.4840627689736,22.6,0,0.24,2,1281,1227.7077791279953,1269.1655608169183,1,1,1269.1655608169183,1,1,41.45778168892298,0.0337684442452333,41.45778168892298,0.0337684442452333,1.0337684442452333,1.0337684442452333,0.0005701035261154,0.0005750060081481,3.363900102674961
0,8,0,0.2056011223038452,14.26788441769771,13.86,0,0.226,2,1351,1222.518982274685,1222.5189822765633,1,1,1222.5189822765633,1,1,1.87833393283654e-09,1.5364456176718093e-12,1.87833393283654e-09,1.5364456176718093e-12,1.0000000000015363,1.0000000000015363,0.0011690035462379,0.0011952817440032,3.5276705473661423
0,2,0,0.2021093295814598,66.64911150246795,69.44,0,0.322,2,1364,1093.8986158364924,1210.3580081736802,0,1,1105.5627716131444,1,1,116.45939233718786,0.1064626928411758,11.664155776652024,0.0106629221463385,1.1064626928411758,1.0106629221463386,0.00070271641016,0.0008697360754012,10.525187887251375
0,6,0,0.1955714703856078,21.00610721273213,21.02,0,0.238,2,1332,1230.3642320155022,1230.3642320155022,1,1,1230.3642320155022,1,1,0.0,0.0,0.0,0.0,1.0,1.0,0.0007320269942282,0.0007875040173529,3.4882628694176674
0,2,0,0.214361624066793,62.115736599247576,62.72,0,0.236,2,1535,1139.106782605634,1334.0863007834646,0,1,1182.232189230609,1,1,194.97951817783064,0.1711687799205509,43.125406624975085,0.0378589674677631,1.171168779920551,1.0378589674677632,0.0008883252739906,0.0009582713246345,3.870596267282963
0,2,0,0.2061309970228641,74.97414855327476,77.3,0,0.346,2,1262,1130.4875250081786,1130.4875250081786,1,1,1130.4875250081786,1,1,0.0,0.0,0.0,0.0,1.0,1.0,0.0003414899110793,0.0003509894013404,10.775064900517464
0,2,0,0.2034977756377289,84.55434528856532,83.74,0,0.372,2,1364,1158.8642380801098,1158.8642380801098,1,1,1158.8642380801098,1,1,0.0,0.0,0.0,0.0,1.0,1.0,0.0003351941704749,0.0003425776958465,12.77917154878378
0,8,0,0.1844175280770598,13.357986697985854,13.36,0,0.21,2,1571,1247.3890651708348,1488.3540875852,0,1,1248.379534916543,1,1,240.9650224143652,0.19317551287125,0.9904697457081966,0.0007940343340852,1.19317551287125,1.000794034334085,0.0018972009420394,0.0019614621996879,4.315522916615009
0,4,0,0.2085363977591196,32.79112188456432,32.3,0,0.2,2,1262,1145.3301502277227,1145.3301502277227,1,1,1145.3301502277227,1,1,0.0,0.0,0.0,0.0,1.0,1.0,0.0009911358356475,0.0009997114539146,2.278718523681164
0,6,0,0.217398328453755,24.406079357424268,23.36,0,0.23,2,1601,1241.6290133337975,1518.3971548303368,0,1,1261.072845905141,1,1,276.76814149653933,0.2229072762671771,19.44383257134359,0.0156599373585323,1.222907276267177,1.0156599373585324,0.0009772032499312,0.0010377466678618,5.361322991549969
0,3,0,0.2161922030919408,46.41813726310346,43.76,0,0.264,2,1599,1182.1049023773485,1362.8339213112035,0,1,1182.1049023773485,1,1,180.72901893385503,0.1528874625004839,0.0,0.0,1.152887462500484,1.0,0.0005752891302108,0.000637337565422,8.024016119539738
0,2,0,0.1570073361194378,59.525683790110094,60.52,0,0.232,2,1422,1141.4580929033843,1141.4580929033843,1,1,1141.4580929033843,1,1,0.0,0.0,0.0,0.0,1.0,1.0,0.0003552138805389,0.0003575012087821,2.4152348786592484
0,1,0,0.2011373975483202,88.51958248697603,92.74,0,0.278,2,1370,1075.785281110073,1149.8772535506869,0,1,1075.785281110073,1,1,74.09197244061397,0.068872454142671,0.0,0.0,1.068872454142671,1.0,0.0004472509026526,0.0005088597536086,6.416084446012974
1,12,0,0.1648390478399951,8.469370338116052,8.14,0,0.208,2,1511,1285.995358620017,1306.6748303532136,1,1,1306.6748303532136,1,1,20.67947173319658,0.0160805181718442,20.67947173319658,0.0160805181718442,1.0160805181718442,1.0160805181718442,0.0024860650300979,0.0024879053235053,3.58423463255167
0,4,0,0.1785467552632655,29.00370255901301,29.94,0,0.256,2,1300,1236.4463211388688,1236.4463211388688,1,1,1236.4463211388688,1,1,0.0,0.0,0.0,0.0,1.0,1.0,0.0005955398082732,0.0006009712815284,5.494842782616615
0,4,0,0.2212610326777251,32.561556695915925,32.2,0,0.248,2,1277,1201.6328123147025,1201.6328123147025,1,1,1201.6328123147025,1,1,0.0,0.0,0.0,0.0,1.0,1.0,0.0006711333990097,0.0007742121815681,4.87480454146862
0,2,0,0.2110834266771114,79.24196093754595,78.0,0,0.282,2,1368,1101.8581315509225,1244.1321166045104,0,1,1125.194650066784,1,1,142.27398505358792,0.1291218723896241,23.3365185158616,0.0211792406369177,1.129121872389624,1.0211792406369178,0.0005236119031905,0.0005745738744734,8.565079852938652
0,4,0,0.1905291731461276,33.61779754374011,33.94,0,0.248,2,1361,1164.0254166991235,1307.1714335201848,0,1,1173.8234755455594,1,1,143.14601682106127,0.1229749924421637,9.79805884643588,0.0084173925292977,1.1229749924421637,1.0084173925292976,0.0011101961135863,0.0011852458119391,7.244404815137386
0,2,0,0.2052288860993964,61.140000704058494,60.92,0,0.222,2,1291,1069.0792259331365,1214.2893740029194,0,1,1107.9338832896244,1,1,145.21014806978292,0.1358273031103354,38.85465735648791,0.0363440392573094,1.1358273031103354,1.0363440392573091,0.0007465630769729,0.0008051544427871,4.326902396976948
0,3,0,0.2071231751288394,42.46291715908413,43.18,0,0.234,2,1416,1136.1209881624072,1254.13607920824,0,1,1136.1209881624072,1,1,118.01509104583285,0.1038754606907787,0.0,0.0,1.1038754606907788,1.0,0.0006673187017439,0.0007204562425612,5.790939100086689
0,2,0,0.2383556056366658,94.6402667841701,94.46,0,0.328,2,1242,1109.7627335110806,1232.4347869753792,0,1,1121.6050345274882,1,1,122.67205346429864,0.1105389915880373,11.842301016407646,0.0106710206234271,1.1105389915880373,1.010671020623427,0.0006548762321472,0.00076524913311,14.77740889042616
0,2,0,0.1924496551129579,44.19606261003958,44.14,0,0.232,2,1556,1134.7331681104536,1439.6788416966124,0,1,1222.314041350715,1,1,304.9456735861588,0.2687377809656796,87.58087324026133,0.0771819099869092,1.2687377809656797,1.077181909986909,0.0004228651523589,0.0005179941654204,4.925289370119572
0,6,0,0.2097931753736655,15.616360839120174,15.58,0,0.22,2,1435,1268.62258970464,1338.221628181826,1,1,1338.221628181826,1,1,69.59903847718601,0.0548618943427375,69.59903847718601,0.0548618943427375,1.0548618943427377,1.0548618943427377,0.0012717321515082,0.0013282150030135,4.055139631032944
0,2,0,0.1938412829523685,62.092805309359896,64.7,0,0.298,2,1519,1101.9012955863543,1267.1259723043506,0,1,1137.7421543698324,1,1,165.22467671799632,0.1499450789102442,35.8408587834781,0.0325263786575422,1.1499450789102443,1.0325263786575425,0.0006433278322219,0.0007986277341842,9.873864151537418
0,4,0,0.1950620191779615,33.3875865757218,31.94,0,0.276,2,1472,1220.98946973669,1433.4268368683902,0,1,1220.98946973669,1,1,212.43736713170028,0.173987878189902,0.0,0.0,1.173987878189902,1.0,0.0007741451263427,0.0008254647254943,8.8694873675704
0,2,0,0.1861899066951816,57.49194827624976,59.04,0,0.224,2,1490,1152.1572066636438,1409.814404615602,0,1,1215.0345470551345,1,1,257.6571979519581,0.223630244607043,62.87734039149064,0.0545735773103112,1.223630244607043,1.054573577310311,0.0004598498344421,0.0005328506231307,5.097414366900921
0,9,0,0.2079680368642139,10.394879335641136,10.94,0,0.212,2,1547,1262.182011226393,1262.182011226393,1,1,1262.182011226393,1,1,0.0,0.0,0.0,0.0,1.0,1.0,0.0013752132654189,0.0013803020119666,4.043577656149864
0,2,0,0.1709420568236948,59.10298704315795,58.88,0,0.266,2,1374,1073.9533671093768,1162.591920252421,0,1,1081.6815328695468,1,1,88.63855314304419,0.0825348249352961,7.728165760169986,0.0071959975142783,1.0825348249352962,1.0071959975142784,0.0006511509418486,0.0007106810808181,5.689435958862305
0,3,0,0.2213168168594809,38.08511638292682,37.84,0,0.224,2,1536,1113.0273178946668,1335.5704635790337,0,1,1169.5095399950858,1,1,222.5431456843669,0.1999440104536838,56.482222100418994,0.0507464832105444,1.1999440104536838,1.0507464832105444,0.0006402060389517,0.0007002502679824,3.3973214104771614
0,2,0,0.220841898196097,55.84386456744763,59.16,0,0.254,2,1385,1103.0209816611457,1233.251287369642,0,1,1124.3528553270485,1,1,130.2303057084962,0.1180669342412415,21.331873665902776,0.0193394994479407,1.1180669342412417,1.0193394994479408,0.0015044659376143,0.0017297714948653,6.705861873924732
0,2,0,0.2008871015109072,71.10151629494833,72.16,0,0.282,2,1515,1104.71041942425,1345.5927942426947,0,1,1173.1542136352384,1,1,240.8823748184448,0.2180502424734866,68.44379421098847,0.061956321772234,1.2180502424734865,1.061956321772234,0.0006310641765593,0.0007001608610152,8.914889089763165
0,3,0,0.1907718284755884,42.171788771431785,39.3,0,0.226,2,1517,1206.1916712306793,1206.1916712306793,1,1,1206.1916712306793,1,1,0.0,0.0,0.0,0.0,1.0,1.0,0.0004860162734984,0.0004907548427581,3.3034808933734894
0,2,0,0.1886938366866209,75.43395841881741,73.82,0,0.352,2,1298,1159.525298822456,1159.525298822456,1,1,1159.525298822456,1,1,0.0,0.0,0.0,0.0,1.0,1.0,0.0006661638617515,0.0006671696901321,9.306629329919817
0,8,0,0.1816919635394578,13.91007552868614,14.14,0,0.22,2,1374,1248.6825554497875,1346.3518637778805,1,1,1346.3518637778805,1,1,97.66930832809294,0.0782178848433671,97.66930832809294,0.0782178848433671,1.0782178848433672,1.0782178848433672,0.0013978406786918,0.0014039576053619,3.9544275999069214
0,6,0,0.2421385246118588,21.864831478125136,21.36,0,0.216,2,1505,1248.9157008596692,1248.9157008596692,1,1,1248.9157008596692,1,1,0.0,0.0,0.0,0.0,1.0,1.0,0.0013989955186843,0.0014024153351782,3.347008273005485
0,3,0,0.2158069957055818,41.23848406361356,41.28,0,0.228,2,1311,1241.0061851313087,1241.0061851313087,1,1,1241.0061851313087,1,1,0.0,0.0,0.0,0.0,1.0,1.0,0.0003703385591506,0.0003763958811759,3.0969047844409943
0,2,0,0.1977003630311729,69.92325584045277,74.24,0,0.25,2,1603,1153.2760627163414,1379.272967261228,0,1,1200.0524104022115,1,1,225.99690454488652,0.1959608040529256,46.77634768587018,0.0405595409443395,1.1959608040529257,1.0405595409443396,0.0004288852214813,0.0004809722304344,4.795153222978115
0,2,0,0.1960315919985617,82.13599611716629,82.78,0,0.324,2,1518,1156.2194105924204,1462.8199490353918,0,1,1237.2882255089066,1,1,306.60053844297136,0.2651750486405311,81.06881491648619,0.0701154246104105,1.265175048640531,1.0701154246104103,0.0008763521909712,0.0009924992918967,9.883438169956207
0,3,0,0.2015883332873035,61.73412614656037,57.18,0,0.288,2,1337,1247.9678583782952,1247.9678583782952,1,1,1247.9678583782952,1,1,0.0,0.0,0.0,0.0,1.0,1.0,0.0006783232092856,0.0007246285676955,6.206425301730633
0,2,0,0.2103536580292309,75.89566667065709,77.22,0,0.322,2,1379,1126.5240410001702,1340.7656108362748,0,1,1177.360693551013,1,1,214.24156983610465,0.1901793144564344,50.8366525508427,0.0451270019108584,1.1901793144564343,1.0451270019108585,0.0008773058652876,0.0009860843420027,10.128982700407503
0,2,0,0.216431329875239,99.08414138127009,101.94,0,0.368,2,1371,1127.046516758222,1259.4082425881722,0,1,1131.4070404823788,1,1,132.36172582995027,0.1174412270140088,4.360523724156792,0.0038689829206865,1.1174412270140088,1.0038689829206866,0.0005438551306724,0.0005958750844001,21.293131314218044
0,2,0,0.2064989783863047,99.81973440615668,93.14,0,0.418,2,1473,1140.3619581677185,1364.2413207930183,0,1,1182.949382874563,1,1,223.8793626252998,0.1963230718297714,42.58742470684456,0.0373455326195483,1.1963230718297715,1.0373455326195484,0.0004492923617362,0.0005097389221191,23.75991408526897
1,17,0,0.2212120194279699,5.817152788039313,5.86,0,0.21,2,1519,1267.7228820879025,1267.7228820897803,1,1,1267.7228820897803,1,1,1.8778791854856536e-09,1.481301009880678e-12,1.8778791854856536e-09,1.481301009880678e-12,1.0000000000014813,1.0000000000014813,0.0040656924247741,0.0040728002786636,4.129052937030792
0,2,0,0.216964411401535,79.97648288665395,80.08,0,0.288,2,1550,1115.1543720653438,1214.830300166845,0,1,1115.1543720653438,1,1,99.67592810150131,0.0893830760999434,0.0,0.0,1.0893830760999434,1.0,0.0005871281027793,0.0006415769457816,12.910324074327946
0,2,0,0.1972165924014341,98.06655191884578,101.88,0,0.322,2,1534,1098.2718200661948,1247.574455907129,0,1,1123.8403562146163,1,1,149.30263584093427,0.1359432456638426,25.56853614842157,0.0232806994418563,1.1359432456638423,1.0232806994418564,0.0004103705286979,0.0004669055342673,14.455782257020472
0,2,0,0.1946342899040685,74.76277239636916,74.3,0,0.276,2,1370,1104.4744477068705,1284.7549486191135,0,1,1147.076296076789,1,1,180.28050091224304,0.1632274076476324,42.60184836991857,0.038572054300006,1.1632274076476323,1.038572054300006,0.0006378144025801,0.0007009133696555,8.570573702454567
0,4,0,0.1715825183969535,32.323094606557405,30.42,0,0.228,2,1589,1177.6306522949217,1497.8261514855535,0,1,1250.9172870478085,1,1,320.19549919063184,0.2718980680119416,73.28663475288681,0.0622322751280875,1.2718980680119416,1.0622322751280877,0.0008487850427626,0.000907003879547,4.049957096576691
0,2,0,0.2600332634619694,95.07859787154558,94.56,0,0.388,2,1566,1137.2184259979977,1342.7819070986463,0,1,1174.220140368357,1,1,205.5634811006487,0.1807598930876016,37.00171437035942,0.0325370338049944,1.1807598930876015,1.0325370338049944,0.0005128160119056,0.0005842298269271,17.073119699954987
0,2,0,0.1791630342990011,80.10585494288243,82.54,0,0.364,2,1249,1153.4552540367763,1153.4552540367763,1,1,1153.4552540367763,1,1,0.0,0.0,0.0,0.0,1.0,1.0,0.0003119632601737,0.0003173500299452,10.9151651263237
0,2,0,0.178035706082378,85.56769497567117,88.86,0,0.36,2,1307,1161.767202461312,1161.767202461312,1,1,1161.767202461312,1,1,0.0,0.0,0.0,0.0,1.0,1.0,0.0003269463777541,0.0003276169300078,9.258678071200848
0,8,0,0.2097532775989252,13.01751514447608,13.42,0,0.222,2,1300,1217.7432839440312,1299.8159681504512,1,1,1299.8159681504512,1,1,82.07268420642004,0.0673973614049446,82.07268420642004,0.0673973614049446,1.0673973614049446,1.0673973614049446,0.0011895522475242,0.001196190714836,3.611279614269733
0,5,0,0.2034562712950939,23.74000726753153,22.98,0,0.24,2,1368,1232.9579038866573,1232.9579038885354,1,1,1232.9579038885354,1,1,1.8781065591610972e-09,1.5232527836033456e-12,1.8781065591610972e-09,1.5232527836033456e-12,1.0000000000015232,1.0000000000015232,0.0008224472403525,0.0008302256464957,4.187655828893185
0,3,0,0.1942994855384162,49.37033887870437,48.48,0,0.292,2,1320,1114.701478360891,1114.701478360891,1,1,1114.701478360891,1,1,0.0,0.0,0.0,0.0,1.0,1.0,0.0004871636629104,0.0005318000912666,6.981988474726677
0,7,0,0.2035782284850022,14.62301354623782,14.48,0,0.206,2,1294,1220.8457413876276,1220.8457413876276,1,1,1220.8457413876276,1,1,0.0,0.0,0.0,0.0,1.0,1.0,0.0008842796087264,0.0008929893374442,2.2604675963521004
0,2,0,0.1647755432588213,94.71924388792952,96.22,0,0.36,2,1372,1122.061105090476,1289.572982606988,0,1,1146.2536767417876,1,1,167.51187751651196,0.1492894431119282,24.19257165131148,0.0215608325977583,1.1492894431119285,1.0215608325977583,0.0004126653075217,0.0004655271768569,18.494105488061905
0,1,0,0.196385751029426,95.9588593485943,94.06,0,0.216,2,1356,1058.623680212047,1115.1429423527825,0,1,1058.623680212047,1,1,56.51926214073546,0.0533893801897709,0.0,0.0,1.053389380189771,1.0,0.0004335567355155,0.0005430206656455,3.007120005786419
0,4,0,0.1776181795183247,28.16017524290321,27.72,0,0.204,2,1285,1170.2588040070427,1184.1965965293523,1,1,1184.1965965293523,1,1,13.937792522309564,0.0119100086874678,13.937792522309564,0.0119100086874678,1.0119100086874675,1.0119100086874675,0.0008216351270675,0.0008300021290778,2.898461148142814
0,2,0,0.1858764264603833,81.09697176497026,79.2,0,0.286,2,1316,1101.3925507061383,1303.4046788601668,0,1,1151.8730173899162,1,1,202.0121281540285,0.1834151938148773,50.48046668377788,0.0458333104317922,1.1834151938148774,1.0458333104317925,0.0004750117659567,0.0005345195531844,8.845522917807102
1,17,0,0.1948145568949026,6.034193809571676,5.84,0,0.2,2,1567,1257.9207741440905,1519.2148909758148,0,1,1260.7381144842398,1,1,261.2941168317243,0.2077190568774198,2.817340340149258,0.002239680270855,1.20771905687742,1.002239680270855,0.0040688291192054,0.0041320696473121,3.848348632454872
0,2,0,0.2375617319036747,89.03475767378897,86.34,0,0.31,2,1447,1125.9295607951194,1442.8474982436646,0,1,1223.1656330309074,1,1,316.9179374485452,0.2814722594411156,97.236072235788,0.0863607064078866,1.2814722594411156,1.0863607064078866,0.0005333498120307,0.000605821609497,8.57293876260519
0,3,0,0.2319602738865685,60.97963567826232,60.04,0,0.336,2,1380,1155.654021456086,1155.654021456086,1,1,1155.654021456086,1,1,0.0,0.0,0.0,0.0,1.0,1.0,0.0005089491605758,0.0005242303013801,10.330707512795923
0,2,0,0.2381393403682478,93.95888643623448,91.54,0,0.438,2,1240,1168.667807168363,1168.6678071683632,1,1,1168.6678071683632,1,1,2.273736754432321e-13,1.9455800360767163e-16,2.273736754432321e-13,1.9455800360767163e-16,1.0000000000000002,1.0000000000000002,0.0003003403544425,0.0003046914935111,16.072422340512276
0,7,0,0.2170559146266767,15.249187671164275,15.78,0,0.218,2,1503,1239.9982521743714,1343.9112260890306,1,1,1343.9112260890306,1,1,103.91297391465925,0.0838009035355049,103.91297391465925,0.0838009035355049,1.083800903535505,1.083800903535505,0.0012931302189826,0.0013009309768676,3.487649820744992
0,4,0,0.2014994073861487,24.174527000380632,24.78,0,0.216,2,1272,1169.5333236514962,1169.5333236514962,1,1,1169.5333236514962,1,1,0.0,0.0,0.0,0.0,1.0,1.0,0.000770442187786,0.0008164942264556,3.2278712317347527
0,2,0,0.2165226645753625,46.598216336189125,45.82,0,0.22,2,1400,1104.0158949614945,1318.85293667195,0,1,1161.261793181355,1,1,214.83704171045545,0.1945959679484039,57.245898219860464,0.0518524221264559,1.194595967948404,1.051852422126456,0.0004989802837371,0.0005567967891692,3.9193220287561417
0,4,0,0.1922909022312243,31.1582308804471,31.02,0,0.22,2,1487,1137.9225620434,1254.5807647856625,0,1,1137.9225620434,1,1,116.65820274226256,0.1025185778307938,0.0,0.0,1.1025185778307938,1.0,0.0008350536227226,0.0008987486362457,5.012771785259247
0,2,0,0.215256042680062,43.0947928979545,42.72,0,0.212,2,1297,1118.7888455072998,1118.7888455072998,1,1,1118.7888455072998,1,1,0.0,0.0,0.0,0.0,1.0,1.0,0.0003032684326171,0.0003087744116782,2.1931035220623016
0,6,0,0.1760441481183098,17.398750767429064,17.9,0,0.214,2,1570,1184.7513696040205,1477.6808026532565,0,1,1241.6043466365895,1,1,292.929433049236,0.247249710415732,56.852977032569015,0.0479872642405731,1.247249710415732,1.0479872642405732,0.001502364873886,0.0016145706176757,3.151960961520672
1,11,0,0.1739746514165276,9.243332542353986,9.66,0,0.21,2,1246,2227.7315575415178,2273.42021777812,1,2,2227.731557541518,2,2,45.68866023660212,0.0205090510487822,4.547473508864641e-13,2.0413022805508694e-16,1.0205090510487822,1.0000000000000002,0.0016431137919425,0.0017124861478804,3.642708316445351
0,2,0,0.1856364125429409,68.31512845455413,69.76,0,0.26,2,1413,1120.1021720708172,1382.658766748611,0,1,1195.322472904019,1,1,262.5565946777938,0.2344041474291453,75.22030083320169,0.0671548566807403,1.2344041474291454,1.0671548566807405,0.0009303390979765,0.0010349676012991,5.063214018940926
0,2,0,0.1990758494293807,52.485933062656784,54.34,0,0.218,2,1315,1119.118870678411,1119.118870678411,1,1,1119.118870678411,1,1,0.0,0.0,0.0,0.0,1.0,1.0,0.0004375353455542,0.0004960522055625,2.69826228171587
0,3,0,0.1938963126469013,50.887826801950006,51.32,0,0.304,2,1245,1158.5629429350147,1158.5629429350147,1,1,1158.5629429350147,1,1,0.0,0.0,0.0,0.0,1.0,1.0,0.0005268976092337,0.0005215629935263,5.960545890033245
0,2,0,0.1698846175902931,50.098412986572605,52.02,0,0.208,2,1251,1077.7142596442886,1077.7142596442886,1,1,1077.7142596442886,1,1,0.0,0.0,0.0,0.0,1.0,1.0,0.0003116205334663,0.0003173127770423,2.9194712936878204
0,3,0,0.1762857888070902,36.94287630846023,37.46,0,0.256,2,1612,1180.878211611591,1542.4952744292473,0,1,1271.7929375704996,1,1,361.6170628176562,0.3062272292450406,90.91472595890856,0.0769890790302868,1.3062272292450403,1.0769890790302867,0.0005504041910171,0.0006037279963492,7.964293658733368
0,2,0,0.1891891263245635,77.08728259245952,77.74,0,0.306,2,1266,1121.954040307287,1121.954040307287,1,1,1121.954040307287,1,1,0.0,0.0,0.0,0.0,1.0,1.0,0.0003073066473006,0.0003128573298453,9.148166127502918
0,2,0,0.1973807676293043,80.88816708168503,80.42,0,0.28,2,1461,1147.420333630691,1332.5406307851713,0,1,1179.2042579620445,1,1,185.12029715448037,0.1613360786179541,31.783924331353543,0.0277003321274447,1.161336078617954,1.0277003321274447,0.0005483552813529,0.0006025210022926,8.789426788687706
0,5,0,0.1649586748100029,23.915144905663723,24.28,0,0.228,2,1437,1113.9413931062843,1272.4781354258134,0,1,1147.7503535950368,1,1,158.53674231952914,0.1423205415479184,33.80896048875252,0.0303507533681592,1.1423205415479185,1.0303507533681593,0.0008075237274169,0.0008659809827803,4.594332933425903
1,21,0,0.2257886191681816,5.713655736031616,5.38,0,0.206,2,1291,1278.616190389313,1281.7204657179318,1,1,1281.7204657179318,1,1,3.104275328618769,0.0024278398411907,3.104275328618769,0.0024278398411907,1.0024278398411908,1.0024278398411908,0.0084459409117698,0.0084721222519874,3.932069770991802
0,2,0,0.1841738293192764,76.3214826835054,79.06,0,0.35,2,1457,1150.2561437084294,1422.1703743007283,0,1,1216.4040445379028,1,1,271.91423059229896,0.2363945040238139,66.14790082947343,0.057507104996816,1.2363945040238138,1.057507104996816,0.0004525631666183,0.0005149021744727,17.196954153478146
0,1,0,0.1959077258133953,95.29543280435026,96.22,0,0.216,2,1368,1060.6915414464925,1116.9552366987791,0,1,1060.6915414464925,1,1,56.26369525228665,0.0530443517778584,0.0,0.0,1.0530443517778585,1.0,0.0005179047584533,0.0005923733115196,3.1820758879184723
0,4,0,0.1765537745704088,26.64269265808488,26.5,0,0.224,2,1253,1210.6136906863912,1210.6136906863912,1,1,1210.6136906863912,1,1,0.0,0.0,0.0,0.0,1.0,1.0,0.0004112198948859,0.0004184544086455,2.799356915056705
0,3,0,0.237890990326404,39.14272780562445,38.6,0,0.25,2,1606,1159.6927085981297,1531.1180515032052,0,1,1265.8590401522983,1,1,371.42534290507547,0.3202791051036832,106.16633155416866,0.0915469509871331,1.3202791051036833,1.0915469509871332,0.0005213022232054,0.0005771443247794,7.062589682638645
0,2,0,0.2028597100260135,65.78928617732933,66.86,0,0.21,2,1546,1079.9763785326277,1263.4780561599969,0,1,1132.2024052712975,1,1,183.5016776273692,0.1699126770501169,52.226026738669816,0.0483584898492221,1.169912677050117,1.0483584898492222,0.000548556447029,0.0006068274378775,3.763536721467972
0,2,0,0.1973629438352057,93.65912920522,96.96,0,0.382,2,1614,1164.7765626155506,1434.9525830445791,0,1,1218.997304004511,1,1,270.17602042902854,0.2319552342488227,54.220741388960505,0.0465503368879656,1.2319552342488227,1.0465503368879656,0.0004578232765197,0.00051861256361,17.778923019766808
0,2,0,0.1710896998356731,92.57464934060027,89.68,0,0.338,2,1387,1155.772132681113,1308.469701940898,0,1,1165.171618082851,1,1,152.69756925978504,0.1321173654754622,9.399485401738048,0.0081326458182838,1.1321173654754622,1.0081326458182838,0.0005911290645598,0.0006519258022307,11.475511863827704
0,3,0,0.1636945750964239,51.23066909932131,49.72,0,0.246,2,1482,1148.045214941702,1335.204132244111,0,1,1175.0677980451487,1,1,187.158917302409,0.1630239949320402,27.022583103446777,0.0235379083957237,1.1630239949320402,1.0235379083957237,0.0006363913416862,0.0006958097219466,5.954710781574249
0,2,0,0.173461198841986,68.06960736407186,65.48,0,0.224,2,1273,1083.641781170158,1214.784752525727,0,1,1114.4178531167722,1,1,131.142971355569,0.121020593368,30.776071946614135,0.0284005955486331,1.121020593368,1.0284005955486333,0.0005744397640227,0.0006374344229697,4.866650104522705
0,5,0,0.2083086146668063,21.055217640123136,22.04,0,0.222,2,1548,1166.564307141516,1349.5303529140738,0,1,1175.159732901054,1,1,182.9660457725577,0.1568418000211985,8.595425759537875,0.0073681542516928,1.1568418000211984,1.0073681542516928,0.0010023191571234,0.0010928288102148,5.006198137998581
0,3,0,0.1982599704614026,39.59584556514901,37.98,0,0.25,2,1413,1216.3597234139347,1216.3597234139352,1,1,1216.3597234139352,1,1,4.547473508864641e-13,3.7385926394383807e-16,4.547473508864641e-13,3.7385926394383807e-16,1.0000000000000004,1.0000000000000004,0.0004825890064238,0.0005264878273009,4.16178098320961
0,2,0,0.1931194460324606,95.81302633718052,94.6,0,0.364,2,1249,1127.3081638953818,1127.308163899137,1,1,1127.308163899137,1,1,3.755303623620421e-09,3.331213011572696e-12,3.755303623620421e-09,3.331213011572696e-12,1.0000000000033311,1.0000000000033311,0.0003940612077712,0.0003998279571532,10.480210699141026
0,3,0,0.1685411424501698,41.61600199738942,41.52,0,0.244,2,1277,1198.4559365822224,1198.4559365822224,1,1,1198.4559365822224,1,1,0.0,0.0,0.0,0.0,1.0,1.0,0.0003719702363013,0.000373177230358,3.3140948340296745
0,2,0,0.1474304877926713,51.494601427312965,52.38,0,0.204,2,1522,1131.9668306008653,1511.706392982822,0,1,1256.2375229118093,1,1,379.7395623819568,0.3354688071384435,124.270692310944,0.1097829803413755,1.3354688071384435,1.1097829803413757,0.000470109283924,0.0005333200097083,2.6757823303341866
0,3,0,0.2249708240531967,51.474302497280334,50.44,0,0.278,2,1361,1156.4939126157046,1280.189536825702,0,1,1156.4939126157046,1,1,123.69562420999728,0.1069574364902865,0.0,0.0,1.1069574364902866,1.0,0.0010772943496703,0.0011425092816352,10.59551040828228
0,2,0,0.192141398603492,56.96412043028888,57.94,0,0.264,2,1460,1112.789947717558,1282.6768796693927,0,1,1145.300966655006,1,1,169.88693195183464,0.1526675652492094,32.51101893744794,0.0292157733848434,1.152667565249209,1.0292157733848435,0.0006336495280264,0.0007009208202361,9.615696534514427
0,3,0,0.1824781322024887,49.58394349320517,50.64,0,0.298,2,1248,2160.8080123509685,2182.014437953204,1,2,2160.808012350971,2,2,21.206425602235413,0.0098141183673059,2.273736754432321e-12,1.052262274776779e-15,1.009814118367306,1.000000000000001,0.0008314400911331,0.0009476765990257,6.828049339354038
0,3,0,0.1870901208912699,50.69601056972592,51.06,0,0.274,2,1593,1201.5098745220332,1442.1452760112852,0,1,1223.280927248836,1,1,240.635401489252,0.2002775063209347,21.771052726802736,0.0181197451543736,1.2002775063209348,1.0181197451543738,0.0007842183113097,0.0008547827601432,9.059279665350914
0,2,0,0.1623655632687224,89.39969186439357,89.22,0,0.32,2,1402,1121.43242719257,1391.4907231912905,0,1,1196.590994051184,1,1,270.0582959987205,0.2408154869168471,75.158566858614,0.0670201476577312,1.240815486916847,1.0670201476577312,0.0004897192120551,0.0005962774157523,11.821616157889366
1,19,0,0.1994685923257064,5.090272131504123,5.18,0,0.2,2,1384,1283.177691582107,1298.921757084574,1,1,1298.921757084574,1,1,15.744065502467038,0.0122695910361839,15.744065502467038,0.0122695910361839,1.012269591036184,1.012269591036184,0.0060146525502204,0.0057359561324119,4.061925999820232
0,5,0,0.180628970086797,22.42513127183845,23.1,0,0.232,2,1261,1209.376260054209,1209.3762600542093,1,1,1209.3762600542093,1,1,2.273736754432321e-13,1.8800904478895611e-16,2.273736754432321e-13,1.8800904478895611e-16,1.0000000000000002,1.0000000000000002,0.0006390586495399,0.0006453692913055,3.673413462936878
0,2,0,0.1936467076426198,97.34158138509132,96.44,0,0.364,2,1614,1168.7781884185215,1343.8211267135878,0,1,1187.1109294401383,1,1,175.04293829506628,0.1497657468539155,18.33274102161681,0.0156853894120174,1.1497657468539155,1.0156853894120177,0.0005263686180114,0.0006466731429099,13.933741919696333
0,5,0,0.2047683396169751,21.629509385678844,22.18,0,0.234,2,1593,1233.4176843017738,1464.214639102172,0,1,1233.4176843017738,1,1,230.79695480039825,0.1871198684256341,0.0,0.0,1.187119868425634,1.0,0.0007826834917068,0.0008339956402778,6.175232745707035
0,4,0,0.1898033420882702,38.39833768756018,37.94,0,0.294,2,1322,1296.1939870848394,1299.9227570835735,1,1,1299.9227570835735,1,1,3.728769998734151,0.0028767067552289,3.728769998734151,0.0028767067552289,1.0028767067552289,1.0028767067552289,0.0013198405504226,0.0013282746076583,8.273986928164959
0,3,0,0.2136304252457719,53.710203213453305,53.48,0,0.306,2,1515,1236.5639135893448,1481.8470060445866,0,1,1243.7206642660954,1,1,245.28309245524176,0.1983586046460504,7.156750676750562,0.0057876108125918,1.1983586046460506,1.0057876108125918,0.0005777701735495,0.0006376728415488,8.343954376876354
0,2,0,0.2198628453799996,78.2074956965767,75.7,0,0.272,2,1434,1092.9531822456947,1181.3649635968525,0,1,1092.9531822456945,1,1,88.41178135115774,0.0808925604384057,-2.273736754432321e-13,-2.080360615045253e-16,1.0808925604384056,0.9999999999999998,0.0017866790294646,0.0019924640655516,8.32160421460867
0,3,0,0.2141751802850535,45.70496216991472,46.42,0,0.3,2,1409,1125.9932390218155,1240.9473792020303,0,1,1125.9932390218155,1,1,114.95414018021484,0.1020913236389225,0.0,0.0,1.1020913236389225,1.0,0.000831015408039,0.0009288936853408,11.80090333521366
0,1,0,0.187793735281297,98.30325661189562,96.76,0,0.252,2,1451,1073.8933320889112,1139.799336327976,0,1,1073.893332088911,1,1,65.90600423906494,0.0613710899115708,-2.273736754432321e-13,-2.1172836132705131e-16,1.061371089911571,0.9999999999999998,0.0004232972860335,0.0004803016781805,5.253547683358192
0,4,0,0.1978319300319795,28.477511525125173,29.76,0,0.276,2,1485,1140.6235655671735,1400.4536597215117,0,1,1200.9611951926945,1,1,259.8300941543382,0.2277965334033214,60.33762962552101,0.052898810306026,1.2277965334033214,1.0528988103060262,0.0006889104843138,0.000745579600334,6.479550942778587
0,3,0,0.1720479656627436,35.41090636586948,34.94,0,0.212,2,1434,1106.088050820434,1266.5877577180624,0,1,1140.0122900959414,1,1,160.49970689762836,0.145105723525879,33.92423927550726,0.0306704690014001,1.145105723525879,1.0306704690014,0.0005292668938636,0.0005810111761093,2.679806835949421
0,6,0,0.1535269709543568,18.53851014119096,19.28,0,0.24,2,1254,1208.8210289546766,1208.8210289546766,1,1,1208.8210289546766,1,1,0.0,0.0,0.0,0.0,1.0,1.0,0.0011689588427542,0.0011721700429915,3.4714909568429
0,6,0,0.2029260386224689,23.257584493948222,22.66,0,0.22,2,1259,1156.464753265515,1210.191560376668,1,1,1210.191560376668,1,1,53.72680711115299,0.0464577990461398,53.72680711115299,0.0464577990461398,1.04645779904614,1.04645779904614,0.0008466690778731,0.0008520036935805,4.326588548719883
0,6,0,0.217989297282969,20.06982237214385,20.5,0,0.206,2,1343,1225.185000877487,1226.1920007024935,1,1,1226.1920007024935,1,1,1.00699982500646,0.0008219165467135,1.00699982500646,0.0008219165467135,1.0008219165467136,1.0008219165467136,0.0011405274271964,0.0011499226093291,3.329995706677437
1,12,0,0.1919642857142857,9.025427183933228,8.96,0,0.212,2,1418,1281.2456521765432,1283.177691582107,1,1,1283.177691582107,1,1,1.932039405563728,0.0015079383116591,1.932039405563728,0.0015079383116591,1.0015079383116592,1.0015079383116592,0.0022878572344779,0.0022951513528823,4.065264537930489
0,7,0,0.1818150092977582,14.411945331153502,14.66,0,0.206,2,1554,1251.1034696786403,1510.1749398692643,0,1,1255.0874699346325,1,1,259.07147019062404,0.2070743759164615,3.984000255992214,0.0031843891033373,1.2070743759164615,1.0031843891033374,0.0013494715094566,0.001409389078617,4.202474117279053
0,2,0,0.1958338336408758,92.9027462037734,90.04,0,0.276,2,1487,1143.9912550167262,1293.9261503684904,0,1,1165.0484106084168,1,1,149.93489535176425,0.1310629733350296,21.057155591690616,0.0184067452433303,1.1310629733350297,1.0184067452433303,0.0006698742508887,0.0007441639900207,5.971209645271301
0,3,0,0.20559614043241,48.99800549676604,46.42,0,0.21,2,1258,1165.0030848365038,1165.0030848365038,1,1,1165.0030848365038,1,1,0.0,0.0,0.0,0.0,1.0,1.0,0.0005402117967605,0.000543400645256,2.385539099574089
0,5,0,0.1566309530682605,24.064894162420817,23.64,0,0.242,2,1342,1258.352435454282,1313.407352427746,1,1,1313.407352427746,1,1,55.05491697346406,0.0437515877287498,55.05491697346406,0.0437515877287498,1.0437515877287498,1.0437515877287498,0.0009082928299903,0.0009177178144454,4.715070523321629
0,2,0,0.1889184865673132,62.831766785049325,64.34,0,0.272,2,1546,1139.8329466246544,1323.0416999321517,0,1,1175.644135879185,1,1,183.2087533074973,0.1607329862240135,35.81118925453052,0.0314179278293164,1.1607329862240134,1.0314179278293163,0.0005539283156394,0.0006058588623999,8.353232339024544
0,2,0,0.2279728140441485,54.889865275160645,50.8,0,0.228,2,1359,1092.7017052671677,1326.7357742733334,0,1,1164.1648617974497,1,1,234.0340690061657,0.214179284134039,71.46315653028205,0.0654004255560388,1.214179284134039,1.0654004255560388,0.0004198551177977,0.000472605228424,4.3105378895998
0,5,0,0.1955223023258453,24.80557697227333,24.4,0,0.238,2,1598,1142.5072203204104,1372.3481686252485,0,1,1197.7062224792917,1,1,229.8409483048381,0.2011724251864074,55.199002158881285,0.0483139197522104,1.2011724251864075,1.0483139197522104,0.0009761005640029,0.0010310411453246,7.258357509970665
0,2,0,0.1777217430643342,81.75439048537325,80.28,0,0.36,2,1491,1161.6397228827095,1366.6306806759046,0,1,1195.285493447934,1,1,204.9909577931951,0.1764668973995588,33.64577056522444,0.0289640323952847,1.176466897399559,1.0289640323952849,0.0008383989334105,0.0009059384465216,19.74747591465712
0,2,0,0.2141843706566351,74.58774502780078,71.26,0,0.31,2,1287,1140.4212148177012,1140.4212148177012,1,1,1140.4212148177012,1,1,0.0,0.0,0.0,0.0,1.0,1.0,0.0003364980220793,0.0003455877304076,6.663408972322941
0,2,0,0.1644836914088824,62.77521570781984,62.94,0,0.27,2,1571,1149.7948319434145,1149.7948319434145,1,1,1149.7948319434145,1,1,0.0,0.0,0.0,0.0,1.0,1.0,0.0005629435181617,0.0005593374371528,5.630686178803444
0,8,0,0.1757764236693667,15.06932729758243,14.94,0,0.224,2,1559,1251.6727723837296,1504.6923091788335,0,1,1254.37788418837,1,1,253.01953679510396,0.2021451152230823,2.70511180464041,0.0021611972907972,1.2021451152230824,1.0021611972907971,0.001486137509346,0.0015421137213706,4.044528633356094
0,5,0,0.1815355145687404,24.47905663921676,23.58,0,0.242,2,1611,1199.7047214131665,1508.2231003983793,0,1,1255.1989545244874,1,1,308.51837898521285,0.2571619278298748,55.49423311132091,0.0462565764065283,1.257161927829875,1.0462565764065284,0.002266377210617,0.0023799091577528,5.834866434335709
0,3,0,0.219118139845728,32.776666069162935,32.44,0,0.208,2,1580,1102.6154905444196,1258.8937760171953,0,1,1142.247829717317,1,1,156.27828547277568,0.1417341646412139,39.632339172897446,0.0359439346832764,1.141734164641214,1.0359439346832764,0.0007870942354201,0.0008731707930564,2.832033172249794
0,9,0,0.174356157648479,11.96412504639119,12.12,0,0.206,2,1345,1243.252883236287,1342.500103624702,1,1,1342.500103624702,1,1,99.24722038841492,0.0798286669804991,99.24722038841492,0.0798286669804991,1.079828666980499,1.079828666980499,0.001364380121231,0.0013702139258383,3.1628538593649864
0,2,0,0.2224496951717084,76.90774287568432,76.56,0,0.274,2,1503,1078.1871970460738,1179.5783667778865,0,1,1091.7983444425402,1,1,101.39116973181262,0.0940385584336334,13.611147396466322,0.0126241040829987,1.0940385584336334,1.0126241040829989,0.0007574707269668,0.0008943676948545,8.737875558435917
0,6,0,0.2085412980816539,19.062972117974454,18.64,0,0.214,2,1576,1240.866981449704,1545.343027040583,0,1,1273.0962577051655,1,1,304.4760455908788,0.2453736380632512,32.2292762554614,0.0259731919192562,1.2453736380632512,1.0259731919192565,0.0008670985698699,0.0009263455867767,3.23027690500021
1,14,0,0.2174195656746461,8.109614562760079,7.86,0,0.21,2,1356,1298.363595928925,1298.363595928925,1,1,1298.363595928925,1,1,0.0,0.0,0.0,0.0,1.0,1.0,0.0020331144332884,0.0020384937524794,3.691487222909928
0,2,0,0.2176929648443319,60.20101535129087,61.28,0,0.228,2,1270,1081.176076135747,1174.6816081150744,0,1,1093.648043282252,1,1,93.50553197932732,0.0864850176055756,12.471967146504994,0.0115355559763043,1.0864850176055756,1.0115355559763044,0.0009202137589454,0.0010024532675742,3.616805098950863
0,2,0,0.1966365344750959,58.87643248825806,58.72,0,0.224,2,1499,1092.7542072045285,1265.8581315509225,0,1,1135.1110120924234,1,1,173.10392434639402,0.1584106683873828,42.356804887894896,0.0387615116085909,1.158410668387383,1.0387615116085909,0.0008653104305267,0.0009853094816207,4.479505121707916
0,1,0,0.2099084947999876,99.3296084316769,97.6,0,0.204,2,1299,1056.9298706825375,1110.0282039137096,0,1,1056.9298706825375,1,1,53.09833323117209,0.0502382747465379,0.0,0.0,1.050238274746538,1.0,0.0003867968916892,0.0004374384880065,3.359206900000572
0,2,0,0.2009510554253585,89.16281703726439,89.78,0,0.314,2,1364,1089.9771191506125,1177.0052509141738,0,1,1089.9771191506125,1,1,87.0281317635613,0.0798439987725428,0.0,0.0,1.0798439987725428,1.0,0.0005937963724136,0.0006598457694053,13.782546572387218
0,2,0,0.2182167707206471,55.51091969638472,52.98,0,0.248,2,1300,1124.9409601667662,1124.9409601667662,1,1,1124.9409601667662,1,1,0.0,0.0,0.0,0.0,1.0,1.0,0.0005285367369651,0.000610239803791,4.969944104552269
0,2,0,0.2179847891729588,77.74651346813476,76.22,0,0.318,2,1491,1143.1022645582498,1324.5579692661938,0,1,1171.2378855343975,1,1,181.45570470794405,0.1587396948934112,28.13562097614772,0.0246133892377692,1.1587396948934112,1.0246133892377691,0.00060997903347,0.0006794780492781,9.76281400769949
0,3,0,0.1942292933497783,40.6125908053497,41.78,0,0.22,2,1353,1201.2690759390755,1201.2690759390755,1,1,1201.2690759390755,1,1,0.0,0.0,0.0,0.0,1.0,1.0,0.0007464811205863,0.0007522925734519,2.4871411100029945
0,2,0,0.2026899696187699,76.56826711811281,76.38,0,0.318,2,1364,1159.555085474275,1159.555085474275,1,1,1159.555085474275,1,1,0.0,0.0,0.0,0.0,1.0,1.0,0.00033912807703,0.0003476664423941,8.625307209789753
0,2,0,0.2020290134370649,60.7103269489654,59.38,0,0.25,2,1539,1128.1861789682334,1348.7921185446348,0,1,1177.9181185090283,1,1,220.6059395764014,0.1955403670856466,49.73193954079488,0.0440813231609312,1.1955403670856466,1.0440813231609312,0.0004128143191336,0.0004695504903792,5.696853935718536
1,10,0,0.2031976149999798,10.822037311071902,11.12,0,0.206,2,1454,1171.8349382065958,1345.3715569770834,0,1,1172.819939901307,1,1,173.53661877048762,0.1480896439528183,0.9850016947111726,0.0008405635150447,1.1480896439528183,1.0008405635150448,0.0016288086771964,0.0016859918832777,3.584415502846241
0,2,0,0.2121282415685946,56.23844990174403,57.38,0,0.236,2,1261,1092.0930407820022,1238.8971690086507,0,1,1123.3580747826386,1,1,146.80412822664857,0.1344245615936974,31.265034000636437,0.0286285443026437,1.1344245615936974,1.0286285443026435,0.0007809698581694,0.0008462071418761,5.726783819496632
1,11,0,0.1835514826264418,9.375689526213073,9.7,0,0.214,2,1276,2248.680281058562,2272.870549534108,1,2,2257.885547839396,2,2,24.190268475545963,0.0107575401800377,9.205266780834336,0.0040936307657311,1.0107575401800375,1.004093630765731,0.0022431835532187,0.0023082494735716,4.554599083960056
0,2,0,0.1876970750855573,67.99904790245733,68.8,0,0.206,2,1441,1070.0789544706518,1233.123481640174,0,1,1116.6909816377176,1,1,163.04452716952233,0.1523668197457237,46.61202716706589,0.0435594279957818,1.1523668197457235,1.0435594279957818,0.0005229711532592,0.0005815476179122,3.7402607649564734
0,2,0,0.1590205835092117,86.9987593423044,87.08,0,0.352,2,1507,1110.8349375954235,1275.9966907712717,0,1,1138.5306818435863,1,1,165.16175317584816,0.1486825338185407,27.695744248162782,0.0249323669168297,1.148682533818541,1.0249323669168298,0.000731237232685,0.0008099675178527,17.852774910628796
0,2,0,0.1733417753843189,76.7940360724096,70.36,0,0.276,2,1468,1129.8590924800783,1281.749326152278,0,1,1155.0009006052442,1,1,151.89023367219966,0.1344328993616323,25.14180812516588,0.0222521624975188,1.1344328993616324,1.022252162497519,0.000506654381752,0.0005629956722259,5.860969349741936
0,3,0,0.1780681998256283,35.53569019862926,34.8,0,0.206,2,1599,1263.7462252609505,1525.8864254123146,0,1,1263.7462252609505,1,1,262.14020015136407,0.2074310450242767,0.0,0.0,1.207431045024277,1.0,0.0007025822997092,0.0007635876536368,3.6623819023370734
0,3,0,0.2108024293663811,44.019368215620645,45.18,0,0.258,2,1469,1171.521605309902,1447.0640765152996,0,1,1223.8338775708396,1,1,275.54247120539753,0.2352005033082667,52.31227226093756,0.0446532714581046,1.2352005033082667,1.0446532714581047,0.0005673691630362,0.0006363093852995,7.553881667554378
0,2,1,0.5805356460884357,28.27474943704837,33.64,0,0.276,2,1592,1161.9506672906944,1499.908723553575,0,1,1252.806564720364,1,1,337.95805626288075,0.2908540489510568,90.85589742966954,0.0781925601381314,1.2908540489510567,1.0781925601381317,0.0004360973834991,0.000491052865982,9.354344077408314
0,1,1,0.6919177077807982,72.0724903689527,81.34,0,0.302,2,1306,1088.5681684111762,1168.491414219958,0,1,1088.5681684111762,1,1,79.92324580878176,0.0734205244357218,0.0,0.0,1.0734205244357218,1.0,0.0005320534110068,0.0005882158875464,9.992610029876232
0,4,1,0.6286219157080666,62.88430895354032,69.06,0,0.256,2,1333,1167.675619100857,1167.675619100857,1,1,1167.675619100857,1,1,0.0,0.0,0.0,0.0,1.0,1.0,0.0006392523646354,0.000644914805889,6.648581273853779
0,6,1,0.5099997400802861,19.838771834281577,21.36,0,0.206,2,1491,1229.6836064532604,1459.2764697909192,0,1,1229.6836064532604,1,1,229.59286333765888,0.1867088917285534,0.0,0.0,1.186708891728553,1.0,0.0011552944779395,0.0012124106287955,4.576489046216011
0,3,1,0.5921942574499848,21.862366171175985,22.58,0,0.206,2,1548,1150.0507669510023,1391.6046778556674,0,1,1199.2595466880734,1,1,241.55391090466517,0.2100376069006669,49.208779737071154,0.0427883543502455,1.2100376069006669,1.0427883543502456,0.0006769895553588,0.0007347613573073,4.574995808303356
0,6,1,0.5922891621605981,19.965145100428074,24.8,0,0.232,2,1365,1209.066713720644,1284.8901700443118,1,1,1284.8901700443118,1,1,75.82345632366787,0.0627123842408475,75.82345632366787,0.0627123842408475,1.0627123842408477,1.0627123842408477,0.0010697692632674,0.0010757520794867,5.137961737811565
0,6,1,1.0239454264605286,26.658833373630905,19.4,0,0.26,2,1324,1209.292213631613,1209.292213631613,1,1,1209.292213631613,1,1,0.0,0.0,0.0,0.0,1.0,1.0,0.0015736520290374,0.0015787780284881,4.182997912168503
0,3,1,0.8380735704208289,87.02104845018255,78.66,0,0.392,2,1550,1177.5654676066083,1425.6249791748746,0,1,1215.9773672449155,1,1,248.05951156826632,0.2106545397195156,38.4118996383072,0.0326197571981955,1.2106545397195156,1.0326197571981957,0.000707484781742,0.000783361494541,17.20339921861887
0,2,1,0.6281645521442681,76.07571186505085,78.9,0,0.416,2,1453,1174.4229666232516,1307.5853633467889,0,1,1174.422966623251,1,1,133.1623967235373,0.1133853820199133,-4.547473508864641e-13,-3.87209177451606e-16,1.113385382019913,0.9999999999999996,0.0005999207496642,0.0006560757756232,22.85452775657177
0,5,1,0.6928510104896172,39.611634515927165,36.04,0,0.272,2,1366,1206.6597776247118,1246.7468877738702,1,1,1246.7468877738702,1,1,40.087110149158434,0.033221551668913,40.087110149158434,0.033221551668913,1.033221551668913,1.033221551668913,0.000877872109413,0.0010361149907111,7.779078736901283
0,4,1,0.7026109856062839,44.48816287262362,42.42,0,0.266,2,1298,1189.7640682262413,1189.7640682262413,1,1,1189.7640682262413,1,1,0.0,0.0,0.0,0.0,1.0,1.0,0.0006326436996459,0.000638149678707,6.292385071516037
1,12,1,0.6295621065413693,9.675831711478528,9.96,0,0.232,2,1440,1267.8938517736865,1267.8938517736865,1,1,1267.8938517736865,1,1,0.0,0.0,0.0,0.0,1.0,1.0,0.002011626958847,0.0020224079489707,4.901686228811741
0,1,1,0.8027969796729216,91.87799494439304,109.48,0,0.306,2,1546,1087.909613012475,1169.1715895081034,0,1,1087.909613012475,1,1,81.26197649562846,0.0746955220577655,0.0,0.0,1.0746955220577654,1.0,0.0004440769553183,0.0005077272653578,9.209646053612232
0,1,1,0.6472895791855495,59.99748040339146,63.34,0,0.312,2,1495,1087.5095399950858,1170.592255529503,0,1,1087.521798467776,1,1,83.08271553441728,0.0763972291542313,0.0122584726902914,1.1272059912547386e-05,1.0763972291542314,1.0000112720599126,0.0004663243889807,0.000547595322132,9.312568813562391
0,3,1,0.7343461957576226,52.27919345230387,55.2,0,0.232,2,1381,1101.9191965566474,1202.6913765563395,0,1,1101.9191965566474,1,1,100.77217999969209,0.0914515150608065,0.0,0.0,1.0914515150608066,1.0,0.0005680471658706,0.0006229355931281,5.514343477785587
0,2,1,0.7141414295291655,52.092177046488686,48.58,0,0.258,2,1543,1130.900349219295,1373.497475968487,0,1,1197.66051612239,1,1,242.59712674919183,0.2145168024014372,66.76016690309484,0.0590327582347834,1.2145168024014372,1.0590327582347834,0.000542290508747,0.0005994737148284,7.826998591423035
0,4,1,0.7480842880590505,21.948043243666504,22.4,0,0.228,2,1240,1182.592147900496,1182.592147900496,1,1,1182.592147900496,1,1,0.0,0.0,0.0,0.0,1.0,1.0,0.0006412640213966,0.0006430000066756,3.589184172451496
0,2,1,0.6842970361570746,73.32478510579034,77.06,0,0.204,2,1496,1111.708945644371,1370.2910180372885,0,1,1185.73488855546,1,1,258.58207239291755,0.2325987151637407,74.02594291108903,0.0665875211323247,1.2325987151637408,1.0665875211323248,0.0006440654397009,0.0007231310009955,2.5477874353528023
0,6,1,0.8410307365592965,44.60307129513235,47.54,0,0.3,2,1415,1211.9058710919007,1272.067269906449,1,1,1272.067269906449,1,1,60.16139881454819,0.0496419732337331,60.16139881454819,0.0496419732337331,1.0496419732337332,1.0496419732337332,0.000900514423847,0.0009041875600813,8.742691300809383
0,2,1,0.6403723088352588,84.48085399349186,92.9,0,0.404,2,1578,1180.5849713805037,1435.392161025822,0,1,1224.266343727919,1,1,254.8071896453182,0.215831300433515,43.68137234741539,0.0369997699499232,1.215831300433515,1.0369997699499234,0.0005415230989455,0.0006006807088851,28.39738970249892
0,2,1,0.5703713961036407,32.17478533012476,39.86,0,0.224,2,1402,1116.5435891574814,1247.1718926973786,0,1,1130.1204552807744,1,1,130.62830353989716,0.1169934651977773,13.57686612329303,0.0121597278020626,1.116993465197777,1.0121597278020626,0.0004250034689902,0.0004749223589896,3.501763440668583
0,3,1,0.6609956424812151,67.19873752928984,72.18,0,0.276,2,1458,1141.181016772685,1337.4608542556375,0,1,1177.9906358491544,1,1,196.2798374829524,0.1719971105355759,36.80961907646929,0.0322557232686613,1.171997110535576,1.032255723268661,0.0006901696324348,0.000745877623558,9.66984973102808
0,1,1,0.7359272815612293,98.07389660633856,88.86,0,0.482,2,1560,1135.162580711932,1269.6531535808608,0,1,1135.1625808255485,1,1,134.4905728689289,0.118476925820248,1.1361657925590408e-07,1.0008837604975311e-10,1.118476925820248,1.0000000001000884,0.0004867315292358,0.0005585774779319,55.03219398856163
0,2,1,0.5150657908781917,64.45703687152441,78.14,0,0.366,2,1537,1140.184186067383,1320.7517602843586,0,1,1164.849750214268,1,1,180.5675742169756,0.1583670221210245,24.66556414688489,0.0216329646107082,1.1583670221210245,1.0216329646107083,0.0005198866128921,0.0005825832486152,19.25545945763588
0,3,1,0.7942220137904512,33.433598104297786,30.64,0,0.244,2,1452,1187.1039832983815,1187.1039832983815,1,1,1187.1039832983815,1,1,0.0,0.0,0.0,0.0,1.0,1.0,0.000555396080017,0.0005616098642348,4.30068764090538
0,3,1,0.7265018087030345,19.41367839215475,20.5,0,0.232,2,1597,1192.9180181452998,1382.9337139684508,0,1,1192.9180181452998,1,1,190.01569582315096,0.1592864664066182,0.0,0.0,1.1592864664066185,1.0,0.0005640760064124,0.0006197094917296,4.262193910777569
0,6,1,0.6264448876181036,16.046329942574605,17.18,0,0.256,2,1479,1206.0991690094838,1412.1584934898272,0,1,1206.0991690094838,1,1,206.0593244803433,0.1708477460021557,0.0,0.0,1.1708477460021556,1.0,0.0012779757380484,0.0013441666960715,6.016899988055229
0,2,1,0.702572410811992,74.81930904789962,75.14,0,0.312,2,1497,1173.683281088499,1456.9650836519868,0,1,1230.6931945643837,1,1,283.2818025634879,0.2413613682055403,57.00991347588479,0.048573507346047,1.2413613682055402,1.048573507346047,0.0008522421121596,0.0009112581610678,8.84820944070816
0,4,1,0.6877568919462209,35.40579730712098,42.38,0,0.202,2,1390,1178.792852687432,1178.792852687432,1,1,1178.792852687432,1,1,0.0,0.0,0.0,0.0,1.0,1.0,0.0008720830082893,0.000875562429428,3.014453634619713
0,3,1,0.7485549076348433,29.3699687259084,29.64,0,0.212,2,1251,1226.0209105837946,1226.0209105837946,1,1,1226.0209105837946,1,1,0.0,0.0,0.0,0.0,1.0,1.0,0.0003619641065597,0.0003688558936118,1.9664843082427976
0,4,1,0.6644311668766392,21.99660716727866,23.92,0,0.224,2,1480,1161.200559506262,1308.9723914907147,0,1,1164.7917332369248,1,1,147.77183198445277,0.1272578029477395,3.591173730662831,0.0030926386499415,1.1272578029477396,1.0030926386499417,0.0007074698805808,0.000770479440689,5.419013641774654
0,2,1,0.6657907982007576,31.351125685070635,32.74,0,0.232,2,1499,1090.4583958378391,1258.565474320267,0,1,1135.3880387819056,1,1,168.10707848242782,0.1541618452607401,44.92964294406647,0.041202528327131,1.15416184526074,1.0412025283271311,0.0008165761828421,0.0008854717016219,5.494915045797825
0,1,1,0.675612626476602,51.55717518017544,52.16,0,0.254,2,1464,1067.6278134773706,1135.0717803753362,0,1,1067.6278134773706,1,1,67.44396689796554,0.0631717964318424,0.0,0.0,1.0631717964318426,1.0,0.0004970878362655,0.0005753859877586,9.42355500906706
0,3,1,0.7515304975112256,56.06225570311809,52.4,0,0.236,2,1443,1077.0566181039871,1151.4993995186564,0,1,1077.0566181039871,1,1,74.4427814146693,0.0691168692187377,0.0,0.0,1.0691168692187378,1.0,0.0009064078330993,0.0009855180978774,6.765636958181858
1,19,1,0.6867170943585602,5.922798415791136,6.16,0,0.202,2,1411,1284.8039174528608,1334.0589058187034,1,1,1334.0589058187034,1,1,49.25498836584256,0.0383365801557417,49.25498836584256,0.0383365801557417,1.0383365801557418,1.0383365801557418,0.0052994266152381,0.0053346455097198,5.2258017510175705
0,3,1,0.6747065462813733,30.09548122004838,33.58,0,0.282,2,1561,1137.135571433476,1435.6250748870468,0,1,1226.0900098286354,1,1,298.48950345357093,0.262492451165954,88.95443839515951,0.0782267661216712,1.262492451165954,1.0782267661216711,0.0008318424224853,0.0008914023637771,10.689767889678478
0,3,1,0.6474178628060897,50.33942197809868,56.64,0,0.276,2,1440,1168.2158152322436,1362.3658520025551,0,1,1195.9084508527608,1,1,194.15003677031157,0.166193638400379,27.692635620517198,0.0237050682411895,1.166193638400379,1.0237050682411897,0.0005700215697288,0.0006392449140548,8.862393826246262
0,4,1,0.8219474801932665,32.04597847593553,27.08,0,0.242,2,1440,1174.9440204783218,1349.2501228822348,0,1,1174.9440204783218,1,1,174.30610240391297,0.1483526869075453,0.0,0.0,1.148352686907545,1.0,0.0006305426359176,0.0006892308592796,5.659139692783356
0,3,1,0.7601194724259868,83.17845219975473,75.76,0,0.632,2,1329,1273.699514827708,1280.9503610047818,1,1,1280.9503610047818,1,1,7.250846177073754,0.0056927447114985,7.250846177073754,0.0056927447114985,1.0056927447114985,1.0056927447114985,0.0006049126386642,0.0006128102540969,56.61214479058981
0,5,1,0.7859606351910507,28.15956756157805,23.88,0,0.232,2,1538,1223.1656330309074,1448.080392227468,0,1,1225.3637506647794,1,1,224.91475919656068,0.1838792336236914,2.198117633872016,0.0017970727549181,1.1838792336236914,1.001797072754918,0.0007943734526633,0.0008494779467582,4.129320830106735
0,3,1,0.7693098664917394,76.02581122973378,67.86,0,0.238,2,1264,1187.6669279610237,1187.6669279610237,1,1,1187.6669279610237,1,1,0.0,0.0,0.0,0.0,1.0,1.0,0.0004006698727607,0.0004077032208442,2.954620912671089
0,3,1,0.6617273577136675,48.28838504052408,53.76,0,0.288,2,1445,1211.5275258262354,1421.942038993455,0,1,1211.5275258262354,1,1,210.41451316721964,0.1736770388470716,0.0,0.0,1.1736770388470716,1.0,0.0005753859877585,0.0006375014781951,8.180093042552471
0,2,1,0.586540122083705,56.21488574718665,70.9,0,0.2,2,1523,1092.20550358622,1186.0183290739783,0,1,1095.1324572918752,1,1,93.81282548775836,0.0858930166344402,2.926953705655251,0.0026798562139127,1.0858930166344405,1.0026798562139128,0.0004457607865332,0.0005007907748221,2.343457199633121
0,3,1,0.6698915919448741,47.56942620799131,51.98,0,0.288,2,1285,1152.3185396387294,1152.3185396387294,1,1,1152.3185396387294,1,1,0.0,0.0,0.0,0.0,1.0,1.0,0.0003391653299331,0.000345043838024,5.071886159479618
0,3,1,0.5657738872557307,39.233795961601714,46.64,0,0.262,2,1505,1266.166561974343,1266.166561974343,1,1,1266.166561974343,1,1,0.0,0.0,0.0,0.0,1.0,1.0,0.0007400661706923,0.000749111175537,5.3803273141384125
0,2,1,0.6080998701759129,40.75675551762957,45.38,0,0.274,2,1515,1163.7946953544374,1163.7946953544374,1,1,1163.7946953544374,1,1,0.0,0.0,0.0,0.0,1.0,1.0,0.0003564953804015,0.0003635734319686,6.022776633501053
1,18,1,0.6719129507593651,5.0237084943526265,5.32,0,0.21,2,1450,1215.157468514294,1281.4632002055296,1,1,1281.4632002055296,1,1,66.30573169123568,0.0545655467783151,66.30573169123568,0.0545655467783151,1.054565546778315,1.054565546778315,0.0088210627436637,0.0088282823562621,4.355553157627583
0,4,1,0.5992634896573781,32.42016460287583,34.26,0,0.262,2,1586,1235.8225621381594,1486.3836524824949,0,1,1246.392919520028,1,1,250.56109034433555,0.2027484349458931,10.57035738186869,0.0085532969745918,1.202748434945893,1.0085532969745918,0.0007846951484679,0.0008461400866508,5.777472972869873
0,2,1,0.6089520006383113,61.73145450923471,70.12,0,0.308,2,1353,1093.688180681031,1208.119415381434,0,1,1104.2814835240242,1,1,114.43123470040292,0.1046287568264178,10.593302842993126,0.0096858529058956,1.104628756826418,1.0096858529058956,0.0004070252180099,0.0004621967673301,9.261843107640743
0,2,1,0.7740362731977427,81.31935942389242,77.64,0,0.4,2,1493,1156.031430725468,1343.3600450624258,0,1,1182.9418482597616,1,1,187.3286143369578,0.1620445684763083,26.91041753429363,0.0232782749837571,1.1620445684763083,1.0232782749837572,0.0005592480301856,0.0006123334169387,28.71447315812111
0,3,1,0.6488241390290278,95.22199055336183,102.08,0,0.348,2,1355,1149.5382859895983,1149.5382859895983,1,1,1149.5382859895983,1,1,0.0,0.0,0.0,0.0,1.0,1.0,0.0006346330046653,0.0006724447011947,11.274521112442017
0,2,1,0.875575402091531,44.46495442335971,39.86,0,0.394,2,1412,1144.885193992592,1289.5078455458406,0,1,1144.885193992592,1,1,144.62265155324872,0.1263206584486448,0.0,0.0,1.126320658448645,1.0,0.000629961490631,0.000690959393978,24.94255080074072
0,3,1,0.6686743572972091,85.86147242234387,94.0,0,0.366,2,1402,1212.8888735563623,1212.8888735563623,1,1,1212.8888735563623,1,1,0.0,0.0,0.0,0.0,1.0,1.0,0.0006268396973609,0.0006306245923042,12.820697888731956
0,8,1,0.6387234195401927,24.22694474014009,27.68,0,0.25,2,1368,1211.6779401707336,1211.6779401707336,1,1,1211.6779401707336,1,1,0.0,0.0,0.0,0.0,1.0,1.0,0.0015022531151771,0.001507669687271,5.278896234929562
0,2,1,0.7135364049223591,82.21626358492234,91.34,0,0.37,2,1409,1184.0588730961565,1344.7756972051686,0,1,1184.150174797483,1,1,160.71682410901212,0.1357338116885683,0.0913017013265289,7.710908925312736e-05,1.1357338116885682,1.000077109089253,0.0004656165838241,0.0005226209759712,16.337521493434906
0,1,1,0.6353314283130361,94.8492338992472,105.34,0,0.302,2,1240,1082.2000807900706,1162.9977871394956,0,1,1082.2000807900708,1,1,80.79770634942497,0.0746605990737293,2.273736754432321e-13,2.1010317729530726e-16,1.0746605990737292,1.0000000000000002,0.000389665365219,0.0004456266760825,9.827627047896383
0,6,1,0.6025242380213138,19.493773014293566,21.92,0,0.218,2,1537,1215.050324949691,1428.6674954948394,0,1,1215.050324949691,1,1,213.6171705451484,0.175809319300411,0.0,0.0,1.175809319300411,1.0,0.0010390952229499,0.0011027306318282,5.002899751067162
0,8,1,0.6860451016477707,13.036722947934912,16.44,0,0.202,2,1406,1164.7765626155506,1164.7765626155506,1,1,1164.7765626155506,1,1,0.0,0.0,0.0,0.0,1.0,1.0,0.0013174042105674,0.0013304650783538,2.593345656991005
0,2,1,0.7511069689397247,64.01937455117061,61.28,0,0.284,2,1610,1116.3737564044109,1332.6753736405185,0,1,1166.9399137507212,1,1,216.30161723610763,0.1937537639121566,50.56615734631032,0.045295007210822,1.1937537639121565,1.045295007210822,0.0004734396934508,0.0005284771323203,9.618427962064745
0,4,1,0.710583206386501,48.17167025083575,50.2,0,0.396,2,1320,1211.546550213734,1234.646235046947,1,1,1234.646235046947,1,1,23.099684833212905,0.0190662792355256,23.099684833212905,0.0190662792355256,1.0190662792355256,1.0190662792355256,0.0007793828845024,0.0007847771048545,24.6389841362834
0,3,1,0.7405261648157131,57.50661885127614,54.3,0,0.28,2,1592,1143.4966931546114,1257.602544855566,0,1,1143.4966931546114,1,1,114.10585170095464,0.0997867789072184,0.0,0.0,1.0997867789072184,1.0,0.0006482377648353,0.000709019601345,10.891832172870636
0,1,1,0.7580461999535731,57.24992097295692,58.58,0,0.316,2,1334,1086.235498906763,1171.1757447250789,0,1,1086.235498906763,1,1,84.94024581831582,0.0781968973613949,0.0,0.0,1.078196897361395,1.0,0.0007573217153548,0.000851161777973,10.54842322319746
0,1,1,0.7032313263609988,49.57640727131522,49.96,0,0.23,2,1569,1063.3297565587316,1123.6600416977412,0,1,1063.3297565587316,1,1,60.33028513900968,0.0567371361206493,0.0,0.0,1.0567371361206492,1.0,0.0004254505038261,0.0004887655377387,5.047536864876747
0,3,1,0.690088392276334,95.62460978333014,96.68,0,0.422,2,1343,1173.9045125842194,1173.9045125842194,1,1,1173.9045125842194,1,1,0.0,0.0,0.0,0.0,1.0,1.0,0.0004212036728857,0.0004255697131155,21.12738685309887
0,2,1,0.5960957212918429,63.73537254469713,71.58,0,0.392,2,1400,1203.0492179179355,1203.0492179179355,1,1,1203.0492179179355,1,1,0.0,0.0,0.0,0.0,1.0,1.0,0.0005501061677932,0.000563085079193,16.71428930014372
0,5,1,0.5867385348918376,13.664536768178165,16.76,0,0.23,2,1299,1262.7746386527388,1278.5820982834662,1,1,1278.5820982834662,1,1,15.807459630727408,0.012518036985279,15.807459630727408,0.012518036985279,1.012518036985279,1.012518036985279,0.0009121000766753,0.0009202435612678,4.6536335572600365
0,1,1,0.6607393234422461,82.54596223442812,71.9,0,0.22,2,1397,1058.8027906372283,1116.5993220769524,0,1,1058.8027906372283,1,1,57.79653143972405,0.0545866821950288,0.0,0.0,1.054586682195029,1.0,0.0005902349948882,0.0006539449095725,4.777860425412655
0,6,1,0.7649365333539041,42.02383311512012,41.0,0,0.268,2,1501,1254.5655574044165,1312.1922776966717,1,1,1312.1922776966717,1,1,57.62672029225519,0.045933606221009,57.62672029225519,0.045933606221009,1.045933606221009,1.045933606221009,0.0009604841470718,0.0009703710675239,6.259037747979164
0,4,1,0.6794966323569712,55.03141418584822,58.62,0,0.272,2,1545,1165.2113836171538,1474.522767826473,0,1,1237.9538246721677,1,1,309.3113842093192,0.2654551685284149,72.74244105501384,0.0624285362104858,1.265455168528415,1.062428536210486,0.0013771951198577,0.0014574006199836,6.6546725705266
0,3,1,0.7392770307081165,55.132687898212986,50.02,0,0.262,2,1253,1130.1536257550456,1130.1536257550456,1,1,1130.1536257550456,1,1,0.0,0.0,0.0,0.0,1.0,1.0,0.0006873607635497,0.000695303082466,5.768803045153618
0,8,1,0.7393659255836055,29.594818369578697,28.52,0,0.222,2,1477,1237.3242412055706,1276.9408800464514,1,1,1276.9408800464514,1,1,39.6166388408808,0.0320179929573519,39.6166388408808,0.0320179929573519,1.032017992957352,1.032017992957352,0.0012701675295829,0.0012772753834724,4.713349208235741
0,2,1,0.7882968722371193,90.50873901638728,80.36,0,0.368,2,1269,1133.739340407452,1241.8926712325244,0,1,1134.969952163714,1,1,108.15333082507254,0.0953952350160166,1.2306117562620784,0.0010854450510818,1.0953952350160163,1.0010854450510818,0.0006048828363417,0.0006597936153411,22.760735601186752
0,4,1,0.8068318550693875,47.48520630986921,49.82,0,0.424,2,1305,1196.3965962867085,1208.582762249594,1,1,1208.582762249594,1,1,12.186165962885523,0.0101857243665755,12.186165962885523,0.0101857243665755,1.0101857243665755,1.0101857243665755,0.0007938742637634,0.0008004754781722,22.218561001122
0,5,1,0.612858191859344,64.03736313415087,71.18,0,0.374,2,1551,1290.063099183902,1381.8643729711025,1,1,1381.8643729711025,1,1,91.80127378720044,0.0711602973879915,91.80127378720044,0.0711602973879915,1.0711602973879917,1.0711602973879917,0.0012974515557289,0.001303419470787,16.45361026376486
0,1,1,0.5793564964152804,94.63513286260478,91.28,0,0.242,2,1422,1064.5881324795669,1128.2943887316555,0,1,1064.5881324795669,1,1,63.70625625208868,0.0598412233881551,0.0,0.0,1.0598412233881551,1.0,0.0007724240422248,0.0008549615740775,4.682928562164307
0,3,1,0.5902162571105796,72.87474973812141,71.3,0,0.304,2,1286,1159.6190899282228,1171.9665737378966,1,1,1171.9665737378966,1,1,12.347483809673804,0.0106478790465911,12.347483809673804,0.0106478790465911,1.0106478790465911,1.0106478790465911,0.000662550330162,0.000674046576023,8.237721286714077
1,11,1,0.7608100762595165,9.543779960597565,9.74,0,0.206,2,1355,1274.1910787098636,1284.2189099263055,1,1,1284.2189099263055,1,1,10.027831216441882,0.0078699587400935,10.027831216441882,0.0078699587400935,1.0078699587400934,1.0078699587400934,0.0015799030661582,0.0015852600336074,2.888804078102112
0,3,1,0.6110130997820855,98.36524849026291,120.64,0,0.404,2,1479,1170.1995344348222,1310.5536624440408,0,1,1170.1995344348236,1,1,140.35412800921858,0.119940338274879,1.3642420526593924e-12,1.1658200268540425e-15,1.1199403382748792,1.000000000000001,0.0007068514823912,0.000763028860092,30.26644568890333
0,4,1,0.534435542634665,19.07496121749616,21.56,0,0.214,2,1264,1153.7035150239908,1153.7035150239908,1,1,1153.7035150239908,1,1,0.0,0.0,0.0,0.0,1.0,1.0,0.0009781047701835,0.000986024737358,2.632120169699192
0,3,1,0.5547597223715705,32.20618964516813,35.52,0,0.28,2,1472,1214.9831548146528,1471.6566848744255,0,1,1236.0041501751953,1,1,256.6735300597727,0.2112568631446816,21.02099536054243,0.0173014706230632,1.2112568631446816,1.0173014706230632,0.0005613863468169,0.0006241351366042,10.279043070971966
0,3,1,0.7841849404860011,59.78928267623232,60.04,0,0.35,2,1340,1170.1590844129107,1318.1543337119476,0,1,1170.1590844129107,1,1,147.9952492990369,0.1264744693866037,0.0,0.0,1.1264744693866038,1.0,0.0005227774381636,0.0005801022052764,23.06166984885931
0,4,1,0.8030938288830272,46.84418372388801,39.6,0,0.29,2,1543,1207.9609729955996,1412.703092589489,0,1,1216.6695068907118,1,1,204.74211959388936,0.1694939854606008,8.708533895112168,0.0072092841489042,1.1694939854606008,1.0072092841489042,0.0006126016378402,0.0006695687770843,8.273395486176014
0,7,1,0.7121669705228701,17.252797287076447,17.48,0,0.2,2,1537,1249.924426324159,1499.0786720726246,0,1,1249.924426324159,1,1,249.15424574846568,0.1993354482088097,0.0,0.0,1.1993354482088097,1.0,0.0012119114398956,0.0012609064579009,2.8211577981710434
0,4,1,0.82779450565701,54.77787609018616,56.02,0,0.238,2,1449,1227.8164789843793,1234.4842917185242,1,1,1234.4842917185242,1,1,6.667812734144945,0.0054306265213677,6.667812734144945,0.0054306265213677,1.0054306265213675,1.0054306265213675,0.0009440109133719,0.0009585842490195,4.425178647041321
0,3,1,0.5726560529177451,78.86879184960874,94.36,0,0.33,2,1338,1193.424658728003,1193.424658728003,1,1,1193.424658728003,1,1,0.0,0.0,0.0,0.0,1.0,1.0,0.0007045343518257,0.0007047280669212,8.50064568221569
0,2,1,0.5686880825732663,41.80680394812703,51.9,0,0.238,2,1305,1144.8198613419509,1144.8198613419509,1,1,1144.8198613419509,1,1,0.0,0.0,0.0,0.0,1.0,1.0,0.0003229081630706,0.0003291070461272,3.8908083885908127
0,3,1,0.8711126722810558,69.60630659734963,57.6,0,0.292,2,1292,1196.7788407912467,1196.7788407912467,1,1,1196.7788407912467,1,1,0.0,0.0,0.0,0.0,1.0,1.0,0.0005429834127425,0.0005493015050887,6.518435075879097
0,3,1,0.5672799463850203,46.43325439494839,51.4,0,0.21,2,1516,1143.9854247785097,1387.3139586079214,0,1,1195.5826150379175,1,1,243.32853382941173,0.2127024772859525,51.59719025940785,0.0451030136764178,1.2127024772859525,1.045103013676418,0.0005106553435325,0.0005639642477035,3.8028408586978912
0,5,1,0.6308367832252268,27.500917648364943,29.8,0,0.248,2,1589,1153.0527518748772,1321.1155593565245,0,1,1160.8288467849077,1,1,168.06280748164727,0.1457546562448033,7.7760949100304515,0.0067439194758318,1.145754656244803,1.006743919475832,0.0007585734128951,0.0008141621947287,5.2546887174248695
0,9,1,0.7778892200951887,20.01233657000636,19.74,0,0.22,2,1597,1255.5275258262354,1540.6142567493823,0,1,1271.9376278465904,1,1,285.0867309231469,0.2270652973024526,16.410102020354998,0.0130702845479678,1.2270652973024525,1.013070284547968,0.0016531422734259,0.0017045587301253,7.22753319144249
0,1,1,0.6078923119246668,98.4180413974262,110.74,0,0.322,2,1489,1093.4274263867185,1178.9708383531024,0,1,1093.4274263867185,1,1,85.54341196638393,0.0782341926880927,0.0,0.0,1.0782341926880927,1.0,0.0005163699388503,0.0005946531891822,15.005135089159012
0,3,1,0.579015637719788,78.07382889232808,83.0,0,0.504,2,1369,1242.8822098025216,1280.3840697198484,1,1,1280.3840697198484,1,1,37.50185991732678,0.0301733017188212,37.50185991732678,0.0301733017188212,1.0301733017188213,1.0301733017188213,0.0005425214767455,0.0005433484911917,31.77609845995903
0,5,1,0.795137955670899,70.70891135037577,69.68,0,0.23,2,1459,1172.9027931841877,1172.9027931841877,1,1,1172.9027931841877,1,1,0.0,0.0,0.0,0.0,1.0,1.0,0.0008189603686332,0.0008258745074271,3.474204324185848
0,3,1,0.7343406555183415,61.02448747448378,66.0,0,0.336,2,1264,1221.1963095868934,1221.1963095868934,1,1,1221.1963095868934,1,1,0.0,0.0,0.0,0.0,1.0,1.0,0.0007275119423865,0.0007378086447715,10.936497144401072
0,1,1,0.5754475113195706,82.69132143729881,83.22,0,0.226,2,1269,1060.799171645967,1120.2709316475507,0,1,1060.799171645967,1,1,59.47176000158379,0.0560631659518603,0.0,0.0,1.0560631659518602,1.0,0.0004849657416343,0.0005631744861601,3.694381386041641
0,4,1,0.6329220352207456,22.307832395081533,23.48,0,0.248,2,1564,1203.7159949515597,1474.3879272565537,0,1,1240.8554969942502,1,1,270.671932304994,0.2248636168666068,37.13950204269054,0.0308540404866723,1.224863616866607,1.0308540404866724,0.0006919726729392,0.0007444843649863,6.508513197302818
0,7,1,0.6880634412506687,14.17197380335936,14.42,0,0.232,2,1307,1259.942491510422,1283.0560993588952,1,1,1283.0560993588952,1,1,23.113607848473062,0.018344970507951,23.113607848473062,0.018344970507951,1.018344970507951,1.018344970507951,0.0009483695030211,0.0009514540433883,4.939090922474861
0,3,1,0.685789468386288,80.27687438076313,77.14,0,0.252,2,1585,1123.9222688008415,1358.264856653558,0,1,1185.5960769846497,1,1,234.3425878527164,0.2085042661382144,61.673808183808205,0.0548737309472571,1.2085042661382144,1.0548737309472571,0.0009021461009979,0.0009807124733923,6.293956786394119
0,2,1,0.6894235680719597,46.23748777114643,51.56,0,0.236,2,1261,1115.210827616496,1115.210827616496,1,1,1115.210827616496,1,1,0.0,0.0,0.0,0.0,1.0,1.0,0.0006613135337829,0.0006672590970992,4.480939865112305
0,3,1,0.781532662877658,29.838254400405287,26.92,0,0.212,2,1553,1117.6724659617082,1268.5881608992656,0,1,1136.7226507990026,1,1,150.91569493755742,0.1350267627893124,19.05018483729441,0.0170445147549578,1.1350267627893125,1.0170445147549578,0.0006513446569442,0.0007140636444091,2.815597236156464
0,8,1,0.7361759418108134,13.47649082650772,13.6,0,0.206,2,1351,1178.2168811517467,1178.2168811517467,1,1,1178.2168811517467,1,1,0.0,0.0,0.0,0.0,1.0,1.0,0.0013098269701003,0.0013166964054106,2.90122602134943
0,5,1,0.8151152159723231,17.30588276404739,15.94,0,0.204,2,1545,1171.646576812584,1537.3740445933136,0,1,1269.7289651546755,1,1,365.7274677807295,0.312148283465886,98.08238834209146,0.0837132888732714,1.312148283465886,1.0837132888732717,0.0008118376135825,0.0008666738867758,2.617793150246144
0,6,1,0.67546349194729,17.90429431767387,18.56,0,0.236,2,1607,1270.4635062346802,1570.688917782257,0,1,1285.3885156077115,1,1,300.22541154757687,0.2363117162155771,14.925009373031344,0.0117476883828526,1.2363117162155772,1.011747688382853,0.0008678659796714,0.0009237080812453,4.82501981407404
0,3,1,0.7507418528598993,35.68673501528257,34.62,0,0.216,2,1521,1141.515974077267,1490.9150681631468,0,1,1246.015287577367,1,1,349.3990940858798,0.3060834031414349,104.49931350010002,0.0915443286587128,1.3060834031414348,1.0915443286587128,0.0005288198590278,0.0005872473120689,3.2586079463362694
0,5,1,0.7707845302125311,36.91210188717397,36.78,0,0.358,2,1311,1218.1008005090764,1218.1008005090764,1,1,1218.1008005090764,1,1,0.0,0.0,0.0,0.0,1.0,1.0,0.0008797720074653,0.0008560568094253,14.0738422870636
0,3,1,0.6340116382854802,62.933102123812375,67.9,0,0.336,2,1387,1143.5883454292098,1303.0266813061771,0,1,1152.8562209015358,1,1,159.43833587696736,0.1394193430828706,9.267875472326068,0.00810420594908,1.1394193430828703,1.00810420594908,0.000840239226818,0.0009058937430381,14.060080774128435
1,16,1,0.6684005230842204,6.611456266879038,7.2,0,0.204,2,1322,1246.0997234521694,1246.0997234521697,1,1,1246.0997234521697,1,1,2.273736754432321e-13,1.8246828176265112e-16,2.273736754432321e-13,1.8246828176265112e-16,1.0000000000000002,1.0000000000000002,0.0032501593232154,0.0032618790864943,3.866883486509323
0,8,1,0.5866733565650623,9.783505252424074,12.64,0,0.2,2,1389,1183.107744692908,1183.107744692908,1,1,1183.107744692908,1,1,0.0,0.0,0.0,0.0,1.0,1.0,0.0011718645691871,0.0011764168739318,2.887450009584427
0,2,1,0.6667470676485819,82.51735106080152,90.6,0,0.256,2,1460,1163.019893095826,1163.019893095826,1,1,1163.019893095826,1,1,0.0,0.0,0.0,0.0,1.0,1.0,0.0003285035490988,0.0003380253911017,4.9200429469347
0,3,1,0.5542932087633881,32.23455467124764,37.12,0,0.252,2,1533,1089.7055302579774,1238.88309737965,0,1,1120.6595803794862,1,1,149.1775671216726,0.136897136868119,30.95405012150877,0.0284058851331888,1.136897136868119,1.0284058851331888,0.0005782768130301,0.0006387159228324,6.580294296145439
0,5,1,0.5628593851984721,15.026657060249462,15.94,0,0.204,2,1328,1170.4744407736605,1170.4744407736605,1,1,1170.4744407736605,1,1,0.0,0.0,0.0,0.0,1.0,1.0,0.0007200911641119,0.0007254853844641,2.529361270368099
0,1,1,0.7440161734956109,95.95756479412869,112.82,0,0.43,2,1517,1124.9379325459936,1242.2399085750685,0,1,1124.9379325459936,1,1,117.30197602907492,0.1042741760548455,0.0,0.0,1.1042741760548456,1.0,0.000547781586647,0.0006133019924163,24.584593638777733
0,3,1,0.7356715030640123,73.49042770156058,75.4,0,0.422,2,1577,1164.2978240507691,1462.2913110501213,0,1,1231.8624440430112,1,1,297.99348699935217,0.2559426641910122,67.56461999224211,0.058030358381307,1.255942664191012,1.058030358381307,0.0008180141448974,0.0008841603994369,32.676439724862576
0,3,1,0.642050919449538,26.78201449841025,30.16,0,0.216,2,1497,1139.15215630938,1326.3501666834995,0,1,1163.6989220076775,1,1,187.1980103741196,0.1643309976962189,24.546765698297577,0.021548276551417,1.164330997696219,1.021548276551417,0.0012346878647803,0.0013793408870696,3.185928761959076
1,10,1,0.736037802136864,14.547157245690723,13.1,0,0.226,2,1530,1251.1172535126032,1367.3504046837738,1,1,1367.3504046837738,1,1,116.23315117117068,0.09290348354228,116.23315117117068,0.09290348354228,1.09290348354228,1.09290348354228,0.00171310454607,0.0017173066735266,4.497577354311943
0,7,1,0.5460393099977567,9.33325680805267,11.18,0,0.206,2,1356,1215.3099124921744,1215.3099124921744,1,1,1215.3099124921744,1,1,0.0,0.0,0.0,0.0,1.0,1.0,0.0010916590690612,0.001094914972782,3.5726110860705376
0,2,1,0.720043816284924,70.20609897671467,65.92,0,0.342,2,1505,1124.8007551141,1246.0540549117725,0,1,1131.3075144588774,1,1,121.25329979767253,0.107799802984105,6.5067593447774925,0.0057848106121847,1.107799802984105,1.0057848106121847,0.0006298422813414,0.0007058158516883,11.519861489534378
0,3,1,0.6238998305721156,37.099140856943,40.46,0,0.36,2,1418,1229.4932074090557,1242.6328892756078,1,1,1242.6328892756078,1,1,13.13968186655211,0.0106870715408356,13.13968186655211,0.0106870715408356,1.0106870715408356,1.0106870715408356,0.0007321089506149,0.000740461051464,13.995323784649372
0,4,1,0.8074635878968256,72.93458509035467,66.84,0,0.32,2,1365,1158.040566025384,1158.040566025384,1,1,1158.040566025384,1,1,0.0,0.0,0.0,0.0,1.0,1.0,0.0006192848086356,0.000625155866146,9.359329000115396
1,11,1,0.6746253286835576,13.341863587923424,15.32,0,0.254,2,1455,1265.7583188658173,1265.7583188658173,1,1,1265.7583188658173,1,1,0.0,0.0,0.0,0.0,1.0,1.0,0.0027891173958777,0.0028054565191268,5.7638658955693245
0,1,1,0.5651770789761152,88.01736961319031,108.14,0,0.216,2,1244,1063.4699662719968,1119.321838612096,0,1,1063.4699662719968,1,1,55.851872340099135,0.0525185234293812,0.0,0.0,1.0525185234293812,1.0,0.000469796359539,0.0005401596426963,4.2157260701060295
0,2,1,0.7677854728940489,45.37912876411476,52.02,0,0.212,2,1429,1120.230682773002,1120.2306827730022,1,1,1120.2306827730022,1,1,2.273736754432321e-13,2.029704050601388e-16,2.273736754432321e-13,2.029704050601388e-16,1.0000000000000002,1.0000000000000002,0.0003284141421317,0.0003393888473509,2.8232487216591835
0,4,1,0.695797104091493,27.339217551084232,28.64,0,0.23,2,1391,1197.9721907917972,1387.994283347424,0,1,1200.4953336250214,1,1,190.02209255562684,0.1586197860152597,2.523142833224256,0.0021061781338651,1.1586197860152598,1.0021061781338652,0.0008373111486434,0.0008988976478576,5.245997540652752
0,7,1,0.8061232895148472,27.496277344516905,22.42,0,0.214,2,1371,1283.1597562661464,1324.81036505906,1,1,1324.81036505906,1,1,41.650608792913545,0.0324594101315273,41.650608792913545,0.0324594101315273,1.0324594101315274,1.0324594101315274,0.0016256123781204,0.0016329810023307,3.9687629789114
1,15,1,0.7312071967359142,7.209172963020656,8.24,0,0.222,2,1609,1269.6475818833196,1538.2607815331908,0,1,1269.6475818833196,1,1,268.61319964987115,0.2115651646037291,0.0,0.0,1.211565164603729,1.0,0.0039661526679992,0.0040308237075805,6.901228293776512
0,2,1,0.6912745704508985,97.48771779557696,94.3,0,0.416,2,1346,1155.7046475636423,1278.1495449032227,0,1,1155.7046475636423,1,1,122.4448973395804,0.1059482607409326,0.0,0.0,1.1059482607409326,1.0,0.0005981326103209,0.0006634443998336,29.865486070513725
0,2,1,0.6629909835250377,94.73494642966956,97.54,0,0.482,2,1252,1226.0639477296754,1243.7206642660954,1,1,1243.7206642660954,1,1,17.656716536419935,0.0144011383493619,17.656716536419935,0.0144011383493619,1.014401138349362,1.014401138349362,0.0003259778022765,0.0003307610750197,24.55262792110443
0,3,1,0.8594777047633878,18.9600180115957,18.78,0,0.22,2,1370,1117.630347052026,1117.630347052026,1,1,1117.630347052026,1,1,0.0,0.0,0.0,0.0,1.0,1.0,0.0006440132856368,0.000723324716091,2.8556906953454018
0,1,1,0.7075935565854359,87.72250145284349,91.42,0,0.212,2,1578,1057.1693790095735,1112.5537886536715,0,1,1057.1693790095735,1,1,55.384409644098014,0.0523893434143786,0.0,0.0,1.0523893434143787,1.0,0.000836133956909,0.0005693212151526,2.8410572484135628
0,1,1,0.6815909024845234,69.92697972473024,61.18,0,0.278,2,1491,1082.9402183590978,1155.9401899781146,0,1,1082.9402183590978,1,1,72.99997161901683,0.0674090502702249,0.0,0.0,1.067409050270225,1.0,0.0004606842994689,0.0005183666944503,7.139503337442875
0,3,1,0.7115498230098315,88.65418239526174,93.02,0,0.696,2,1293,2211.212806470752,2211.212806470752,1,2,2211.212806470752,1,2,0.0,0.0,0.0,0.0,1.0,1.0,0.0007900372147559,0.0007980614900588,101.18165879696608
0,2,1,0.6700765885704741,48.10969119472762,53.14,0,0.2,2,1345,1095.167928366323,1303.3775751467929,0,1,1154.243703109109,1,1,208.20964678046997,0.190116640003382,59.07577474278605,0.0539422066814083,1.190116640003382,1.0539422066814084,0.0004168301820754,0.000472992658615,2.503280021250248
0,3,1,0.6407956758888979,77.66389215372065,71.8,0,0.224,2,1489,1166.880024573797,1351.856214510065,0,1,1176.0571833763302,1,1,184.97618993626796,0.1585220297209479,9.177158802533086,0.0078646978346253,1.158522029720948,1.0078646978346253,0.0004999041557311,0.0005482584238051,4.518490508198738
1,21,1,0.7391559001286301,5.1629038231661175,5.54,0,0.206,2,1607,1270.2415948170014,1583.5148055325703,0,1,1291.90682049709,1,1,313.2732107155689,0.246624903478067,21.665225680088497,0.0170559882218387,1.246624903478067,1.0170559882218388,0.0068804621696471,0.0070825815200805,6.983109809458256
1,10,1,0.7622836722336277,10.198640314912218,10.58,0,0.22,2,1382,1244.4181384933338,1246.715419898372,1,1,1246.715419898372,1,1,2.2972814050381203,0.0018460687239897,2.2972814050381203,0.0018460687239897,1.0018460687239898,1.0018460687239898,0.0016920715570449,0.0016968101263045,4.48990985751152
1,10,1,0.566614762675663,8.165817226562204,9.92,0,0.206,2,1245,2163.68349809056,2163.6834983070285,1,2,2163.6834983070285,1,2,2.164683792216238e-07,1.0004623107430272e-10,2.164683792216238e-07,1.0004623107430272e-10,1.0000000001000462,1.0000000001000462,0.0014650896191596,0.0014685764908789,2.3853709995746613
0,4,1,0.73056434762032,37.10870500755364,33.98,0,0.2,2,1269,1108.2958198332994,1247.701418411049,0,1,1125.0947199609848,1,1,139.40559857774952,0.1257837448116674,16.79890012768533,0.0151574154003504,1.1257837448116674,1.0151574154003504,0.0007261261343955,0.0007804632186888,4.156084530055523
0,7,1,0.6781108078408021,15.769313571846576,16.98,0,0.228,2,1548,1286.3414012935846,1287.334401468578,1,1,1287.334401468578,1,1,0.99300017499354,0.0007719569423754,0.99300017499354,0.0007719569423754,1.0007719569423754,1.0007719569423754,0.0010195523500442,0.0010247081518172,5.153732694685459
0,2,1,0.7302728714622193,54.60069441070896,57.06,0,0.364,2,1312,1141.8219062792916,1141.8219062792916,1,1,1141.8219062792916,1,1,0.0,0.0,0.0,0.0,1.0,1.0,0.0003624632954596,0.000367909669876,10.796587705612184
0,3,1,0.7062860036018032,92.56542793139056,95.96,0,0.338,2,1418,1143.500684362104,1325.416430575534,0,1,1168.1643045187905,1,1,181.91574621342988,0.1590866964062296,24.66362015668642,0.0215685224276406,1.1590866964062296,1.0215685224276403,0.0006210952997206,0.0006695017218588,16.241884849965572
1,15,1,0.6641650441693623,7.489551506783924,7.9,0,0.208,2,1482,1220.1572973071293,1220.1572973071293,1,1,1220.1572973071293,1,1,0.0,0.0,0.0,0.0,1.0,1.0,0.0030433982610702,0.0030523613095283,3.654197998344898
1,11,1,0.622513959272885,8.940675369178841,9.2,0,0.204,2,1302,1181.044718008513,1197.059858829312,1,1,1197.059858829312,1,1,16.015140820798933,0.0135601477036397,16.015140820798933,0.0135601477036397,1.0135601477036398,1.0135601477036398,0.0016800388693808,0.0016857609152793,3.322923332452774
0,3,1,0.7579631470874629,52.11843581147577,50.28,0,0.246,2,1350,1189.8978392033896,1228.407379936415,1,1,1228.407379936415,1,1,38.50954073302546,0.0323637370068734,38.50954073302546,0.0323637370068734,1.0323637370068734,1.0323637370068734,0.0010994896292685,0.0011274740099906,4.468147441744804
0,2,1,0.5319760195372172,83.46140820678585,86.18,0,0.398,2,1613,1121.3417533307504,1230.1301625325946,0,1,1121.3417533307504,1,1,108.78840920184416,0.0970162832862569,0.0,0.0,1.0970162832862569,1.0,0.0007612630724906,0.0008466541767119,37.19921889156103
0,6,1,0.659429759735403,23.53350360915469,28.8,0,0.278,2,1302,1139.5950067976337,1277.57766494297,0,1,1141.39206019375,1,1,137.98265814533625,0.1210804341211358,1.7970533961163255,0.0015769228413576,1.1210804341211358,1.0015769228413576,0.000948131084442,0.001001864671707,10.130259349942207
0,8,1,0.7402135231316728,10.71398865812932,11.24,0,0.216,2,1292,1216.097976646018,1216.097976646018,1,1,1216.097976646018,1,1,0.0,0.0,0.0,0.0,1.0,1.0,0.0011812895536422,0.0011827573180198,3.551176562905312
0,2,1,0.6425647993907283,78.13002257294521,86.88,0,0.36,2,1244,1126.3944760859667,1126.3944760859667,1,1,1126.3944760859667,1,1,0.0,0.0,0.0,0.0,1.0,1.0,0.0008719563484191,0.000893086194992,11.837888725101948
0,6,1,0.7244035323383331,13.185884285893763,14.14,0,0.202,2,1358,1228.0991901664331,1228.09919016738,1,1,1228.09919016738,1,1,9.467839845456183e-10,7.709344588178659e-13,9.467839845456183e-10,7.709344588178659e-13,1.000000000000771,1.000000000000771,0.0009673312306403,0.0009733214974403,2.6239777207374573
0,7,1,0.7067797305583084,16.479137325079975,17.4,0,0.23,2,1242,1223.557189493427,1238.255235749465,1,1,1238.255235749465,1,1,14.698046256038197,0.0120125535465354,14.698046256038197,0.0120125535465354,1.0120125535465354,1.0120125535465354,0.0009092539548873,0.0009154379367828,3.904215194284916
0,2,1,0.708571186855529,51.68859088162387,53.88,0,0.272,2,1348,1150.734234226889,1150.734234226889,1,1,1150.734234226889,1,1,0.0,0.0,0.0,0.0,1.0,1.0,0.0003684312105178,0.0003701299428939,7.008418396115303
0,3,1,0.5907870872547021,27.68030121752213,34.26,0,0.246,2,1530,1147.9109905974224,1498.4694330053603,0,1,1251.9538657093144,1,1,350.55844240793795,0.3053881749363618,104.04287511189204,0.0906367096091166,1.3053881749363618,1.0906367096091167,0.0014655664563178,0.0015803277492522,4.5608954802155495
0,1,1,0.5489968244429874,90.18734268174104,104.4,0,0.3,2,1601,1089.8519163177202,1168.8384943749593,0,1,1089.8519163177202,1,1,78.98657805723906,0.0724745966627381,0.0,0.0,1.0724745966627385,1.0,0.0004139468073844,0.0004753991961478,10.551212280988691
0,1,1,0.5842323048300104,98.17126283822596,113.4,0,0.34,2,1366,1108.514493441519,1197.7897835099798,0,1,1108.514493441519,1,1,89.27529006846066,0.0805359700722492,0.0,0.0,1.0805359700722492,1.0,0.0008660703897475,0.0009810775518416,11.974348559975624
0,4,1,0.7272741854662561,46.54661635017215,46.04,0,0.24,2,1266,1156.3505543517208,1156.3505543517208,1,1,1156.3505543517208,1,1,0.0,0.0,0.0,0.0,1.0,1.0,0.0009631067514418,0.0009688958525657,3.530848130583763
0,2,1,0.7641525360101484,70.24873194963995,61.48,0,0.354,2,1607,1138.287215918064,1357.5769900321577,0,1,1179.790606431187,1,1,219.2897741140937,0.1926488948022048,41.503390513122895,0.0364612638468834,1.1926488948022047,1.0364612638468835,0.0004099756479262,0.0004595518112182,13.485539644956589
0,5,1,0.6584527742920345,34.95259134114788,37.9,0,0.226,2,1282,1136.1253317099486,1149.8483660357306,1,1,1149.8483660357306,1,1,13.72303432578201,0.0120788032295062,13.72303432578201,0.0120788032295062,1.0120788032295065,1.0120788032295065,0.000811219215393,0.0008160546422004,3.545159436762333
0,3,1,0.6721498439320233,84.87902473714597,85.52,0,0.374,2,1480,1131.0422138972,1260.417924780966,0,1,1131.0422138972,1,1,129.3757108837658,0.1143862795695127,0.0,0.0,1.1143862795695127,1.0,0.0005893558263778,0.0006466209888457,16.613454431295395
0,4,1,0.6533256875772675,81.83431928771995,89.88,0,0.61,2,1379,1261.7145364710857,1332.273151791172,1,1,1332.273151791172,1,1,70.55861532008635,0.0559228044700452,70.55861532008635,0.0559228044700452,1.0559228044700453,1.0559228044700453,0.00057315826416,0.0005787909030913,51.65593983232975
0,3,1,0.6487135236743669,56.51563911977764,72.56,0,0.228,2,1594,1150.822810358084,1438.7597486000864,0,1,1220.9666033889644,1,1,287.93693824200227,0.2502009307170487,70.14379303088026,0.0609509929761078,1.2502009307170487,1.0609509929761078,0.0008258819580077,0.000921607017517,5.548137985169888
0,5,1,0.6786526452835541,24.70277525934544,25.2,0,0.212,2,1507,1261.2850107249378,1314.3715527428524,1,1,1314.3715527428524,1,1,53.08654201791455,0.0420892514907494,53.08654201791455,0.0420892514907494,1.0420892514907494,1.0420892514907494,0.0010101124644278,0.0010182037949561,3.329099752008915
0,5,1,0.6437294725032575,22.804122291362027,23.2,0,0.218,2,1295,1198.4346939257955,1230.5406307851713,1,1,1230.5406307851713,1,1,32.10593685937579,0.0267898927009565,32.10593685937579,0.0267898927009565,1.0267898927009569,1.0267898927009569,0.0007926300168037,0.0007997974753379,3.4172476679086685
0,9,1,0.6769538084197875,14.791622241321868,12.58,0,0.206,2,1553,1244.7611677512696,1244.7611677512696,1,1,1244.7611677512696,1,1,0.0,0.0,0.0,0.0,1.0,1.0,0.0013576596975325,0.0013628154993056,2.8515087887644768
0,9,1,0.5572824987325177,12.24823108607402,14.26,0,0.204,2,1593,1215.4212278255577,1454.051051743119,0,1,1227.6691447209898,1,1,238.62982391756125,0.196335079933136,12.247916895432128,0.0100770964131868,1.196335079933136,1.0100770964131869,0.0014917105436324,0.0015504509210585,4.414487242698669
0,3,1,0.6116963429297761,88.40130360099002,90.96,0,0.448,2,1600,1204.5189363137604,1389.1295463753793,0,1,1204.5189363137604,1,1,184.6106100616189,0.1532650126917809,0.0,0.0,1.153265012691781,1.0,0.0005672946572303,0.0006261691451072,36.97063002735376
0,1,1,0.5900953121072273,86.32664267570729,100.94,0,0.2,2,1462,1052.8418926739507,1105.1136582409288,0,1,1052.8418926739507,1,1,52.27176556697805,0.0496482576640458,0.0,0.0,1.0496482576640458,1.0,0.0004107132554053,0.0004655867815017,2.5159727558493614
0,2,1,0.5720852454390387,58.137139431702174,61.44,0,0.488,2,1487,1183.674525738349,1386.006742521743,0,1,1193.7371053154263,1,1,202.332216783394,0.1709356857681665,10.062579577077258,0.008501137228412,1.1709356857681663,1.008501137228412,0.001180462539196,0.0012730509042738,42.61732380837202
1,20,1,0.6386087266294675,5.588776111020051,6.02,0,0.218,2,1305,1300.7998864921394,1300.7998864921394,1,1,1300.7998864921394,1,1,0.0,0.0,0.0,0.0,1.0,1.0,0.0041613057255743,0.0041664168238638,3.6672001108527184
0,3,1,0.7990127642333608,55.70782985456829,58.12,0,0.258,2,1584,1189.4354759955172,1390.2042545286708,0,1,1196.0510663514194,1,1,200.76877853315364,0.1687933331273114,6.615590355902214,0.0055619581636954,1.1687933331273117,1.0055619581636954,0.0005112066864966,0.0005671977996825,5.222663901746273
0,5,1,0.6872259314952054,19.699029701469165,18.12,0,0.204,2,1544,1163.2115298350798,1320.149302051478,0,1,1175.0359565097422,1,1,156.93777221639812,0.134917655294088,11.82442667466239,0.0101653279488545,1.134917655294088,1.0101653279488545,0.0008992105722426,0.0009586513042449,3.7932482957839966
0,9,1,0.6315897863928652,8.640067778010984,10.72,0,0.214,2,1291,1195.844837728086,1195.844837728086,1,1,1195.844837728086,1,1,0.0,0.0,0.0,0.0,1.0,1.0,0.0022687390446662,0.0022789165377616,2.7849318385124207
0,3,1,0.7442200443137824,33.43719664375395,36.98,0,0.302,2,1242,1180.2391401526493,1215.520805180011,1,1,1215.520805180011,1,1,35.28166502736167,0.029893657841917,35.28166502736167,0.029893657841917,1.029893657841917,1.029893657841917,0.0007556155323981,0.0007639452815055,6.8622105717659
0,4,1,0.6876898059910752,69.9759595916374,69.74,0,0.4,2,1264,2200.9185300508025,2232.878794824819,1,2,2204.55785932314,2,2,31.96026477401665,0.0145213302253759,3.6393292723373634,0.0016535501985406,1.014521330225376,1.0016535501985406,0.0016374066472053,0.0017310082912444,33.770709946751595
0,7,1,0.7343782511000265,15.2899968213265,14.64,0,0.22,2,1300,1205.386156609909,1205.386156609909,1,1,1205.386156609909,1,1,0.0,0.0,0.0,0.0,1.0,1.0,0.0008906126022338,0.0008962154388427,2.709441788494587
0,3,1,0.6396208732354518,70.97099851927703,70.48,0,0.336,2,1598,1134.3682045415685,1290.7351422918698,0,1,1147.633145887956,1,1,156.3669377503013,0.1378449582104549,13.26494134638756,0.0116936822570307,1.1378449582104548,1.0116936822570308,0.0005092546343803,0.0005635470151901,16.69803097844124
0,3,1,0.7261986786179743,32.2285120872374,38.04,0,0.21,2,1556,1129.144897288738,1428.239710306271,0,1,1218.7007050260513,1,1,299.09481301753294,0.2648861219987874,89.55580773731322,0.079312945532811,1.2648861219987877,1.079312945532811,0.0005785673856735,0.0006323680281638,3.0273099169135094
0,5,1,0.6976690648982162,32.2421045287817,34.26,0,0.3,2,1463,1279.853903262834,1304.899949523579,1,1,1304.899949523579,1,1,25.046046260745012,0.0195694572614054,25.046046260745012,0.0195694572614054,1.0195694572614056,1.0195694572614056,0.0012335553765296,0.0012374073266982,8.347252801060677
0,1,1,0.792057385929375,87.39337045583629,88.28,0,0.62,2,1394,1197.875849446756,1370.0881874471288,0,1,1197.875849446756,1,1,172.2123380003727,0.1437647633349563,0.0,0.0,1.1437647633349564,1.0,0.0005604028701782,0.0006297603249549,71.76781061291695
0,3,1,0.6482211036595465,58.73342830221493,61.44,0,0.354,2,1242,1226.350462364925,1226.350462364925,1,1,1226.350462364925,1,1,0.0,0.0,0.0,0.0,1.0,1.0,0.0007111951708792,0.0007149651646613,10.727337308228016
0,3,1,0.6531413104768148,25.20800071890799,28.32,0,0.208,2,1294,2155.6248019824616,2168.902319143493,1,2,2155.624801982462,2,2,13.277517161031485,0.0061594750388938,4.547473508864641e-13,2.1095848891154294e-16,1.0061594750388938,1.0000000000000002,0.0007753446698188,0.0008305013179778,2.945118077099324
0,1,1,0.5484056605807069,91.06750139225858,128.1,0,0.416,2,1609,1116.583732373334,1230.67108273082,0,1,1116.583732373334,1,1,114.087350357486,0.1021753649544846,0.0,0.0,1.1021753649544843,1.0,0.0004111602902412,0.000467725098133,21.88693778961897
0,3,1,0.8354516478145435,79.5958658383799,73.1,0,0.58,2,1530,1186.992247993372,1371.0319958105908,0,1,1186.992247993372,1,1,184.0397478172188,0.1550471354200844,0.0,0.0,1.1550471354200844,1.0,0.0007132738828658,0.0008355751633643,58.694679684937
0,2,1,0.5657537585946767,52.45649556922962,63.96,0,0.204,2,1453,1107.2802211442718,1368.348432026045,0,1,1186.967541461972,1,1,261.0682108817732,0.235774292628458,79.68732031770014,0.0719667151964031,1.235774292628458,1.0719667151964032,0.000740423798561,0.0008281394839285,3.479178786277771
0,2,1,0.6690876548480237,50.95106502139684,58.9,0,0.344,2,1600,1195.7570854026526,1518.8781960294818,0,1,1261.9569038581851,1,1,323.12111062682925,0.2702230365777203,66.19981845553252,0.0553622631750835,1.2702230365777205,1.0553622631750836,0.0005763471126555,0.0006576105952262,12.804021760821342
0,1,1,0.7273658697286263,50.6855819151204,50.48,0,0.24,2,1369,1063.8385361820986,1127.3328159444886,0,1,1063.8385361820986,1,1,63.49427976239008,0.0596841321336771,0.0,0.0,1.0596841321336772,1.0,0.0005586519837378,0.0006905272603034,4.262714229524136
0,3,1,0.7688504024007031,38.52904530735401,34.52,0,0.23,2,1572,1232.10322029719,1462.5503036988923,0,1,1232.10322029719,1,1,230.44708340170223,0.1870355337161744,0.0,0.0,1.1870355337161744,1.0,0.0006634369492529,0.0007503181695936,3.790131814777851
0,3,1,0.5496448071853348,28.5318677951558,33.62,0,0.272,2,1261,2149.449958386748,2171.636341125988,1,2,2155.577864516523,2,2,22.18638273923989,0.0103218884685697,6.127906129774601,0.0028509182574196,1.01032188846857,1.0028509182574197,0.0005583837628364,0.0006231069564818,7.036820724606514
0,5,1,0.6197933910668063,50.47978151471106,51.12,0,0.346,2,1407,1257.0487829448412,1257.0487829448412,1,1,1257.0487829448412,1,1,0.0,0.0,0.0,0.0,1.0,1.0,0.0007528141140937,0.0007584914565085,11.196600206196308
0,6,1,0.7443198212989172,13.795972099935057,15.04,0,0.214,2,1328,1193.4625399883953,1214.4141340403005,1,1,1214.4141340403005,1,1,20.951594051905204,0.0175553009415016,20.951594051905204,0.0175553009415016,1.0175553009415017,1.0175553009415017,0.0014976784586905,0.0015031918883322,3.1240907311439514
0,4,1,0.7265858832658956,69.03557329983876,71.24,0,0.454,2,1483,1223.586354382434,1446.002961800892,0,1,1223.586354382434,1,1,222.41660741845817,0.1817743444276279,0.0,0.0,1.181774344427628,1.0,0.0009826123714446,0.0010388940572738,36.78310677409172
0,3,1,0.7257134457645104,66.39003370799718,70.92,0,0.464,2,1352,1192.9777466580383,1192.9777466580383,1,1,1192.9777466580383,1,1,0.0,0.0,0.0,0.0,1.0,1.0,0.0003822594881057,0.000392198562622,21.94562730193138
0,6,1,0.7538196844045094,27.316485045036607,29.22,0,0.254,2,1358,1275.2968049705328,1347.0313511666318,1,1,1347.0313511666318,1,1,71.73454619609902,0.0562492950005912,71.73454619609902,0.0562492950005912,1.0562492950005913,1.0562492950005913,0.0015683844685553,0.0015748441219329,4.116454690694809
1,18,1,0.6052690964370211,6.136470908424819,6.46,0,0.216,2,1488,1295.2464192929444,1325.4863037034092,1,1,1325.4863037034092,1,1,30.23988441046481,0.0233468195395377,30.23988441046481,0.0233468195395377,1.0233468195395377,1.0233468195395377,0.0041060373187064,0.0041029006242751,5.537286050617695
0,2,1,0.7128928827939565,80.40198608823194,74.18,0,0.216,2,1563,1123.0220850734197,1375.0526786808618,0,1,1190.4005687370773,1,1,252.0305936074421,0.2244217606735357,67.37848366365756,0.059997469826475,1.2244217606735357,1.059997469826475,0.0004795268177985,0.0005408078432082,4.158286340534687
0,3,1,0.5783418300922376,24.239377868167992,27.04,0,0.22,2,1524,1169.82975113179,1342.0531741265183,0,1,1185.7314131552746,1,1,172.22342299472825,0.1472209292233379,15.901662023484503,0.0135931420859316,1.147220929223338,1.0135931420859317,0.0006601959466933,0.0007140785455703,5.138178430497646
0,2,1,0.684117123823009,57.01094231428464,62.96,0,0.386,2,1547,1156.6754714210497,1367.5166196732862,0,1,1187.7268909206246,1,1,210.8411482522365,0.1822820259110402,31.05141949957488,0.0268454032844893,1.1822820259110405,1.0268454032844894,0.0004499107599257,0.0005348622798918,17.057799004018307
0,7,1,0.5734594459024569,14.075316176765195,16.86,0,0.234,2,1244,1220.703092589489,1220.703092589489,1,1,1220.703092589489,1,1,0.0,0.0,0.0,0.0,1.0,1.0,0.0009280964732169,0.0009342879056929,3.293042868375778
0,3,1,0.7927416456826105,53.63165857905012,50.42,0,0.386,2,1601,1179.0036875280985,1414.1480201810848,0,1,1215.2159768981085,1,1,235.14433265298635,0.1994432546228845,36.21228937001001,0.0307143139186721,1.1994432546228846,1.030714313918672,0.000556282699108,0.0006120949983595,26.586571618914604
0,2,1,0.7687378031636676,91.10132756886624,91.96,0,0.508,2,1545,1205.4149934474906,1410.8155560381351,0,1,1205.4149934474906,1,1,205.4005625906445,0.1703982144798102,0.0,0.0,1.1703982144798102,1.0,0.0006124228239059,0.0006745532155036,40.76269645988941
0,2,1,0.7191794933257517,81.87004538124923,96.3,0,0.646,2,1318,1275.508882257807,1294.185987164838,1,1,1294.185987164838,1,1,18.67710490703098,0.0146428654216583,18.67710490703098,0.0146428654216583,1.0146428654216584,1.0146428654216584,0.0005311742424964,0.0005363970994949,55.589784771204
0,1,1,0.6788158427956803,79.44877416084107,85.58,0,0.3,2,1610,1080.7440177461558,1161.1893551559851,0,1,1080.7440177461558,1,1,80.44533740982934,0.074435144760361,0.0,0.0,1.074435144760361,1.0,0.0004697293043136,0.000526800751686,10.876520946621897
1,18,1,0.7108616309954586,6.5225088568336345,6.98,0,0.206,2,1442,1223.2007956301604,1438.3781123449107,0,1,1224.9245545779524,1,1,215.1773167147503,0.1759133230484016,1.723758947792021,0.0014092199367022,1.1759133230484016,1.0014092199367022,0.0050555020570754,0.0051168575882911,6.562366798520088
0,4,1,0.5949853541561817,37.13105696945764,43.0,0,0.27,2,1298,1189.266914655966,1189.266914655966,1,1,1189.266914655966,1,1,0.0,0.0,0.0,0.0,1.0,1.0,0.0006659924983977,0.0006768330931662,6.087217666208744
0,4,1,0.7875958159241525,49.06118234901408,51.92,0,0.31,2,1369,1240.482650015818,1240.4826500158183,1,1,1240.4826500158183,1,1,2.273736754432321e-13,1.8329452285393326e-16,2.273736754432321e-13,1.8329452285393326e-16,1.0000000000000002,1.0000000000000002,0.0005009844899177,0.0005061849951744,7.828553088009357
0,2,1,0.8517307422704017,51.52523599214716,43.76,0,0.212,2,1391,1074.2322980132003,1205.876124194954,0,1,1104.361965382878,1,1,131.64382618175364,0.1225468889971282,30.12966736967769,0.0280476275247008,1.1225468889971282,1.0280476275247008,0.0006377920508383,0.0007011666893958,3.8553003892302513
0,6,1,0.6823075177771162,18.380883184304864,20.06,0,0.214,2,1480,1184.9907850765371,1379.6674139793292,0,1,1191.8893536393357,1,1,194.6766289027921,0.1642853525567443,6.898568562798573,0.0058216221169627,1.1642853525567445,1.005821622116963,0.0008701905608176,0.0009267851710319,3.167625792324543
0,5,1,0.7652402551934375,17.159888785405904,15.22,0,0.236,2,1507,1201.6396847190144,1201.6396847190144,1,1,1201.6396847190144,1,1,0.0,0.0,0.0,0.0,1.0,1.0,0.0007848814129829,0.0007903575897216,4.085883051156998
0,4,1,0.6005927358054787,58.94022076208022,58.52,0,0.53,2,1429,1266.901070155233,1373.8891075579152,1,1,1373.8891075579152,1,1,106.98803740268228,0.0844486123842117,106.98803740268228,0.0844486123842117,1.0844486123842116,1.0844486123842116,0.0006814971566199,0.0006905868649482,34.95160245150328
0,4,1,0.7238958658874393,20.45928936021386,19.24,0,0.208,2,1283,1102.6090358494446,1209.3096501690377,0,1,1109.4843532361342,1,1,106.70061431959311,0.0967710320253193,6.87531738668963,0.0062354988605665,1.0967710320253194,1.0062354988605666,0.0016851946711539,0.0017998367547988,2.893980450928211
0,2,1,0.7070144793908013,87.87550975696017,87.38,0,0.306,2,1449,1184.6946945283266,1366.3000170631424,0,1,1184.6946945283266,1,1,181.6053225348157,0.1532929313970802,0.0,0.0,1.1532929313970803,1.0,0.0005427598953246,0.0006360262632369,8.298173524439335
0,3,1,0.5620834000348032,47.34099108917372,47.7,0,0.226,2,1464,1178.5678769681656,1354.290133529782,0,1,1178.5678769681656,1,1,175.7222565616164,0.1490981215385381,0.0,0.0,1.149098121538538,1.0,0.0005530267953872,0.000610738992691,3.771050214767456
0,2,1,0.7149690775483626,51.61407230324085,51.7,0,0.292,2,1305,1104.2185210367486,1277.1082676766146,0,1,1138.7843380226873,1,1,172.88974663986596,0.1565720401769209,34.56581698593868,0.0313034207699078,1.1565720401769208,1.031303420769908,0.0004454553127287,0.0004995241761206,11.47529885917902
0,2,1,0.5626476539773432,75.72131455274575,87.7,0,0.4,2,1371,1160.4773442273963,1301.7495155118554,0,1,1160.4773442273963,1,1,141.2721712844591,0.1217362596410815,0.0,0.0,1.1217362596410816,1.0,0.0005133673548698,0.0005689337849616,24.86312973499298
0,3,1,0.7787261248221863,56.08718603498277,46.28,0,0.234,2,1241,1134.6235682410136,1134.6235682410136,1,1,1134.6235682410136,1,1,0.0,0.0,0.0,0.0,1.0,1.0,0.0004478842020033,0.0004500597715376,3.4117962941527367
0,5,1,0.693207189359438,15.48718945651194,16.94,0,0.224,2,1439,1278.9463610207818,1331.2051149023514,1,1,1331.2051149023514,1,1,52.258753881569646,0.0408607862489711,52.258753881569646,0.0408607862489711,1.0408607862489712,1.0408607862489712,0.0034239813685417,0.0035238713026046,3.7046307027339935
0,7,1,0.6471477710443111,17.52257734427411,18.66,0,0.226,2,1452,1174.4198605031954,1353.5604114713449,0,1,1181.341818121988,1,1,179.14055096814946,0.1525353555340884,6.921957618792476,0.0058939378084313,1.1525353555340885,1.0058939378084313,0.0022561773657798,0.0023302137851714,5.608025923371315
0,2,1,0.6919467343684229,47.86874310541281,51.2,0,0.23,2,1553,1133.739233254809,1313.6626335252906,0,1,1166.2548617221717,1,1,179.92340027048158,0.1586991038088593,32.5156284673626,0.0286799887607441,1.1586991038088594,1.028679988760744,0.000554859638214,0.000618815422058,3.4741668924689293
0,4,1,0.7172184241955446,64.88804386599978,60.8,0,0.492,2,1353,1195.0781573465945,1195.0781573465945,1,1,1195.0781573465945,1,1,0.0,0.0,0.0,0.0,1.0,1.0,0.0005923658609389,0.0006014108657836,31.522403933107853
0,5,1,0.5732267735582722,18.84885531085424,20.6,0,0.224,2,1538,1145.6286393546177,1437.739532791701,0,1,1220.86300834117,1,1,292.1108934370834,0.2549786932715318,75.23436898655223,0.0656708172282904,1.254978693271532,1.0656708172282905,0.0008117407560347,0.0008605793118476,4.441672779619694
0,2,1,0.7630656501259393,51.239706620283286,46.68,0,0.21,2,1447,1109.0426658741094,1237.2380236684194,0,1,1122.1237767011469,1,1,128.19535779430998,0.1155910063146856,13.081110827037492,0.0117949572451546,1.1155910063146857,1.0117949572451548,0.0005816742777823,0.0006718784570693,3.801343284547329
1,15,1,0.5932257871568435,7.365366525096171,8.18,0,0.204,2,1298,1281.2989662260647,1281.2989662260647,1,1,1281.2989662260647,1,1,0.0,0.0,0.0,0.0,1.0,1.0,0.0037852451205252,0.0037954226136206,3.0046467036008835
0,1,1,0.6066210435065704,87.73319710688864,93.62,0,0.362,2,1534,1102.7351955165254,1200.2179238879692,0,1,1102.7984115234954,1,1,97.48272837144371,0.0884008497849589,0.0632160069699239,5.732655240074503e-05,1.0884008497849589,1.0000573265524006,0.0005716457962989,0.0006343349814414,19.81406047195196
1,12,1,0.6374620194625952,10.013062712529988,10.74,0,0.214,2,1600,1282.96236076479,1564.9934604606756,0,1,1282.96236076479,1,1,282.0310996958856,0.2198280388582587,0.0,0.0,1.2198280388582587,1.0,0.00446730107069,0.0045914649963378,5.000934652984142
0,2,1,0.587943334347087,63.46578485338139,68.7,0,0.312,2,1242,1139.383041773117,1139.383041773117,1,1,1139.383041773117,1,1,0.0,0.0,0.0,0.0,1.0,1.0,0.0002993494272231,0.0003049373626708,5.970119148492813
0,6,1,0.6680873778427797,20.00239944120508,20.74,0,0.236,2,1295,1175.9860951922185,1175.9860951922185,1,1,1175.9860951922185,1,1,0.0,0.0,0.0,0.0,1.0,1.0,0.0011042803525923,0.0011167004704474,2.966605991125107
0,4,1,0.7022613313566078,36.98796497931873,39.08,0,0.214,2,1610,1167.1964212584307,1395.780989549634,0,1,1208.0207670816526,1,1,228.58456829120317,0.1958407035250769,40.82434582322185,0.0349764144917497,1.1958407035250769,1.0349764144917497,0.0008295178413391,0.0008892118930816,3.0761748999357224
1,15,1,0.6471481602993708,5.67593811314326,6.78,0,0.202,2,1473,1261.3908679583126,1312.548386558018,1,1,1312.548386558018,1,1,51.15751859970533,0.0405564364696161,51.15751859970533,0.0405564364696161,1.0405564364696165,1.0405564364696165,0.0027121379971503,0.0027175992727279,3.5397165715694427
0,7,1,0.6566423636937253,12.543902043267687,13.04,0,0.242,2,1495,1239.408170312111,1489.6968049154807,0,1,1245.6000686364682,1,1,250.2886346033697,0.2019420563770701,6.191898324357226,0.0049958508203136,1.2019420563770702,1.0049958508203136,0.001371495425701,0.0014284178614615,6.28707941621542
1,10,1,0.8051634608316819,22.31217197189945,18.98,0,0.226,2,1368,1198.8555298225306,1342.7285263474278,1,1,1342.7285263474278,1,1,143.8729965248972,0.1200086190086599,143.8729965248972,0.1200086190086599,1.12000861900866,1.12000861900866,0.0018828883767127,0.0018885955214499,4.703747481107712
0,3,1,0.7674481961773408,77.69761010893605,74.66,0,0.31,2,1534,1139.7838200584,1274.6791819715136,0,1,1139.7838200584,1,1,134.89536191311367,0.1183517080512705,0.0,0.0,1.1183517080512706,1.0,0.000577114522457,0.000640146434307,9.673636309802532
0,1,1,0.6302980209101678,67.54353086639793,82.58,0,0.314,2,1319,1093.65812306016,1176.7566563449625,0,1,1093.65812306016,1,1,83.09853328480244,0.0759821844986482,0.0,0.0,1.0759821844986484,1.0,0.0004372522234916,0.0004928112030029,11.856694474816322
0,1,1,0.7840241748552889,95.17073843247702,89.22,0,0.364,2,1549,1112.0341659159076,1208.810521022251,0,1,1112.0341659159076,1,1,96.77635510634332,0.0870264224540575,0.0,0.0,1.0870264224540576,1.0,0.0003977864980697,0.0004483461380004,19.94115438312292
0,4,1,0.6601748973178585,25.402056628747207,24.88,0,0.232,2,1447,1171.2104999501817,1171.2104999501817,1,1,1171.2104999501817,1,1,0.0,0.0,0.0,0.0,1.0,1.0,0.0024124011397361,0.0024187266826629,3.4560879692435265
0,5,1,0.8452327348901525,48.91327795191293,39.06,0,0.342,2,1368,1224.1120830553518,1238.129055722743,1,1,1238.129055722743,1,1,14.0169726673912,0.0114507264991659,14.0169726673912,0.0114507264991659,1.011450726499166,1.011450726499166,0.0008088573813437,0.0008096024394034,15.29060596972704
0,4,1,0.6789721632400963,34.10711361889555,31.08,0,0.238,2,1259,1160.5873867718838,1200.3090739220702,1,1,1200.3090739220702,1,1,39.721687150186426,0.0342255030538203,39.721687150186426,0.0342255030538203,1.0342255030538203,1.0342255030538203,0.000754527747631,0.0007597208023071,4.14499082416296
0,3,1,0.8876569977952787,32.32044459858564,28.98,0,0.246,2,1507,1159.7593872672255,1375.26986738627,0,1,1189.2502957656106,1,1,215.5104801190446,0.1858234410387987,29.490908498385124,0.0254284714762045,1.1858234410387989,1.0254284714762043,0.0005814209580421,0.0006453767418861,5.626891762018204
0,2,1,0.6126526313940874,56.41359434967698,64.36,0,0.27,2,1548,1110.2420246371237,1237.7183785847064,0,1,1119.7164879797415,1,1,127.47635394758277,0.1148185270587714,9.47446334261781,0.0085336918729179,1.1148185270587714,1.008533691872918,0.000590443611145,0.0006465911865234,7.911463536322117
0,2,1,0.6601435375940615,41.008882156122695,40.36,0,0.218,2,1549,1106.111687934345,1207.2942487488554,0,1,1106.111687934345,1,1,101.18256081451044,0.0914758987887273,0.0,0.0,1.0914758987887272,1.0,0.0005886703729628,0.0006517767906188,3.987949252128601
0,4,1,0.629961229578606,22.154962644967373,25.8,0,0.224,2,1513,1099.150192223394,1261.3682303357702,0,1,1133.1929736310483,1,1,162.21803811237623,0.147584960872578,34.042781407654275,0.0309719105255229,1.147584960872578,1.0309719105255228,0.0011626556515693,0.001239314675331,3.431921809911728
0,7,1,0.6586993245453491,16.1577451452418,17.86,0,0.244,2,1294,1283.004184593911,1284.2659806059005,1,1,1284.2659806059005,1,1,1.2617960119894178,0.0009834699115878,1.2617960119894178,0.0009834699115878,1.0009834699115878,1.0009834699115878,0.0009531825780868,0.0009565353393554,4.241087235510349
0,2,1,0.5154732063843245,59.99288618683239,61.84,0,0.234,2,1252,1107.9892271665344,1223.523974955819,0,1,1120.118601100697,1,1,115.53474778928468,0.1042742519119451,12.129373934162686,0.0109471948253334,1.1042742519119453,1.0109471948253337,0.0005697831511496,0.0006427839398383,4.02397858351469
0,6,1,0.6413801209056258,19.771308411639456,21.14,0,0.212,2,1614,1269.4845015952226,1579.2852733172545,0,1,1290.002750524637,1,1,309.80077172203187,0.2440366710524934,20.518248929414312,0.0161626620125186,1.2440366710524935,1.0161626620125186,0.0009333714842795,0.0009878501296042,3.299377530813217
0,1,1,0.7089451809322337,93.56858586096791,101.36,0,0.398,2,1524,1110.6227270582929,1219.5630832826455,0,1,1110.6227270582926,1,1,108.94035622435264,0.0980894353863107,-2.273736754432321e-13,-2.0472629445057088e-16,1.0980894353863109,0.9999999999999998,0.0004156157374381,0.0004705563187598,20.55121526867152
0,3,1,0.6939004435141374,48.800178494300766,52.06,0,0.294,2,1380,1179.5618334935434,1179.5618334935434,1,1,1179.5618334935434,1,1,0.0,0.0,0.0,0.0,1.0,1.0,0.0003911256790161,0.0003934949636459,5.620838418602943
0,4,1,0.6970784256882476,43.96903017380762,46.82,0,0.21,2,1361,1152.0336236673045,1293.0037869267176,0,1,1152.0336236673045,1,1,140.97016325941308,0.1223663618520598,0.0,0.0,1.1223663618520598,1.0,0.000614859163761,0.0006712004542349,3.0542612075805664
0,1,1,0.6624492715156248,94.18913224982325,111.24,0,0.298,2,1354,1080.3955547509795,1160.0981022269857,0,1,1080.3955547509795,1,1,79.7025474760062,0.073771635884208,0.0,0.0,1.073771635884208,1.0,0.0004403889179229,0.0004981905221938,10.587173134088516
0,2,1,0.7664601479285794,49.91705733599923,48.06,0,0.418,2,1351,1168.8261233970045,1331.9228497089546,0,1,1181.4719826311168,1,1,163.09672631195008,0.1395389126296525,12.645859234112322,0.0108192818255628,1.1395389126296525,1.0108192818255628,0.0005856975913046,0.0006434768438338,33.47268199920654
0,8,1,0.5951918246486123,8.987751422985493,11.5,0,0.2,2,1609,1286.2339847650733,1574.9671582643584,0,1,1287.818169802614,1,1,288.7331734992852,0.2244795091089289,1.584185037540692,0.0012316460739684,1.2244795091089289,1.0012316460739683,0.0013003796339034,0.0013623610138892,3.3281252160668373
0,4,1,0.7262108815604746,34.08547580103522,37.56,0,0.202,2,1483,1162.6183921300812,1470.7366869076243,0,1,1236.285972545793,1,1,308.11829477754304,0.2650210050548287,73.66758041571165,0.0633635085376055,1.2650210050548287,1.0633635085376056,0.000768095254898,0.0008366256952285,2.4743201062083244
0,2,1,0.7708004029214272,86.06105224977401,77.72,0,0.392,2,1612,1139.799336327976,1252.0788105161237,0,1,1139.799336327976,1,1,112.27947418814756,0.0985081063039321,0.0,0.0,1.098508106303932,1.0,0.0005583614110946,0.0006138756871223,18.861771747469906
0,8,1,0.7604678691132476,9.990996875546106,10.64,0,0.2,2,1519,1185.396928965405,1386.1657074985585,0,1,1193.9206166861363,1,1,200.7687785331534,0.1693683977301857,8.523687720731232,0.0071905768544301,1.1693683977301856,1.0071905768544305,0.0012008696794508,0.0012565553188323,3.2202674821019173
0,2,1,0.6818882506997411,37.54592584457945,42.2,0,0.266,2,1370,1134.521278381939,1358.9395723112516,0,1,1190.080123279401,1,1,224.4182939293125,0.1978088011265678,55.558844897462,0.0489711792595907,1.197808801126568,1.0489711792595908,0.0009651705622672,0.0010215118527411,7.792618051171303
0,2,1,0.6280241728129976,62.7872847189656,61.88,0,0.426,2,1286,1177.4919480699016,1177.4919480699014,1,1,1177.4919480699014,1,1,-2.273736754432321e-13,-1.9309998324484003e-16,-2.273736754432321e-13,-1.9309998324484003e-16,0.9999999999999998,0.9999999999999998,0.0005725547671317,0.0005741491913794,18.5186674296856
0,1,1,0.7171132911040492,82.4985710044297,94.4,0,0.462,2,1355,1155.4729172551622,1277.7635062530842,0,1,1155.472917255162,1,1,122.290588997922,0.1058359630690648,-2.273736754432321e-13,-1.9677975316233335e-16,1.1058359630690648,0.9999999999999998,0.0003879442811011,0.0004391893744467,29.508761145174503
0,8,1,0.6512438137606663,13.484881472104735,14.96,0,0.22,2,1364,1234.5324804574586,1249.6779401707336,1,1,1249.6779401707336,1,1,15.145459713274931,0.0122681743518507,15.145459713274931,0.0122681743518507,1.012268174351851,1.012268174351851,0.0017486065626143,0.0017554536461829,3.6418846547603607
0,3,1,0.6576123354283451,60.64625014658287,62.68,0,0.348,2,1309,1181.2900773601334,1181.2900773601334,1,1,1181.2900773601334,1,1,0.0,0.0,0.0,0.0,1.0,1.0,0.0014659017324447,0.0014688223600387,12.522602625191212
0,3,1,0.7740219254334677,60.02711256401907,64.56,0,0.29,2,1563,1127.29056035151,1284.519508334703,0,1,1142.381927172164,1,1,157.22894798319294,0.1394750861163656,15.091366820654002,0.0133872910422919,1.1394750861163656,1.013387291042292,0.0005646422505378,0.0006169229745864,8.518462888896465
0,2,1,0.6524116013683003,85.955457285295,89.5,0,0.43,2,1418,1184.099697113901,1184.099697113901,1,1,1184.099697113901,1,1,0.0,0.0,0.0,0.0,1.0,1.0,0.0005121082067489,0.0005171597003936,20.37020118534565
0,4,1,0.7492342989976073,30.04825085734977,27.46,0,0.202,2,1403,1235.282503728898,1280.7399261549544,1,1,1280.7399261549544,1,1,45.45742242605638,0.0367992117502157,45.45742242605638,0.0367992117502157,1.0367992117502158,1.0367992117502158,0.0007519498467444,0.0007578805088996,3.000500835478306
0,3,1,0.6670137021480701,46.69416394859607,47.42,0,0.406,2,1251,2166.233538439604,2166.233538656328,1,2,2166.233538656328,1,2,2.167234924854711e-07,1.0004622707558243e-10,2.167234924854711e-07,1.0004622707558243e-10,1.0000000001000462,1.0000000001000462,0.0005113184452056,0.0005224123597144,19.51958830654621
0,2,1,0.7592822262882489,98.55027560389031,104.54,0,0.614,2,1611,1222.8676580101906,1440.9670678377074,0,1,1222.8676580101906,1,1,218.0994098275169,0.1783507875107278,0.0,0.0,1.1783507875107275,1.0,0.0006446763873099,0.0007086396217345,92.8095542564988
0,2,1,0.619037070162724,84.28160008621708,79.34,0,0.246,2,1538,1145.88836037206,1368.4389547764486,0,1,1197.639246817624,1,1,222.55059440438845,0.1942166463163376,51.75088644556399,0.0451622411355683,1.1942166463163375,1.0451622411355683,0.0008875280618666,0.0009993240237235,4.491748623549938
0,5,1,0.6792981254169488,27.518667711951945,28.14,0,0.248,2,1355,1270.672516170086,1345.9644167054576,1,1,1345.9644167054576,1,1,75.2919005353715,0.0592535838913929,75.2919005353715,0.0592535838913929,1.0592535838913928,1.0592535838913928,0.0009681284427642,0.0009746253490447,4.684017680585384
1,10,1,0.5934815612893595,12.584353506543712,14.24,0,0.22,2,1449,1192.451325524503,1192.451325524503,1,1,1192.451325524503,1,1,0.0,0.0,0.0,0.0,1.0,1.0,0.0019062831997871,0.0019133239984512,3.4204270616173744
0,3,1,0.7053642631735267,79.63119579605171,85.92,0,0.434,2,1435,1173.7702707153944,1391.6201494537968,0,1,1196.8515445992748,1,1,217.8498787384024,0.1855983953364454,23.081273883880385,0.0196642174876457,1.1855983953364455,1.0196642174876458,0.000830978155136,0.0009500831365584,23.58571595698595
0,3,1,0.7932261600264561,44.69143955302153,40.3,0,0.262,2,1590,1189.1971206782218,1355.341590701898,0,1,1190.585814516946,1,1,166.14447002367615,0.139711463419051,1.3886938387240662,0.0011677574849256,1.139711463419051,1.0011677574849256,0.0005508065223693,0.0006020963191985,8.125240467488766
0,3,1,0.7146440030716923,44.42212433239101,47.6,0,0.258,2,1521,1213.2496280783826,1431.4200266930566,0,1,1220.923321894467,1,1,218.170398614674,0.179823173702699,7.673693816084551,0.0063249092672203,1.179823173702699,1.0063249092672204,0.000702530145645,0.0007738545536993,5.569506332278252
0,2,1,0.720460996859901,81.15015712406866,80.54,0,0.234,2,1365,1152.4870137698815,1152.4870137698815,1,1,1152.4870137698815,1,1,0.0,0.0,0.0,0.0,1.0,1.0,0.000327594578266,0.0003323927521704,3.103653863072396
0,6,1,0.6940219661734778,22.24086897017808,19.4,0,0.24,2,1442,1212.5243953449983,1212.524395344998,1,1,1212.524395344998,1,1,-2.273736754432321e-13,-1.8752090788122881e-16,-2.273736754432321e-13,-1.8752090788122881e-16,0.9999999999999998,0.9999999999999998,0.0010710880160331,0.0010796710848807,4.261974200606346
0,2,1,0.8670884361785136,77.63250533934496,78.8,0,0.454,2,1477,1228.7787049197468,1456.4690952699773,0,1,1229.701932214128,1,1,227.69039035023047,0.1852981252349268,0.9232272943811496,0.0007513373162187,1.1852981252349268,1.000751337316219,0.0004215463995933,0.0004768893122673,27.064815178513527
0,2,1,0.743767733735135,70.72721550435352,70.28,0,0.518,2,1340,1152.3590872261052,1300.3493312516036,0,1,1152.3590872261052,1,1,147.99024402549844,0.1284237228360235,0.0,0.0,1.1284237228360237,1.0,0.0011607185006141,0.0012643113732337,37.81690838187933
0,2,1,0.6931971930569252,99.0882819672257,98.9,0,0.334,2,1551,1161.744655771869,1456.3264746896157,0,1,1234.5389234957306,1,1,294.58181891774666,0.2535684734628927,72.7942677238616,0.0626594384249581,1.253568473462893,1.062659438424958,0.0005510449409484,0.0006126761436461,18.115866400301456
0,3,1,0.6761156128996503,25.22032227824646,27.18,0,0.26,2,1578,1134.3924052796242,1267.8938517736865,0,1,1148.3943668863494,1,1,133.5014464940623,0.1176854198535952,14.001961606725216,0.0123431376493337,1.1176854198535953,1.0123431376493337,0.0007715448737144,0.000848576426506,5.58659041672945
0,8,1,0.6900923538570843,14.697159323130212,17.74,0,0.252,2,1588,1201.7309680814442,1401.8454960542,0,1,1201.7309680814442,1,1,200.11452797275592,0.1665219032278393,0.0,0.0,1.166521903227839,1.0,0.0011936277151107,0.0012593790888786,6.987045153975487
1,10,1,0.8155215707722878,16.934870699897523,14.24,0,0.28,2,1357,1284.1226146100894,1325.480068294285,1,1,1325.480068294285,1,1,41.35745368419566,0.0322067793321694,41.35745368419566,0.0322067793321694,1.0322067793321694,1.0322067793321694,0.0015362948179244,0.0015353634953498,6.727233819663525
0,5,1,0.5782076601411201,21.66210208326685,26.54,0,0.24,2,1590,1175.211917217598,1323.462975224804,0,1,1175.2119172194643,1,1,148.25105800720598,0.1261483616999063,1.8662831280380487e-09,1.5880396553981629e-12,1.1261483616999064,1.000000000001588,0.0007150396704673,0.0007644370198249,4.684843949973583
0,4,1,0.7962871731544656,63.919730524755806,55.74,0,0.34,2,1478,1266.250479646653,1308.423591849449,1,1,1308.423591849449,1,1,42.17311220279589,0.0333055054119815,42.17311220279589,0.0333055054119815,1.0333055054119815,1.0333055054119815,0.0007004812359809,0.0007064044475554,12.555080443620682
0,4,1,0.6410754426083038,84.09469657940791,101.42,0,0.492,2,1244,1223.2007956301604,1223.2007956301604,1,1,1223.2007956301604,1,1,0.0,0.0,0.0,0.0,1.0,1.0,0.0008130818605422,0.0008201375603675,25.53599371761084
0,2,1,0.7150104932748639,40.77615667470485,40.96,0,0.264,2,1445,1161.7146969527107,1161.7146969527107,1,1,1161.7146969527107,1,1,0.0,0.0,0.0,0.0,1.0,1.0,0.0003002509474753,0.0003067404031752,5.08250518143177
0,3,1,0.7559824237449203,31.460180026015166,32.98,0,0.2,2,1488,1197.1812211839297,1197.1812211839297,1,1,1197.1812211839297,1,1,0.0,0.0,0.0,0.0,1.0,1.0,0.0004885718226432,0.000493437051773,2.1159516498446465
0,7,1,0.6980811105871428,17.029391212002857,18.1,0,0.262,2,1306,1272.6257928561813,1272.6257928561813,1,1,1272.6257928561813,1,1,0.0,0.0,0.0,0.0,1.0,1.0,0.0011959001421927,0.0012035295367239,4.743147857487202
0,2,1,0.8272870719166273,38.80311840186495,37.84,0,0.24,2,1480,1120.031229764789,1337.615940120539,0,1,1169.024325364529,1,1,217.58471035575008,0.1942666459411526,48.993095599739945,0.0437426156501267,1.1942666459411526,1.0437426156501268,0.0007328689098357,0.0007889196276664,5.926702566444874
0,3,1,0.7030384889470023,45.98578632063761,45.34,0,0.236,2,1355,1096.9671970175525,1188.0511109526335,0,1,1096.9671970175525,1,1,91.083913935081,0.0830324864615104,0.0,0.0,1.0830324864615104,1.0,0.0010349303483962,0.001106560230255,5.593377865850925
0,2,1,0.609871991608121,92.94342975867475,108.86,0,0.204,2,1314,1132.8524288642016,1132.8524288642016,1,1,1132.8524288642016,1,1,0.0,0.0,0.0,0.0,1.0,1.0,0.0015304684638976,0.0015706866979598,3.3101134300231934
0,2,1,0.7494059493297995,45.33651458163463,48.12,0,0.212,2,1339,1105.18144659665,1105.18144659665,1,1,1105.18144659665,1,1,0.0,0.0,0.0,0.0,1.0,1.0,0.0003044977784156,0.0003105998039245,2.908543087542057
1,15,1,0.7278743937514003,8.582768390270612,7.44,0,0.224,2,1291,1253.1469025385763,1253.1469025385763,1,1,1253.1469025385763,1,1,0.0,0.0,0.0,0.0,1.0,1.0,0.0024456977844237,0.002448409795761,4.072085157036781
0,5,1,0.7301404770845554,51.5485563284119,40.58,0,0.272,2,1259,1215.0652154224183,1215.0652154224183,1,1,1215.0652154224183,1,1,0.0,0.0,0.0,0.0,1.0,1.0,0.0014636293053626,0.0014666616916655,5.083101488649845
0,2,1,0.6900741938956272,84.05428215688374,78.7,0,0.432,2,1596,1189.48314540773,1349.6447179220322,0,1,1189.48314540773,1,1,160.16157251430218,0.1346480386314361,0.0,0.0,1.1346480386314362,1.0,0.0005842596292495,0.0006466284394263,41.93798331916332
0,3,1,0.7488694180455268,55.74249168808684,56.74,0,0.21,2,1351,1201.6201539850872,1201.6201539850872,1,1,1201.6201539850872,1,1,0.0,0.0,0.0,0.0,1.0,1.0,0.0004574432969093,0.0004642531275749,2.667198061943054
0,5,1,0.7256418684033427,44.810012297609845,44.02,0,0.256,2,1595,1197.432805011102,1409.295167723335,0,1,1208.6168871099371,1,1,211.8623627122331,0.1769304814646938,11.184082098835232,0.0093400498566861,1.176930481464694,1.0093400498566862,0.0014667436480522,0.001547448337078,5.617721825838089
0,3,1,0.6486158903827409,47.1840633433669,51.74,0,0.284,2,1442,1151.5098745238984,1301.4952528590336,0,1,1151.5098745238984,1,1,149.98537833513524,0.1302510570281891,0.0,0.0,1.1302510570281892,1.0,0.0013551041483878,0.0014420971274375,7.518346883356571
0,1,1,0.7223175890628587,80.17622979646771,92.08,0,0.38,2,1467,1110.8082156144314,1213.4070404823788,0,1,1110.8082156144314,1,1,102.59882486794731,0.092364121389934,0.0,0.0,1.092364121389934,1.0,0.0004048869013786,0.0004544779658317,16.17017389088869
0,6,1,0.7459493373504303,16.882309444555183,19.44,0,0.204,2,1406,1199.7437947779592,1199.7437947779592,1,1,1199.7437947779592,1,1,0.0,0.0,0.0,0.0,1.0,1.0,0.001369833946228,0.0013802573084831,3.1465228348970413
0,2,1,0.7684289493727672,91.09526505497054,88.84,0,0.252,2,1596,1092.4135241229228,1293.5083678113688,0,1,1146.9979767856853,1,1,201.094843688446,0.1840830777428364,54.58445266276249,0.0499668408138642,1.1840830777428364,1.0499668408138645,0.0007078647613525,0.0007873997092246,4.607495911419392
0,4,1,0.6178591617183574,26.88348674587915,31.88,0,0.306,2,1464,1225.8670338518127,1440.1744642622994,0,1,1225.8670338518127,1,1,214.30743041048663,0.1748211057908201,0.0,0.0,1.1748211057908202,1.0,0.000626541674137,0.0006761476397513,9.00345454365015
0,3,1,0.6734101927942692,52.11234725519678,47.42,0,0.336,2,1261,1203.833755539142,1203.833755539142,1,1,1203.833755539142,1,1,0.0,0.0,0.0,0.0,1.0,1.0,0.0004862919449805,0.0004893913865088,9.42189009487629
1,12,1,0.6340240107985962,6.927796024295042,6.68,0,0.208,2,1433,1280.7063658721354,1294.847884092375,1,1,1294.847884092375,1,1,14.141518220239504,0.0110419676180881,14.141518220239504,0.0110419676180881,1.0110419676180882,1.0110419676180882,0.0019633322954177,0.0019677877426146,4.276719197630882
0,7,1,0.5022624549935473,14.593366305523412,16.8,0,0.22,2,1602,1210.9562821378488,1413.3520368959748,0,1,1210.9562821378488,1,1,202.39575475812603,0.1671371276928446,0.0,0.0,1.1671371276928446,1.0,0.0012990459799766,0.001359574496746,4.587823487818241
0,1,1,0.7002068628341197,98.9396410663847,90.94,0,0.242,2,1309,1065.0319342743962,1128.7639336460852,0,1,1065.0319342743962,1,1,63.73199937168897,0.059840458600999,0.0,0.0,1.059840458600999,1.0,0.00051212310791,0.0005741044878958,4.515618488192558
1,15,1,0.6717402040586026,7.839322605498729,7.74,0,0.2,2,1408,1301.1504333054336,1366.3639459701708,1,1,1366.3639459701708,1,1,65.21351266473721,0.0501198869826828,65.21351266473721,0.0501198869826828,1.0501198869826829,1.0501198869826829,0.0028081163763999,0.0028155222535132,3.752926394343376
0,5,1,0.6684053390811677,33.005197363587385,33.92,0,0.218,2,1468,1171.1016238666698,1322.3813684279353,0,1,1181.8565491725446,1,1,151.2797445612655,0.1291772989450561,10.754925305874847,0.0091835969540926,1.129177298945056,1.0091835969540923,0.0008503049612045,0.000903382897377,3.338393561542034
0,2,1,0.6999472541379778,73.46951824004167,69.2,0,0.24,2,1379,1086.6833857892643,1172.7268144125048,0,1,1086.6833857892643,1,1,86.04342862324052,0.0791798510481014,0.0,0.0,1.0791798510481014,1.0,0.0005368813872336,0.0006026476621626,4.623911894857884
0,3,1,0.6606860591377602,24.3251735294077,25.28,0,0.206,2,1478,1088.5481504546694,1218.516626168555,0,1,1112.0949916118188,1,1,129.96847571388548,0.1193961660396921,23.5468411571494,0.0216314190119327,1.119396166039692,1.0216314190119329,0.0008362308144568,0.000899665057659,3.971396669745445
0,2,1,0.7336224705250556,58.35738381476741,59.46,0,0.282,2,1251,1108.3998722573688,1234.5161410409353,0,1,1119.5805691835526,1,1,126.11626878356653,0.1137822837589451,11.180696926183828,0.0100872412619582,1.1137822837589453,1.0100872412619584,0.0004519075155257,0.000507816672325,9.329259477555752
0,4,1,0.7117935093831638,40.363372245925206,40.0,0,0.292,2,1566,1256.9856372330137,1511.073821536574,0,1,1256.9856372330137,1,1,254.0881843035604,0.2021408811503061,0.0,0.0,1.202140881150306,1.0,0.0009467080235481,0.0010028705000877,8.830809511244297
0,2,1,0.5653784364010855,82.77922284569581,91.06,0,0.294,2,1243,1108.3028088917576,1108.3028088917576,1,1,1108.3028088917576,1,1,0.0,0.0,0.0,0.0,1.0,1.0,0.0006651729345321,0.0006723180413245,7.0008692890405655
0,4,1,0.611391663026594,31.716954955761416,39.3,0,0.234,2,1424,1138.1876874442637,1286.1080530740503,0,1,1152.7759527329836,1,1,147.9203656297866,0.129961312410551,14.588265288719867,0.0128170998945499,1.129961312410551,1.0128170998945498,0.0007533654570578,0.0008016377687453,5.406715199351311
0,9,1,0.6381792281739725,9.54259536250143,11.0,0,0.21,2,1604,1234.9562877040048,1462.2996083405687,0,1,1236.5165631831242,1,1,227.34332063656396,0.1840901762273983,1.5602754791193547,0.001263425673163,1.1840901762273983,1.001263425673163,0.0015001744031905,0.0015591979026793,5.376952223479748
0,3,1,0.7116129967839403,72.16307781995113,79.28,0,0.35,2,1347,1233.012286547535,1233.0122865512903,1,1,1233.0122865512903,1,1,3.755303623620421e-09,3.0456335793176597e-12,3.755303623620421e-09,3.0456335793176597e-12,1.0000000000030456,1.0000000000030456,0.0010331198573111,0.001038685441017,11.886952720582483
0,1,1,0.6488423559053167,90.01049833773442,96.82,0,0.322,2,1508,1097.4915771025514,1182.6131199439606,0,1,1097.4915771025514,1,1,85.12154284140911,0.0775600875827543,0.0,0.0,1.0775600875827545,1.0,0.0004593655467032,0.0005219280719756,14.12140926718712
0,1,1,0.7770113318794206,78.57523748825871,87.26,0,0.276,2,1316,1082.7524165281638,1154.9251916728258,0,1,1082.7524165281638,1,1,72.17277514466195,0.0666567666282226,0.0,0.0,1.0666567666282227,1.0,0.0004148483276366,0.0004736036062239,8.807496324181557
0,1,1,0.7319003310922575,60.33724706518188,57.18,0,0.278,2,1267,1074.6068140863397,1148.6186554380345,0,1,1074.6068140863397,1,1,74.01184135169478,0.0688734152636298,0.0,0.0,1.06887341526363,1.0,0.000391088426113,0.0004516467452048,6.649321392178536
1,10,1,0.6784215207040443,11.362083691534169,13.64,0,0.236,2,1408,1273.1796977963495,1273.1796977963495,1,1,1273.1796977963495,1,1,0.0,0.0,0.0,0.0,1.0,1.0,0.0017398372292517,0.001744121313095,5.039240926504135
0,3,1,0.6153434226884847,35.84844345386429,41.18,0,0.226,2,1250,1187.5891931917931,1187.5891931917931,1,1,1187.5891931917931,1,1,0.0,0.0,0.0,0.0,1.0,1.0,0.0006033405661582,0.0006088465452194,3.374168768525124
0,2,1,0.6719015410628707,99.20432577624172,104.02,0,0.41,2,1292,1152.3263196592184,1152.3263196592184,1,1,1152.3263196592184,1,1,0.0,0.0,0.0,0.0,1.0,1.0,0.0007294341921805,0.0007363855838774,18.392224475741383
0,1,1,0.7002786872355778,87.09725518551326,94.72,0,0.364,2,1351,1110.9612149217874,1207.7226348068662,0,1,1110.9612149217874,1,1,96.7614198850788,0.0870970278578905,0.0,0.0,1.0870970278578904,1.0,0.0004685670137404,0.0005319342017173,20.575437866151333
0,7,1,0.603075451332584,18.071127674260147,20.0,0,0.23,2,1603,1271.7038519929845,1540.5349611998768,0,1,1271.7038519929845,1,1,268.8311092068923,0.2113944286522262,0.0,0.0,1.2113944286522262,1.0,0.0011059716343878,0.0011584013700484,4.4128303155303
0,2,1,0.6811338210624365,39.691861850738064,43.48,0,0.386,2,1306,1139.5521970560826,1139.5521970560826,1,1,1139.5521970560826,1,1,0.0,0.0,0.0,0.0,1.0,1.0,0.0004011988639831,0.0004091635346412,15.711375065147877
0,5,1,0.6919783746128745,44.46830268726764,49.04,0,0.24,2,1602,1196.508595667644,1434.22389853167,0,1,1217.9375532525023,1,1,237.71530286402617,0.1986741288150818,21.42895758485838,0.0179095726202461,1.198674128815082,1.017909572620246,0.0008480623364447,0.0009115338325499,4.32102258503437
0,4,1,0.7790839089983762,48.51252231232547,49.58,0,0.276,2,1294,1172.457766612702,1172.45776661458,1,1,1172.45776661458,1,1,1.8778791854856536e-09,1.6016604085543777e-12,1.8778791854856536e-09,1.6016604085543777e-12,1.0000000000016016,1.0000000000016016,0.0005845278501509,0.0005897730588912,6.241415210068226
0,1,1,0.6398665737490888,83.55210077761606,84.9,0,0.278,2,1507,1081.711010303774,1154.8006229208995,0,1,1081.711010303774,1,1,73.08961261712557,0.067568520539141,0.0,0.0,1.067568520539141,1.0,0.0004512593150138,0.0005142763257026,8.391231924295425
0,4,1,0.709726788697708,61.105087323906986,64.2,0,0.212,2,1602,1232.6604963992977,1454.525592513592,0,1,1232.6604963992977,1,1,221.8650961142944,0.1799888101893266,0.0,0.0,1.1799888101893266,1.0,0.000632308423519,0.0006816014647483,3.585950426757336
0,3,1,0.7492677453023456,93.5850263488228,87.68,0,0.324,2,1469,1207.4599559067533,1413.9323448594105,0,1,1207.4599559067533,1,1,206.4723889526572,0.1709972972127302,0.0,0.0,1.1709972972127305,1.0,0.0005881115794181,0.0006632879376411,10.834051415324211
0,2,1,0.6050989996739404,93.21783699051424,103.9,0,0.416,2,1421,1149.3877025726165,1298.262896647207,0,1,1149.3877025726165,1,1,148.87519407459058,0.1295256541734096,0.0,0.0,1.1295256541734098,1.0,0.0005565732717513,0.0006065368652342,21.59809548407793
0,1,1,0.571405496995049,68.09601971439889,80.32,0,0.382,2,1309,1105.0270432636005,1209.248151561737,0,1,1105.027043263601,1,1,104.2211082981364,0.0943154368334086,4.547473508864641e-13,4.115259926520962e-16,1.0943154368334087,1.0000000000000004,0.0006076768040656,0.0007074028253554,22.383965365588665
0,2,1,0.7715193435517499,44.13668961885944,39.54,0,0.2,2,1291,1100.5522119451084,1214.1136320428664,0,1,1109.4898821719262,1,1,113.56142009775796,0.1031858542149947,8.937670226817772,0.0081210778823672,1.1031858542149948,1.0081210778823673,0.0004718005657196,0.0005372986197471,3.8660875409841537
1,13,1,0.6178328669822817,7.922550107634308,9.5,0,0.218,2,1567,1279.3121139977409,1565.44180520103,0,1,1283.4959181699169,1,1,286.1296912032892,0.223659018055538,4.183804172175996,0.0032703545338142,1.223659018055538,1.0032703545338142,0.0037629529833793,0.0038412660360335,5.589611582458019
1,10,1,0.6295347200062482,10.687765189896869,12.02,0,0.218,2,1605,1274.8921991503703,1553.6653703298898,0,1,1276.9081986064002,1,1,278.7731711795195,0.2186641124365676,2.015999456029931,0.0015813097431872,1.2186641124365676,1.0015813097431874,0.0018204078078269,0.0018759667873381,5.290318429470062
0,1,1,0.6705972312239341,50.99632300253106,47.84,0,0.206,2,1440,1054.229141134137,1108.3303684656848,0,1,1054.229141134137,1,1,54.10122733154776,0.0513182810269746,0.0,0.0,1.0513182810269746,1.0,0.0004302188754081,0.0005026161670684,3.3801902905106544
0,3,1,0.6323876014271123,63.98866836264347,80.46,0,0.486,2,1491,1237.3242412055706,1237.3242412055706,1,1,1237.3242412055706,1,1,0.0,0.0,0.0,0.0,1.0,1.0,0.0005431622266768,0.0005478486418723,28.161659330129623
0,3,1,0.782155767382484,64.47403003133532,62.42,0,0.346,2,1497,1153.874010514356,1369.4915309820055,0,1,1195.5992989389797,1,1,215.61752046764943,0.186864006384488,41.72528842462361,0.036161043618639,1.186864006384488,1.036161043618639,0.0006360933184622,0.0006867125630377,17.35980549454689
0,2,1,0.8093959258619845,37.56093093930136,33.12,0,0.286,2,1426,1110.8047467975473,1314.6006738751348,0,1,1165.0783169084712,1,1,203.79592707758752,0.1834669213154982,54.273570110923856,0.0488596850773231,1.1834669213154982,1.048859685077323,0.0005890950560569,0.0006435513496398,7.29898951202631
0,7,1,0.6540157175088993,23.915564981121573,25.58,0,0.214,2,1429,1230.661800113419,1286.9058785062575,1,1,1286.9058785062575,1,1,56.244078392838446,0.0457023029297366,56.244078392838446,0.0457023029297366,1.0457023029297363,1.0457023029297363,0.0027306079864501,0.0027387589216232,3.436612956225872
0,3,1,0.6098582381917947,65.47765595592362,68.18,0,0.308,2,1606,1121.360689276811,1307.199899927577,0,1,1153.9979086688672,1,1,185.8392106507661,0.1657265253079432,32.637219392056295,0.0291050147416035,1.1657265253079432,1.0291050147416037,0.0007609203457832,0.0008417963981628,13.879945755004885
0,2,1,0.7078179558956442,41.919202169476485,42.36,0,0.21,2,1556,1086.4965169405395,1353.221255758957,0,1,1177.0422584076753,1,1,266.7247388184176,0.2454906524408255,90.54574146713573,0.0833373508845689,1.2454906524408256,1.083337350884569,0.000700183212757,0.0007579550147056,3.822584688663482
1,15,1,0.5877228016730709,6.991327287356815,7.94,0,0.202,2,1550,1251.3240049217125,1502.2002696290956,0,1,1251.75787608807,1,1,250.87626470738317,0.2004886533948327,0.4338711663574486,0.0003467296756483,1.200488653394833,1.0003467296756483,0.0034138187766074,0.003472864627838,4.0168357864022255
0,5,1,0.7089775636552417,60.3193060468206,62.94,0,0.348,2,1582,1247.4858226514557,1513.112358044004,0,1,1258.6850284458444,1,1,265.62653539254825,0.2129295023393332,11.199205794388718,0.0089774212989334,1.2129295023393334,1.0089774212989335,0.0013269186019897,0.0013988688588142,14.07686983793974
0,3,1,0.766601149774977,69.14542365698789,61.4,0,0.256,2,1508,1225.0774340841292,1434.9749657194282,0,1,1225.07743408413,1,1,209.89753163529892,0.1713340934993377,6.821210263296962e-13,5.567982948275032e-16,1.1713340934993377,1.0000000000000009,0.0005291774868964,0.0005804896354674,5.537558995187283
0,4,1,0.7590796215516341,41.67342908923269,39.52,0,0.266,2,1582,1188.976115090052,1417.6236026206866,0,1,1212.181900889793,1,1,228.64748753063463,0.1923062075248812,23.20578579974108,0.0195174532988692,1.1923062075248814,1.0195174532988691,0.0009099543094634,0.0009853094816206,8.720171004533768
0,2,1,0.8915782213369368,52.313613531911045,47.0,0,0.322,2,1405,1134.2367988032004,1262.8126696065249,0,1,1134.2367988032004,1,1,128.5758708033245,0.1133589308149695,0.0,0.0,1.1133589308149696,1.0,0.0008080452680587,0.0008833929896354,11.83088594675064
0,4,1,0.6958835666657625,99.70590451487575,102.68,0,0.262,2,1351,1216.0452011681311,1231.5654783126856,1,1,1231.5654783126856,1,1,15.520277144554484,0.0127629113865551,15.520277144554484,0.0127629113865551,1.012762911386555,1.012762911386555,0.0006332620978354,0.0006399005651473,5.667179279029369
0,4,1,0.6861133306758239,35.02354606778238,35.46,0,0.322,2,1422,1180.9004188131237,1349.3828318461406,0,1,1180.9004188131237,1,1,168.48241303301688,0.1426728370562794,0.0,0.0,1.142672837056279,1.0,0.0013529285788535,0.0014127939939498,12.28150960057974
1,17,1,0.711172486851444,7.489542140281058,8.06,0,0.214,2,1616,1251.040476240402,1509.210315347299,0,1,1255.208326923941,1,1,258.1698391068969,0.2063640977330669,4.167850683538973,0.0033315074633429,1.206364097733067,1.0033315074633429,0.0039147511124609,0.0039717704057692,6.829225316643715
0,2,1,0.7172021749951606,81.73222844104555,83.68,0,0.34,2,1542,1158.8642380801098,1288.4275121372048,0,1,1162.5295128013477,1,1,129.563274057095,0.1118019434888615,3.6652747212378927,0.0031628163168708,1.1118019434888615,1.0031628163168709,0.0005438402295112,0.0006117522716521,18.859939575195312
0,7,1,0.5876381699017901,18.268745251171502,21.2,0,0.27,2,1553,1171.9843548623155,1459.185120746095,0,1,1231.105437115306,1,1,287.20076588377947,0.245055119287424,59.12108225299039,0.0504452828296807,1.245055119287424,1.0504452828296806,0.0012750923633574,0.0013333037495612,9.879915222525597
0,4,1,0.7299387112393757,25.28277475165685,25.02,0,0.222,2,1597,1228.3572723236705,1583.5089164426622,0,1,1291.754458221331,1,1,355.1516441189917,0.2891273183470108,63.39718589766062,0.0516113571564833,1.2891273183470109,1.0516113571564834,0.0007001683115959,0.0007532835006713,3.549594074487686
0,3,1,0.7050175785397821,54.57649214997553,51.66,0,0.24,2,1568,1140.0122900959414,1308.3433866917348,0,1,1158.9875368305036,1,1,168.3310965957935,0.1476572648016163,18.975246734562237,0.0166447738321885,1.1476572648016163,1.0166447738321884,0.0006808936595916,0.0007368028163909,4.224234856665134
1,14,1,0.6923138309322401,8.623013043128859,9.14,0,0.224,2,1325,1273.6391803992906,1324.2826524636253,1,1,1324.2826524636253,1,1,50.643472064334674,0.0397628094704638,50.643472064334674,0.0397628094704638,1.0397628094704638,1.0397628094704638,0.0029156655073165,0.0029279366135596,5.069554127752781
0,3,1,0.4954600052966452,39.78357115131448,53.7,0,0.28,2,1389,1211.873089387444,1211.873089387444,1,1,1211.873089387444,1,1,0.0,0.0,0.0,0.0,1.0,1.0,0.0004087314009665,0.0004164427518843,5.857434473931789
0,4,1,0.7139926608305055,48.45940876252436,55.3,0,0.358,2,1335,1206.401853189248,1206.401853189248,1,1,1206.401853189248,1,1,0.0,0.0,0.0,0.0,1.0,1.0,0.000428982079029,0.0004370436072348,12.377242483198645
0,1,1,0.8192131868008532,74.00771132869595,65.92,0,0.26,2,1344,1069.6231311846602,1138.4633549351404,0,1,1069.6231311846602,1,1,68.84022375048016,0.0643593259564574,0.0,0.0,1.0643593259564574,1.0,0.0004060119390487,0.0004617571830749,6.997810274362564
0,1,1,0.7823572941786038,97.49956996143588,82.52,0,0.306,2,1585,1085.3642873534268,1166.802623230394,0,1,1085.3642873534268,1,1,81.43833587696713,0.0750331817859494,0.0,0.0,1.0750331817859495,1.0,0.0004923939704895,0.0005629733204841,13.01793808490038
0,2,1,0.7846097009939107,42.364660465010815,44.26,0,0.308,2,1252,1147.5222268399784,1147.5222268399784,1,1,1147.5222268399784,1,1,0.0,0.0,0.0,0.0,1.0,1.0,0.0003202185034751,0.0003339424729346,6.726129576563835
0,2,1,0.5251161588567189,45.3720126319261,57.2,0,0.31,2,1400,1124.834599324079,1334.465800326318,0,1,1169.2360698855523,1,1,209.6312010022391,0.1863662454268458,44.40147056147339,0.039473777378607,1.1863662454268458,1.0394737773786071,0.0004498437047003,0.0005075708031653,10.12454318255186
0,5,1,0.6319680293897486,20.828022751871234,24.5,0,0.208,2,1392,1135.240570477273,1260.0990735866014,0,1,1135.2405704782066,1,1,124.85850310932848,0.1099841798790154,9.335963113699106e-10,8.223775080355103e-13,1.109984179879015,1.0000000000008225,0.0009235888719557,0.0009875670075415,4.762066952884197
0,2,1,0.7759951284670153,52.371730512052,51.7,0,0.358,2,1338,1152.7132172330294,1152.7132172330294,1,1,1152.7132172330294,1,1,0.0,0.0,0.0,0.0,1.0,1.0,0.0005590990185736,0.0005599483847617,12.28247145563364
0,2,1,0.69616168769761,41.91605274203116,43.72,0,0.254,2,1539,1147.6234995326058,1147.6234995326058,1,1,1147.6234995326058,1,1,0.0,0.0,0.0,0.0,1.0,1.0,0.0005385950207709,0.0005151778459548,4.807682350277901
0,2,1,0.7190992807665547,52.63214147069623,59.16,0,0.244,2,1610,1120.942401730536,1284.9774269913369,0,1,1146.481390206428,1,1,164.03502526080092,0.1463367118663367,25.538988475891983,0.0227834975610382,1.1463367118663368,1.022783497561038,0.0005804225802421,0.0006309673190116,5.827969670295715
0,2,1,0.5533203762179295,88.71862019419088,95.06,0,0.29,2,1280,1131.477643364068,1131.4776433659608,1,1,1131.4776433659608,1,1,1.892885848064907e-09,1.6729326108795644e-12,1.892885848064907e-09,1.6729326108795644e-12,1.0000000000016729,1.0000000000016729,0.000477336347103,0.0004864186048507,6.759030424058437
0,3,1,0.7456540812495637,25.90479664234555,26.84,0,0.204,2,1331,1175.9688703349025,1175.9688703349025,1,1,1175.9688703349025,1,1,0.0,0.0,0.0,0.0,1.0,1.0,0.0003767758607863,0.0003857612609862,3.107368789613247
1,18,1,0.7004327778524126,5.977225135014371,5.56,0,0.206,2,1318,1270.5066036503072,1270.5066036512546,1,1,1270.5066036512546,1,1,9.47466105571948e-10,7.457388279996123e-13,9.47466105571948e-10,7.457388279996123e-13,1.0000000000007458,1.0000000000007458,0.0031022578477858,0.0031071826815604,3.137190595269203
1,14,1,0.603218670954616,7.778647809965008,8.18,0,0.216,2,1415,1290.480718652187,1315.6344927981572,1,1,1315.6344927981572,1,1,25.153774145970143,0.0194917861091651,25.153774145970143,0.0194917861091651,1.0194917861091652,1.0194917861091652,0.0054095610976218,0.0053881183266638,4.843699395656586
0,4,1,0.7797844388916152,58.886630583887474,54.96,0,0.324,2,1506,1196.3015386355664,1389.8843375582346,0,1,1207.1595580852968,1,1,193.5827989226682,0.1618177296197894,10.858019449730364,0.0090763232337846,1.1618177296197894,1.0090763232337847,0.0016890466213225,0.0017978101968764,16.3611890822649
0,6,1,0.6292084807180293,42.18531860934197,45.64,0,0.234,2,1293,1239.3147095291763,1239.3147095291763,1,1,1239.3147095291763,1,1,0.0,0.0,0.0,0.0,1.0,1.0,0.0006739571690558,0.0006783604621886,3.686117395758629
0,7,1,0.7155635890680856,15.408158300527784,16.0,0,0.232,2,1611,1246.590386834063,1494.9695138423108,0,1,1249.5760042775592,1,1,248.37912700824768,0.199246785176204,2.9856174434960394,0.0023950268468526,1.199246785176204,1.0023950268468529,0.0011981278657912,0.0012540742754935,4.838052608072758
0,2,1,0.7656822666618958,90.52703580362576,90.94,0,0.386,2,1342,1127.0277730435746,1325.4959808728258,0,1,1163.5313975435524,1,1,198.46820782925124,0.1760987728752074,36.50362449997783,0.0323892856707502,1.1760987728752077,1.0323892856707502,0.000456355512142,0.0005175322294234,23.03717615455389
0,3,1,0.6622090070611556,33.83910894530089,34.56,0,0.272,2,1580,1209.9954353615644,1405.952399516921,0,1,1211.625909618378,1,1,195.95696415535667,0.161948515199813,1.6304742568136137,0.0013475044691605,1.161948515199813,1.0013475044691609,0.0010245367884635,0.001106671988964,6.526364482939243
0,2,1,0.8362019081317842,52.986341261811326,49.7,0,0.466,2,1442,1150.6650831338377,1335.8267166080157,0,1,1171.4241788874592,1,1,185.161633474178,0.1609170523971145,20.759095753621523,0.0180409539299516,1.1609170523971146,1.0180409539299515,0.0005474761128424,0.0006030499935149,31.10759409517049
0,5,1,0.6113266380987346,32.00313654515783,31.3,0,0.254,2,1575,1198.032221611435,1552.8989539921747,0,1,1277.6727115165,1,1,354.8667323807397,0.2962080034069699,79.6404899050649,0.0664760834211479,1.2962080034069698,1.066476083421148,0.0011782720685004,0.0012631267309187,5.36839983612299
0,2,1,0.6303772348191475,58.64952326797204,64.38,0,0.34,2,1413,1130.789222713712,1305.4768752165703,0,1,1158.040566025384,1,1,174.68765250285833,0.1544829478332275,27.25134331167192,0.0240994013422528,1.1544829478332277,1.0240994013422529,0.0005674213171005,0.0006179511547088,15.063553929328918
1,14,1,0.6846558417245987,7.545947507073325,7.66,0,0.224,2,1288,1275.7049595619128,1275.7049595619128,1,1,1275.7049595619128,1,1,0.0,0.0,0.0,0.0,1.0,1.0,0.001940831542015,0.0019462257623671,3.25634653121233
0,5,1,0.6818777357360218,27.44265547827065,31.62,0,0.218,2,1588,1166.794505105123,1353.4832986159693,0,1,1177.188623638852,1,1,186.68879351084612,0.1600014335806512,10.394118533728944,0.0089082683268143,1.1600014335806512,1.0089082683268142,0.0015983581542968,0.0017124414443969,4.909840099513531
0,5,1,0.7747310864207076,78.05314718704105,69.88,0,0.342,2,1538,1282.7831710975206,1299.458256698737,1,1,1299.458256698737,1,1,16.675085601216324,0.0129991459016019,16.675085601216324,0.0129991459016019,1.012999145901602,1.012999145901602,0.000869534909725,0.0008842051029204,11.750231586396694
0,1,1,0.6476850225936333,72.07869859154441,78.9,0,0.32,2,1592,1098.892167967438,1182.934262260614,0,1,1098.892167967438,1,1,84.0420942931762,0.0764789273624766,0.0,0.0,1.0764789273624766,1.0,0.0004370510578155,0.0004979372024535,15.321797974407673
0,3,1,0.778061545902313,44.53334573968018,37.38,0,0.236,2,1349,1158.3066278070266,1158.3066278089048,1,1,1158.3066278089048,1,1,1.8781065591610972e-09,1.621424339699098e-12,1.8781065591610972e-09,1.621424339699098e-12,1.0000000000016214,1.0000000000016214,0.0007129982113837,0.0007145106792449,3.541104845702648
0,2,1,0.747452210683891,40.56707617411155,42.0,0,0.212,2,1597,1114.5189584383206,1365.80865022687,0,1,1188.048420698349,1,1,251.28969178854936,0.2254691944771042,73.52946226002837,0.0659741691276915,1.2254691944771043,1.0659741691276916,0.0004548430442809,0.000513307750225,2.9697426110506058
0,3,1,0.7424719317803441,67.25737149455574,65.58,0,0.204,2,1498,1078.227632491528,1264.0709504435858,0,1,1133.8607872305188,1,1,185.84331795205776,0.1723600029825037,55.6331547389907,0.0515968549335316,1.172360002982504,1.0515968549335315,0.0005673095583915,0.000627189874649,2.5074018836021423
0,2,1,0.6904620050724862,44.68306594671531,49.92,0,0.252,2,1522,1118.0002149296804,1457.2356434848225,0,1,1229.5404193560482,1,1,339.2354285551421,0.3034305575482194,111.54020442636784,0.0997676055307229,1.3034305575482197,1.099767605530723,0.0006064549088477,0.000671438872814,7.033019684255123
0,2,1,0.7103412592585527,64.8859107522596,72.9,0,0.43,2,1360,1207.04450671232,1207.04450671232,1,1,1207.04450671232,1,1,0.0,0.0,0.0,0.0,1.0,1.0,0.0003810822963713,0.0003753378987311,16.721629604697227
0,4,1,0.7387627108305475,51.34337186883317,45.4,0,0.28,2,1249,1148.7729373712782,1148.7729373712782,1,1,1148.7729373712782,1,1,0.0,0.0,0.0,0.0,1.0,1.0,0.0006384178996085,0.0006454214453696,7.0258505791425705
0,7,1,0.625222909119612,12.36500844704197,11.6,0,0.206,2,1485,1138.0622007937504,1379.5917805242634,0,1,1193.324631993877,1,1,241.52957973051295,0.2122288039810621,55.26243120012646,0.0485583574971414,1.212228803981062,1.048558357497141,0.0014489889144897,0.0015117079019546,4.73710747808218
0,2,1,0.6423025976573216,80.311343854452,91.8,0,0.392,2,1518,1112.1000099960788,1223.3969621779593,0,1,1112.1000099960788,1,1,111.29695218188044,0.100078186477377,0.0,0.0,1.100078186477377,1.0,0.0005759969353675,0.0006291046738623,27.573250092566013
0,3,1,0.591374382621344,38.12745245021638,49.92,0,0.226,2,1495,1116.6082008085457,1263.7345105500935,0,1,1145.9313020225036,1,1,147.12630974154786,0.1317618029627692,29.323101213957894,0.0262608685774695,1.1317618029627692,1.0262608685774697,0.0009203180670737,0.0009765550494193,3.426193915307522
0,2,1,0.7300639011276349,87.23753302311937,96.78,0,0.604,2,1494,1198.1145061698332,1367.150775192743,0,1,1198.1145061698332,1,1,169.03626902290966,0.1410852369722904,0.0,0.0,1.1410852369722904,1.0,0.0006029307842254,0.0006581842899322,81.14713755995035
0,3,1,0.6956798067877056,80.6484479365339,81.94,0,0.318,2,1401,1168.9119039614304,1168.9119039614304,1,1,1168.9119039614304,1,1,0.0,0.0,0.0,0.0,1.0,1.0,0.0005052909255027,0.0005101785063743,8.669561386108398
0,3,1,0.6543746620319849,60.169275334580064,64.22,0,0.24,2,1448,1166.935167105316,1338.275796904077,0,1,1169.7763906619398,1,1,171.34062979876103,0.146829605130323,2.841223556623845,0.0024347741303158,1.146829605130323,1.002434774130316,0.0005845129489897,0.0006450340151786,6.149900659918785
0,4,1,0.6933410458713049,26.86804222413277,31.54,0,0.208,2,1439,1141.7433839843234,1141.7433839843234,1,1,1141.7433839843234,1,1,0.0,0.0,0.0,0.0,1.0,1.0,0.0006876438856124,0.0006937384605407,2.6951845437288284
0,2,1,0.6680748995002136,75.5049856931406,85.46,0,0.208,2,1561,1117.5591832613616,1397.6045990301704,0,1,1206.93325241331,1,1,280.0454157688089,0.2505866534527104,89.37406915194833,0.0799725602818894,1.2505866534527104,1.0799725602818897,0.0004149004817008,0.0004652440547942,2.822482168674469
0,2,1,0.6704796123010408,71.81239819185623,76.6,0,0.544,2,1345,1212.6517656560038,1243.091568285462,1,1,1243.091568285462,1,1,30.4398026294582,0.025101849922258,30.4398026294582,0.025101849922258,1.025101849922258,1.025101849922258,0.0005008354783057,0.0005059763789176,43.11644102633
0,2,1,0.7933195546156774,60.20902537582965,59.82,0,0.296,2,1353,1122.8584122348257,1122.8584122367038,1,1,1122.8584122367038,1,1,1.8781065591610972e-09,1.6726120931160859e-12,1.8781065591610972e-09,1.6726120931160859e-12,1.0000000000016729,1.0000000000016729,0.0003192797303199,0.0003256350755691,6.571344301104546
0,1,1,0.604152306954272,64.34916790530997,74.84,0,0.302,2,1450,1081.4860729306477,1162.5493922988471,0,1,1081.4860729306477,1,1,81.06331936819947,0.0749554907799518,0.0,0.0,1.074955490779952,1.0,0.0004145875573158,0.0004687458276748,12.477985329926014
0,4,1,0.6916125870142942,42.24710160637316,39.84,0,0.4,2,1403,1170.6157045728885,1367.5166196732864,0,1,1187.7268909206246,1,1,196.90091510039792,0.1682028648097108,17.111186347736066,0.0146172533658082,1.1682028648097107,1.0146172533658082,0.001250572502613,0.0013357847929,19.672121480107307
1,12,1,0.6077265845556931,7.674123053601019,9.66,0,0.242,2,1509,1282.5159458474395,1368.7522573519918,1,1,1368.7522573519918,1,1,86.2363115045523,0.0672399526756531,86.2363115045523,0.0672399526756531,1.067239952675653,1.067239952675653,0.0020660981535911,0.0020707100629806,6.527423970401287
0,2,1,0.6349667605223409,78.93753171187072,90.06,0,0.266,2,1557,1125.5016148498412,1363.4432209675258,0,1,1181.7749422860718,1,1,237.9416061176846,0.2114093866932652,56.2733274362306,0.0499984422001369,1.2114093866932654,1.049998442200137,0.0004770532250403,0.000535987317562,5.637375928461552
0,2,1,0.6205316619470189,69.95081861773656,75.74,0,0.322,2,1493,1111.7281721500185,1215.182119366724,0,1,1111.728172150018,1,1,103.4539472167055,0.0930568729014319,-4.547473508864641e-13,-4.090454503882984e-16,1.0930568729014318,0.9999999999999996,0.0006698966026305,0.0007248222827911,10.719988889992235
1,11,1,0.638713574077192,8.37032157443308,9.14,0,0.216,2,1323,1238.7537138249038,1238.7537138249038,1,1,1238.7537138249038,1,1,0.0,0.0,0.0,0.0,1.0,1.0,0.0016857609152793,0.0016867965459823,3.0056493282318115
0,2,1,0.7002953004028173,98.87494386623048,99.84,0,0.208,2,1312,1075.2599969471555,1163.5097217664306,0,1,1088.21152855749,1,1,88.24972481927512,0.0820729173128647,12.95153161033454,0.0120450232009989,1.0820729173128647,1.012045023200999,0.001354232430458,0.0014386773109435,3.370102927088737
0,1,1,0.7441467246544999,87.25648121970747,79.18,0,0.204,2,1487,1053.5942697643895,1107.188539528779,0,1,1053.5942697643895,1,1,53.59426976438954,0.0508680345958739,0.0,0.0,1.050868034595874,1.0,0.0006333738565444,0.0007038265466689,4.215651497244835
0,4,1,0.6947246487787032,50.584408429132765,55.44,0,0.364,2,1617,1220.6291199459165,1442.901077469745,0,1,1225.808907526556,1,1,222.2719575238284,0.1820962271764226,5.179787580639413,0.0042435392503735,1.1820962271764226,1.0042435392503737,0.0007730051875113,0.0008202344179152,19.431053191423416
0,3,1,0.6478227723095429,27.87995423005533,30.14,0,0.222,2,1518,1264.6194507302134,1264.6194507302134,1,1,1264.6194507302134,1,1,0.0,0.0,0.0,0.0,1.0,1.0,0.0005104169249534,0.0005210638046264,3.835788913071156
0,1,1,0.7417700998032616,96.89285697420804,108.1,0,0.342,2,1597,1095.2746771281963,1187.4141186745594,0,1,1095.2746771281963,1,1,92.13944154636306,0.0841245063639671,0.0,0.0,1.0841245063639673,1.0,0.0005814135074614,0.0006574094295501,13.133321434259416
0,3,1,0.7045465084605104,85.38494686512001,91.34,0,0.476,2,1389,1196.222186746401,1196.222186746401,1,1,1196.222186746401,1,1,0.0,0.0,0.0,0.0,1.0,1.0,0.0003975182771682,0.0004031583666801,29.617778189480305
0,3,1,0.6883212406855412,64.05133837624723,60.24,0,0.322,2,1255,1238.0887538642462,1238.0887538642462,1,1,1238.0887538642462,1,1,0.0,0.0,0.0,0.0,1.0,1.0,0.0006696730852126,0.0006749406456947,8.124043568968773
0,3,1,0.7030973928119443,68.55168281176668,61.12,0,0.32,2,1525,1255.5573689080263,1255.5573689080263,1,1,1255.5573689080263,1,1,0.0,0.0,0.0,0.0,1.0,1.0,0.0005207881331442,0.0005295500159262,9.417225547134876
0,3,1,0.6923886897202167,36.07459744471905,35.82,0,0.206,2,1612,1131.8451834097327,1426.9763350779876,0,1,1221.0952974038614,1,1,295.1311516682549,0.2607522265361058,89.2501139941287,0.0788536412067053,1.260752226536106,1.0788536412067051,0.0005121603608131,0.0005667433142661,2.7069839909672737
0,4,1,0.5975453850626137,43.36945214537749,41.94,0,0.268,2,1258,1180.0941442690291,1180.0941442690291,1,1,1180.0941442690291,1,1,0.0,0.0,0.0,0.0,1.0,1.0,0.0008982047438621,0.0008975863456725,6.087819673120976
0,5,1,0.7506806810875534,16.34373355452513,17.82,0,0.204,2,1510,1230.6931442190005,1230.6931442190005,1,1,1230.6931442190005,1,1,0.0,0.0,0.0,0.0,1.0,1.0,0.0014510080218314,0.0014370381832122,3.5935904383659363
0,6,1,0.7519339577163684,27.306549060536582,24.82,0,0.214,2,1572,1111.7281721500171,1225.4948885088386,0,1,1117.3581046923,1,1,113.76671635882144,0.1023332134678239,5.629932542282859,0.005064126900189,1.102333213467824,1.005064126900189,0.0010799318552016,0.0011346116662024,4.220274955034256
0,1,1,0.6635186299985907,90.30940100246144,96.44,0,0.532,2,1523,1151.456131135871,1301.2949763182269,0,1,1151.456131135871,1,1,149.83884518235595,0.1301298774053556,0.0,0.0,1.1301298774053556,1.0,0.0004572793841361,0.000518225133419,44.03844475001097
0,4,1,0.741410743534535,28.54047888826261,29.78,0,0.296,2,1383,1189.715326177714,1370.8104022500097,0,1,1190.300704276974,1,1,181.0950760722958,0.1522171498404692,0.5853780992601969,0.000492032073875,1.1522171498404692,1.000492032073875,0.0007958039641379,0.0008584707975387,8.240098044276237
0,3,1,0.7420731581414566,37.74805490013462,40.44,0,0.348,2,1306,1144.1574245228414,1287.2411137964891,0,1,1144.1574245228417,1,1,143.08368927364768,0.1250559461547166,2.273736754432321e-13,1.9872586636236336e-16,1.1250559461547165,1.0000000000000002,0.0006558001041412,0.0007131695747375,13.228407636284828
0,2,1,0.6012567159298188,56.83096515321239,62.24,0,0.372,2,1243,1150.304542125873,1150.304542125873,1,1,1150.304542125873,1,1,0.0,0.0,0.0,0.0,1.0,1.0,0.0009586960077284,0.0009606555104254,11.975871458649635
0,3,1,0.7901436734582121,31.12104607736096,27.84,0,0.216,2,1437,1114.0610319287566,1384.942584523852,0,1,1193.357049661714,1,1,270.8815525950954,0.243147857102696,79.29601773295735,0.071177444915808,1.243147857102696,1.071177444915808,0.0007010772824286,0.0007560476660727,4.217244856059551
0,2,1,0.6973411165400196,56.87272715884901,53.18,0,0.226,2,1394,1087.935364590656,1219.2725494814658,0,1,1117.301344931877,1,1,131.3371848908098,0.1207214961159263,29.365980341221075,0.0269923943066877,1.1207214961159264,1.0269923943066877,0.0007354021072386,0.0008111149072646,5.030985526740551
0,4,1,0.5856556637445204,16.673391989740885,19.46,0,0.21,2,1422,1267.328803690626,1303.1330988926838,1,1,1303.1330988926838,1,1,35.8042952020578,0.0282517805148837,35.8042952020578,0.0282517805148837,1.028251780514884,1.028251780514884,0.000802919268608,0.0008062347769736,3.57125935703516
0,1,1,0.6398037568811268,91.49220865575008,90.96,0,0.312,2,1560,1091.691064608655,1174.1284317403554,0,1,1091.691064608655,1,1,82.43736713170028,0.0755134577942635,0.0,0.0,1.0755134577942635,1.0,0.0008404552936553,0.0009617432951927,10.119682617485523
0,2,1,0.7331065765905941,46.77466811959523,43.42,0,0.228,2,1272,1114.0610319287566,1114.0610319287566,1,1,1114.0610319287566,1,1,0.0,0.0,0.0,0.0,1.0,1.0,0.0003213956952094,0.0003266260027885,2.3556724935770035
0,4,1,0.6073790770748674,54.13284358753913,46.8,0,0.31,2,1374,1199.557189493427,1199.557189493427,1,1,1199.557189493427,1,1,0.0,0.0,0.0,0.0,1.0,1.0,0.000585064291954,0.0005909875035285,8.06682613492012
0,3,1,0.7677012111404475,29.50902949232967,24.28,0,0.274,2,1463,1111.4055650037576,1290.79124685141,0,1,1145.680664473963,1,1,179.38568184765245,0.1614043401402673,34.275099470205305,0.0308394168154893,1.1614043401402674,1.0308394168154893,0.0005913451313972,0.000649020075798,5.9818518832325935
0,1,1,0.6450545647935271,88.30935373540626,86.52,0,0.31,2,1579,1094.1474186092398,1175.7006046770111,0,1,1094.1474186092398,1,1,81.55318606777132,0.0745358300725443,0.0,0.0,1.0745358300725445,1.0,0.0004127845168113,0.0004687756299972,9.10817674547434
1,13,1,0.6618281717527744,5.929044018384991,6.6,0,0.202,2,1609,1254.563548326073,1510.199911634315,0,1,1255.5745476551351,1,1,255.63636330824195,0.2037651768611721,1.0109993290620878,0.0008058574078698,1.203765176861172,1.00080585740787,0.0025786459445952,0.0026261135935782,3.530391350388527
