Hom,medLongSeg,CV,nSeg,nSegNum,Base,BaseNum,L,Lprop,gurobiMinMax,gurobiT1,gurobiT2,greedyMinMax,greedyT1,greedyT2,improvedMinMax,improvedT1,improvedT2,errorGreedyAbs,errorGreedy,errorImprovedAbs,errorImproved,kGreedy,kImproved
0,10,0.2,0,17,0,0.865248227,1,0.53752035,2277.58546,1,1,2503.408862,1,1,2503.408862,1,1,225.823402,0.099150353,225.823402,0.099150353,1.099150353,1.099150353
0,10,0.2,0,18,0,0.947651007,0,0.2226524,2165.160766,1,1,2220.124106,1,1,2220.124106,1,1,54.96334023,0.025385339,54.96334023,0.025385339,1.025385339,1.025385339
0,10,0.2,0,17,0,0.683441558,0,0.14802961,1588.177736,1,1,1672.735648,1,1,1672.735648,1,1,84.55791135,0.053242096,84.55791135,0.053242096,1.053242096,1.053242096
0,10,0.2,0,18,0,0.031456954,1,0.776455387,1208.85029,1,1,1760.95198,0,1,1209.203057,1,1,552.1016899,0.456716348,0.352766704,0.00029182,1.456716348,1.00029182
0,10,0.2,0,16,0,0.960784314,1,0.602314224,1831.391773,1,1,1853.31388,1,1,1853.31388,1,1,21.92210726,0.01197019,21.92210726,0.01197019,1.01197019,1.01197019
0,10,0.2,0,18,0,0.56137931,0,0.03576653,1698.487756,1,1,1774.843673,1,1,1774.843673,1,1,76.35591689,0.044955235,76.35591689,0.044955235,1.044955235,1.044955235
0,10,0.2,0,17,1,1.212198221,1,0.850931714,2622.269151,1,1,2944.329172,1,1,2944.329172,1,1,322.0600204,0.122817301,322.0600204,0.122817301,1.122817301,1.122817301
0,10,0.2,1,20,0,0.158536585,0,0.26810529,1662.243746,1,1,1727.889159,1,1,1665.088465,2,1,65.64541371,0.03949205,2.844719341,0.001711373,1.03949205,1.001711373
0,10,0.2,0,19,0,0.620408163,1,0.69982044,1315.549039,1,1,1315.549039,1,1,1315.549039,1,1,0,0,0,0,1,1
0,10,0.2,0,17,0,0.803519062,1,0.614034746,1832.749682,1,1,1947.564055,1,1,1947.564055,1,1,114.8143736,0.062645966,114.8143736,0.062645966,1.062645966,1.062645966
0,10,0.2,0,16,0,0.448441247,1,0.449786986,1847.143524,1,1,1974.266067,1,1,1974.266067,1,1,127.1225427,0.068821151,127.1225427,0.068821151,1.068821151,1.068821151
0,10,0.2,0,15,0,0.807377049,1,0.522436601,1948.355115,1,1,2136.327923,1,1,2136.327923,1,1,187.972808,0.096477694,187.972808,0.096477694,1.096477694,1.096477694
0,10,0.2,0,17,0,0.635384615,1,0.40834402,1601.654111,1,1,1708.192679,1,1,1708.192679,1,1,106.5385685,0.066517838,106.5385685,0.066517838,1.066517838,1.066517838
0,10,0.2,0,18,0,0.398406375,1,0.674394754,1641.677979,1,1,1775.071513,1,1,1775.071513,1,1,133.3935343,0.081254385,133.3935343,0.081254385,1.081254385,1.081254385
0,10,0.2,0,16,1,1.352472089,0,0.300982421,2257.959462,1,1,2452.484308,1,1,2452.484308,1,1,194.5248456,0.086150725,194.5248456,0.086150725,1.086150725,1.086150725
0,10,0.2,0,16,0,0.844135802,0,0.253839714,1788.146787,1,1,1988.967123,1,1,1988.967123,1,1,200.8203368,0.112306405,200.8203368,0.112306405,1.112306405,1.112306405
0,10,0.2,0,17,0,0.413746631,1,0.421183577,1618.329363,1,1,1820.771012,1,1,1820.771012,1,1,202.441649,0.125092984,202.441649,0.125092984,1.125092984,1.125092984
0,10,0.2,0,19,1,1.397677794,1,0.352756988,2528.994943,1,1,2682.643186,1,1,2682.643186,1,1,153.6482423,0.060754666,153.6482423,0.060754666,1.060754666,1.060754666
0,10,0.2,0,14,1,1.257009346,1,0.973711677,1638.688521,1,1,2224.475805,0,1,1650.487818,1,1,585.7872832,0.357473233,11.79929706,0.007200451,1.357473233,1.007200451
0,10,0.2,0,18,1,1.213483146,1,0.745570657,2104.171697,1,1,2565.931423,0,1,2104.242546,1,1,461.759726,0.219449642,0.070848846,3.37E-05,1.219449642,1.000033671
0,10,0.2,0,18,0,0.845601436,1,0.988790786,1607.474638,1,1,2231.246656,0,1,1616.882493,1,1,623.7720182,0.388044703,9.407855481,0.005852569,1.388044703,1.005852569
0,10,0.2,0,19,0,0.484224966,1,0.669405581,1645.264059,1,1,2012.254351,0,1,1645.58014,1,1,366.9902914,0.223058596,0.316080345,0.000192115,1.223058596,1.000192115
0,10,0.2,0,18,0,0.643564356,1,0.535215723,1288.586157,1,1,1816.176151,0,1,1288.586157,1,1,527.5899944,0.409433232,0,0,1.409433232,1
0,10,0.2,0,19,0,0.689655172,1,0.818474608,1826.405434,1,1,2299.847528,0,1,1826.861467,1,1,473.4420942,0.259220699,0.456033109,0.000249689,1.259220699,1.000249689
0,10,0.2,0,17,0,0.689552239,0,0.100409122,1674.919349,1,1,1730.655414,1,1,1730.655414,1,1,55.73606459,0.033276865,55.73606459,0.033276865,1.033276865,1.033276865
0,10,0.2,0,19,0,0.521560575,0,0.133820618,1754.43043,2,2,1755.871366,1,2,1755.871366,1,2,1.440935845,0.000821313,1.440935845,0.000821313,1.000821313,1.000821313
0,10,0.2,0,19,1,1.479608483,0,0.17429966,4135.551158,2,2,4214.96464,1,2,4146.88972,2,2,79.41348151,0.019202636,11.33856174,0.002741729,1.019202636,1.002741729
0,10,0.2,0,18,1,1.272373541,1,0.369858965,1915.113168,1,1,2037.858279,1,1,2037.858279,1,1,122.7451108,0.064092876,122.7451108,0.064092876,1.064092876,1.064092876
0,10,0.2,0,16,0,0.727109515,1,0.552824243,1461.980373,1,1,1581.744709,1,1,1581.744709,1,1,119.7643362,0.08191925,119.7643362,0.08191925,1.08191925,1.08191925
0,10,0.2,0,15,0,0.218987342,0,0.130402613,1620.95228,1,1,1707.600765,1,1,1625.621603,2,1,86.64848503,0.053455297,4.669322516,0.002880605,1.053455297,1.002880605
0,10,0.2,0,15,1,1.521968366,1,0.71297606,2263.844362,1,1,2388.562287,1,1,2388.562287,1,1,124.7179248,0.05509121,124.7179248,0.05509121,1.05509121,1.05509121
0,10,0.2,0,16,1,1.183708839,1,0.727503907,2004.940544,1,1,2122.851007,1,1,2122.851007,1,1,117.9104631,0.058809955,117.9104631,0.058809955,1.058809955,1.058809955
0,10,0.2,0,16,1,1.259109312,0,0.132625718,3012.122495,2,2,3092.763387,1,2,3043.446332,2,2,80.64089212,0.026772116,31.32383678,0.010399257,1.026772116,1.010399257
0,10,0.2,0,19,1,1.477093207,0,0.063427034,4269.948027,2,2,4476.190229,1,2,4324.085655,2,2,206.2422022,0.048300869,54.13762802,0.012678756,1.048300869,1.012678756
0,10,0.2,0,18,1,1.106430155,0,0.22004019,2774.241409,1,1,2837.771936,1,1,2837.771936,1,1,63.53052687,0.022900144,63.53052687,0.022900144,1.022900144,1.022900144
0,10,0.2,0,17,0,0.385273973,1,0.927458691,1276.730136,1,1,1803.168558,0,1,1283.274433,1,1,526.4384221,0.412333356,6.544296781,0.005125826,1.412333356,1.005125826
0,10,0.2,0,18,1,1.004213483,1,0.408437498,2107.137753,1,1,2422.180656,1,1,2422.180656,1,1,315.0429029,0.149512248,315.0429029,0.149512248,1.149512248,1.149512248
0,10,0.2,0,18,0,0.345303867,1,0.444203208,1538.892724,1,1,1884.396689,0,1,1544.781045,1,1,345.5039654,0.224514653,5.888320758,0.003826336,1.224514653,1.003826336
0,10,0.2,0,18,1,1.270967742,0,0.004640302,4716.2865,2,2,4980.815113,1,2,4740.858225,2,2,264.5286135,0.056088326,24.57172534,0.005209973,1.056088326,1.005209973
0,10,0.2,0,17,0,0.333333333,1,0.650203289,977.104125,1,1,1682.189432,0,1,995.5724627,1,1,705.0853071,0.721607134,18.4683377,0.018901095,1.721607134,1.018901095
0,10,0.2,0,18,0,0.017241379,0,0.202172581,1392.258922,1,1,1402.268966,1,1,1392.26969,2,1,10.01004361,0.007189786,0.010768386,7.73E-06,1.007189786,1.000007734
0,10,0.2,0,19,0,0.371567044,1,0.390597635,1351.772866,1,1,1492.052423,1,1,1492.052423,1,1,140.2795563,0.103774502,140.2795563,0.103774502,1.103774502,1.103774502
0,10,0.2,0,18,0,0.773109244,1,0.56106219,2171.604172,1,1,2429.239498,1,1,2429.239498,1,1,257.6353259,0.118638253,257.6353259,0.118638253,1.118638253,1.118638253
0,10,0.2,0,18,0,0.436906377,0,0.323180438,1620.240829,1,1,1815.443454,1,1,1815.443454,1,1,195.2026254,0.120477538,195.2026254,0.120477538,1.120477538,1.120477538
0,10,0.2,0,17,0,0.38372093,1,0.438999453,1309.522624,1,1,1479.807076,1,1,1479.807076,1,1,170.2844522,0.130035518,170.2844522,0.130035518,1.130035518,1.130035518
0,10,0.2,0,16,0,0.735257215,1,0.938744055,2025.216618,1,1,2455.412996,0,1,2038.030669,1,1,430.1963782,0.212419933,12.8140508,0.006327249,1.212419933,1.006327249
0,10,0.2,0,17,1,1.326440177,1,0.911548891,2445.245506,1,1,2721.872933,1,1,2721.872933,1,1,276.6274272,0.113128693,276.6274272,0.113128693,1.113128693,1.113128693
0,10,0.2,0,15,1,1.971717172,1,0.381701033,2434.481923,1,1,2477.676055,1,1,2477.676055,1,1,43.19413217,0.017742638,43.19413217,0.017742638,1.017742638,1.017742638
0,10,0.2,0,16,1,1.003831418,1,0.358351821,1714.574613,1,1,1832.563748,1,1,1832.563748,1,1,117.9891349,0.068815398,117.9891349,0.068815398,1.068815398,1.068815398
0,10,0.2,0,18,1,1.112211221,1,0.452322394,1991.166379,1,1,2074.504366,1,1,2074.504366,1,1,83.33798679,0.041853854,83.33798679,0.041853854,1.041853854,1.041853854
0,10,0.2,0,15,0,0.387225549,1,0.523703099,1104.027171,1,1,1104.027171,1,1,1104.027171,1,1,0,0,0,0,1,1
0,10,0.2,0,16,1,1.056603774,0,0.003058485,4483.077205,2,2,4691.662005,1,2,4493.315298,2,2,208.5848006,0.046527149,10.23809313,0.00228372,1.046527149,1.00228372
0,10,0.2,0,17,0,0.947281713,0,0.150924174,1768.66592,1,1,1830.52083,1,1,1830.52083,1,1,61.85490975,0.034972636,61.85490975,0.034972636,1.034972636,1.034972636
0,10,0.2,0,18,0,0.259044863,1,0.689504542,1442.347097,1,1,1589.908628,1,1,1589.908628,1,1,147.561531,0.102306533,147.561531,0.102306533,1.102306533,1.102306533
0,10,0.2,0,17,1,1.862204724,1,0.455777627,2396.367202,1,1,2396.367202,1,1,2396.367202,1,1,0,0,0,0,1,1
0,10,0.2,0,15,0,0.10619469,1,0.736041494,913.8486877,1,1,1617.780943,0,1,918.3631984,1,1,703.9322551,0.770294103,4.514510777,0.004940108,1.770294103,1.004940108
0,10,0.2,0,17,0,0.641421947,1,0.844105942,1613.178619,1,1,2165.376578,0,1,1614.803887,1,1,552.1979591,0.342304288,1.625268036,0.001007494,1.342304288,1.001007494
0,10,0.2,0,18,1,1.427350427,0,0.040791192,3241.130397,2,2,3241.130397,2,2,3241.130397,2,2,3.27E-11,1.01E-14,3.27E-11,1.01E-14,1,1
0,10,0.2,0,16,0,0.346045198,0,0.130008325,1519.080786,1,1,1592.106012,1,1,1592.106012,1,1,73.02522643,0.048071983,73.02522643,0.048071983,1.048071983,1.048071983
0,10,0.2,0,19,1,1.376494024,1,0.455475126,1961.895027,1,1,2061.240749,1,1,2061.240749,1,1,99.34572259,0.050637634,99.34572259,0.050637634,1.050637634,1.050637634
0,10,0.2,0,15,0,0.4078125,1,0.641248926,1406.887695,1,1,1469.53058,1,1,1469.53058,1,1,62.64288505,0.04452586,62.64288505,0.04452586,1.04452586,1.04452586
0,10,0.2,0,16,1,1.095096582,1,0.703610246,2071.484911,1,1,2436.578787,0,1,2083.620129,1,1,365.0938763,0.176247422,12.135218,0.005858222,1.176247422,1.005858222
0,10,0.2,0,17,0,0.747651007,1,0.388316803,1921.720156,1,1,2107.264528,1,1,2107.264528,1,1,185.544372,0.096551192,185.544372,0.096551192,1.096551192,1.096551192
0,10,0.2,0,16,1,1.142675159,1,0.728970278,2515.399242,1,1,2894.210354,1,1,2894.210354,1,1,378.8111118,0.150596814,378.8111118,0.150596814,1.150596814,1.150596814
0,10,0.2,0,18,0,0.064705882,0,0.231201478,1363.34664,1,1,1402.524197,1,1,1363.641667,2,1,39.17755661,0.028736314,0.295026911,0.000216399,1.028736314,1.000216399
0,10,0.2,0,18,1,1.137302552,1,0.590835588,2592.873248,1,1,2902.690029,1,1,2902.690029,1,1,309.816781,0.119487824,309.816781,0.119487824,1.119487824,1.119487824
0,10,0.2,0,18,0,0.630165289,0,0.063017883,1921.518188,2,2,2043.034802,1,2,1941.90249,2,2,121.5166133,0.063239897,20.38430163,0.010608435,1.063239897,1.010608435
0,10,0.2,0,16,1,1.490039841,1,0.945128036,2062.194383,1,1,2616.02315,0,1,2062.194383,1,1,553.8287676,0.268562834,0,0,1.268562834,1
0,10,0.2,0,18,0,0.626760563,1,0.764563444,1454.004745,1,1,1581.580476,1,1,1581.580476,1,1,127.5757314,0.087740932,127.5757314,0.087740932,1.087740932,1.087740932
0,10,0.2,0,17,0,0.839779006,0,0.285583942,1571.821983,1,1,1684.704481,1,1,1684.704481,1,1,112.8824982,0.071816338,112.8824982,0.071816338,1.071816338,1.071816338
0,10,0.2,0,18,0,0.364332604,1,0.479417737,1954.402295,1,1,2069.992563,1,1,2069.992563,1,1,115.5902682,0.059143539,115.5902682,0.059143539,1.059143539,1.059143539
0,10,0.2,0,15,1,1.198412698,0,0.086835569,4237.498335,2,1,4237.498335,1,2,4237.498335,1,2,0,0,0,0,1,1
0,10,0.2,0,17,0,0.828016644,0,0.051872223,1967.870982,1,1,1967.870982,1,1,1967.870982,1,1,2.27E-13,1.16E-16,2.27E-13,1.16E-16,1,1
0,10,0.2,0,15,0,0.990932642,0,0.175964245,2286.679035,1,1,2355.987307,1,1,2355.987307,1,1,69.3082718,0.030309576,69.3082718,0.030309576,1.030309576,1.030309576
0,10,0.2,0,16,0,0.729428173,1,0.683810292,1815.386933,1,1,2204.411211,0,1,1827.414999,1,1,389.0242784,0.214292761,12.02806644,0.006625621,1.214292761,1.006625621
0,10,0.2,0,18,1,1.001953125,0,0.148922647,1618.401263,1,1,1618.401263,1,1,1618.401263,1,1,0,0,0,0,1,1
0,10,0.2,0,17,0,0.191316147,1,0.517569743,1500.895403,1,1,1660.317958,0,1,1502.326397,1,1,159.4225545,0.106218298,1.430994085,0.000953427,1.106218298,1.000953427
0,10,0.2,0,16,0,0.831034483,0,0.007220678,2791.921311,2,2,3057.667779,1,2,2822.418462,2,2,265.7464684,0.095184083,30.49715139,0.010923356,1.095184083,1.010923356
0,10,0.2,0,15,1,1.200626959,1,0.816706185,2196.213299,1,1,2293.628683,1,1,2293.628683,1,1,97.41538376,0.044356067,97.41538376,0.044356067,1.044356067,1.044356067
0,10,0.2,0,17,1,1.202261307,1,0.942482911,2589.216973,1,1,3014.926061,0,1,2603.191896,1,1,425.7090876,0.164416151,13.97492245,0.005397355,1.164416151,1.005397355
0,10,0.2,0,15,1,1.534482759,1,0.909316263,2368.693863,1,1,2943.199376,0,1,2378.169224,1,1,574.5055128,0.242541057,9.47536118,0.004000247,1.242541057,1.004000247
0,10,0.2,0,19,0,0.532544379,1,0.405196831,1581.060972,1,1,1693.976481,1,1,1693.976481,1,1,112.9155083,0.071417555,112.9155083,0.071417555,1.071417555,1.071417555
0,10,0.2,0,19,1,1.360091743,1,0.548280833,1721.738256,1,1,1939.955795,1,1,1939.955795,1,1,218.2175385,0.126742574,218.2175385,0.126742574,1.126742574,1.126742574
0,10,0.2,0,18,1,1.709055877,0,0.080374669,4053.828966,2,2,4053.828966,2,2,4053.828966,2,2,0,0,0,0,1,1
0,10,0.2,0,15,0,0.282608696,1,0.398951872,1168.972527,1,1,1235.366878,1,1,1235.366878,1,1,66.39435149,0.056797187,66.39435149,0.056797187,1.056797187,1.056797187
0,10,0.2,0,19,0,0.388026608,1,0.469621625,1015.601412,1,1,1585.802451,0,1,1018.404262,1,1,570.2010382,0.561441754,2.802849594,0.002759793,1.561441754,1.002759793
0,10,0.2,0,15,0,0.687578419,1,0.609368566,1954.492923,1,1,2295.482833,1,1,2295.482833,1,1,340.9899094,0.174464643,340.9899094,0.174464643,1.174464643,1.174464643
0,10,0.2,0,16,1,1.327332242,0,0.333123919,2179.519482,1,1,2270.134033,1,1,2270.134033,1,1,90.61455055,0.041575472,90.61455055,0.041575472,1.041575472,1.041575472
0,10,0.2,0,19,0,0.606280193,0,0.223228394,1974.040613,1,1,2139.197578,1,1,2139.197578,1,1,165.1569658,0.083664421,165.1569658,0.083664421,1.083664421,1.083664421
0,10,0.2,0,16,1,1.227574751,1,0.475886883,2097.099003,1,1,2140.373918,1,1,2140.373918,1,1,43.27491525,0.020635609,43.27491525,0.020635609,1.020635609,1.020635609
0,10,0.2,0,19,0,0.334273625,0,0.039808021,1508.024866,1,1,1653.612494,1,1,1653.612494,1,1,145.5876277,0.096541928,145.5876277,0.096541928,1.096541928,1.096541928
0,10,0.2,0,19,0,0.028985507,1,0.859444891,1380.773772,1,1,1390.289794,1,1,1381.374538,2,1,9.516022076,0.006891804,0.600765775,0.000435094,1.006891804,1.000435094
0,10,0.2,0,19,0,0.160520607,1,0.887915191,1867.73371,1,1,2017.372826,0,1,1868.6361,1,1,149.6391156,0.080118014,0.90239001,0.000483147,1.080118014,1.000483147
0,10,0.2,0,14,1,1.373101952,0,0.237341911,1822.638432,1,1,1822.638432,1,1,1822.638432,1,1,0,0,0,0,1,1
0,10,0.2,0,17,0,0.950793651,1,0.424143932,1899.619986,1,1,1981.468049,1,1,1981.468049,1,1,81.84806256,0.043086545,81.84806256,0.043086545,1.043086545,1.043086545
0,10,0.2,0,17,1,1.019011407,1,0.621109223,1704.8918,1,1,1758.109619,1,1,1758.109619,1,1,53.21781929,0.031214778,53.21781929,0.031214778,1.031214778,1.031214778
0,10,0.2,0,18,0,0.314211213,1,0.645065898,1611.681144,1,1,1858.777438,0,1,1615.550167,1,1,247.0962938,0.153315868,3.869022648,0.002400613,1.153315868,1.002400613
0,10,0.2,0,16,0,0.185463659,0,0.20975794,1626.946472,1,1,1703.327552,1,1,1629.593943,2,1,76.38108003,0.046947506,2.647471003,0.001627264,1.046947506,1.001627264
0,10,0.2,0,18,1,1.125,1,0.688834856,1956.236667,1,1,2186.05004,1,1,2186.05004,1,1,229.8133731,0.117477285,229.8133731,0.117477285,1.117477285,1.117477285
0,10,0.2,0,16,1,1.423236515,0,0.141229056,3298.737198,2,2,3448.386153,1,2,3314.463279,2,2,149.6489555,0.045365528,15.72608112,0.004767303,1.045365528,1.004767303
0,10,0.2,0,19,0,0.168903803,1,0.670152091,1814.351194,1,1,1985.81184,0,1,1815.137721,1,1,171.4606455,0.094502457,0.786527006,0.000433503,1.094502457,1.000433503
0,10,0.2,0,18,1,1.229865772,1,0.653711945,2110.56133,1,1,2284.807361,1,1,2284.807361,1,1,174.2460302,0.082559093,174.2460302,0.082559093,1.082559093,1.082559093
0,10,0.2,0,17,0,0.054347826,1,0.809816567,1290.406196,1,1,1319.305725,1,1,1290.882768,2,1,28.8995288,0.022395684,0.476572491,0.00036932,1.022395684,1.00036932
0,10,0.2,0,16,0,0.434659091,0,0.005147198,1550.023617,1,1,1610.395261,1,1,1610.395261,1,1,60.37164393,0.038948854,60.37164393,0.038948854,1.038948854,1.038948854
0,10,0.2,0,15,1,1.529147982,0,0.193387751,3227.501334,2,2,3244.813914,1,2,3231.842505,2,2,17.31257958,0.005364081,4.341170588,0.001345056,1.005364081,1.001345056
0,10,0.2,0,19,0,0.937743191,0,0.32138454,1542.968573,1,1,1706.679096,1,1,1706.679096,1,1,163.7105226,0.106101009,163.7105226,0.106101009,1.106101009,1.106101009
0,10,0.2,0,19,1,1.138655462,0,0.201239956,1693.83318,1,1,1693.83318,1,1,1693.83318,1,1,0,0,0,0,1,1
0,10,0.2,0,13,1,1.731261426,0,0.111659871,2341.03458,1,1,2341.03458,1,1,2341.03458,1,1,0,0,0,0,1,1
0,10,0.2,0,17,0,0.461426492,1,0.887898305,1548.415865,0,0,1750.767232,1,1,1750.767232,1,1,202.3513669,0.13068283,202.3513669,0.13068283,1.13068283,1.13068283
0,10,0.2,0,18,0,0.00989011,1,0.362636307,1820.092717,1,1,1820.97627,1,1,1820.092775,2,1,0.883552371,0.000485444,5.75E-05,3.16E-08,1.000485444,1.000000032
0,10,0.2,0,18,0,0.268324607,0,0.319523343,1586.08453,1,1,1786.544048,0,1,1586.533194,1,1,200.4595183,0.126386403,0.44866408,0.000282875,1.126386403,1.000282875
0,10,0.2,0,16,0,0.877800407,1,0.76994768,1507.916653,1,1,1507.916653,1,1,1507.916653,1,1,0,0,0,0,1,1
0,10,0.2,0,16,1,1.165236052,1,0.457154509,1694.272505,1,1,1716.604175,1,1,1716.604175,1,1,22.3316701,0.013180684,22.3316701,0.013180684,1.013180684,1.013180684
0,10,0.2,0,18,1,1.597402597,0,0.020194022,4465.141123,2,2,4571.940844,1,2,4468.511738,2,2,106.7997205,0.023918554,3.370614746,0.000754873,1.023918554,1.000754873
0,10,0.2,0,17,1,1.004319654,0,0.069624634,2682.017235,1,1,2682.017235,1,1,2682.017235,1,1,0,0,0,0,1,1
0,10,0.2,0,18,1,1.2075,1,0.885859435,2616.867601,1,1,3031.317785,0,1,2622.261976,1,1,414.4501837,0.158376443,5.394375384,0.002061386,1.158376443,1.002061386
0,10,0.2,0,17,1,1.160883281,0,0.178668351,2094.038833,1,1,2130.688039,1,1,2130.688039,1,1,36.64920651,0.017501684,36.64920651,0.017501684,1.017501684,1.017501684
0,10,0.2,0,18,1,1.535508637,1,0.886276363,2144.729551,1,1,2144.729551,1,1,2144.729551,1,1,0,0,0,0,1,1
0,10,0.2,0,18,1,1.1725,1,0.922402231,2577.811762,1,1,3000.26772,0,1,2579.305453,1,1,422.4559576,0.163881616,1.493690762,0.000579441,1.163881616,1.000579441
0,10,0.2,0,17,0,0.913680782,1,0.981165041,1828.290477,1,1,2450.813607,0,1,1828.290477,1,1,622.5231298,0.340494652,0,0,1.340494652,1
0,10,0.2,0,17,0,0.51732991,1,0.867582095,1769.673156,1,1,2257.918727,0,1,1792.497954,1,1,488.2455716,0.275895902,22.82479819,0.012897748,1.275895902,1.012897748
0,10,0.2,0,15,1,1.709864603,0,0.089119316,4068.845273,2,2,4287.235182,1,2,4114.098267,2,2,218.389909,0.053673682,45.25299399,0.011121827,1.053673682,1.011121827
0,10,0.2,0,16,0,0.600660066,1,0.9467801,2142.944489,1,1,2557.91309,0,1,2159.271325,1,1,414.9686013,0.193644121,16.32683633,0.00761888,1.193644121,1.00761888
0,10,0.2,0,19,0,0.978855721,1,0.934923487,2298.12854,1,1,2831.446964,0,1,2355.506045,1,1,533.3184247,0.232066403,57.37750563,0.024967057,1.232066403,1.024967057
0,10,0.2,1,20,1,1.551652893,1,0.343232845,2097.936397,1,1,2110.667974,1,1,2110.667974,1,1,12.73157766,0.006068619,12.73157766,0.006068619,1.006068619,1.006068619
0,10,0.2,0,18,1,1.260992908,1,0.793010008,2383.644102,1,1,2792.772066,0,1,2389.875011,1,1,409.127964,0.171639702,6.230908505,0.002614026,1.171639702,1.002614026
0,10,0.2,0,18,0,0.10321489,1,0.578393293,1190.313706,1,1,1698.389594,0,1,1190.742193,1,1,508.0758886,0.426842005,0.428487616,0.000359979,1.426842005,1.000359979
0,10,0.2,0,18,0,0.605932203,1,0.779957132,1168.271826,1,1,1624.153878,0,1,1168.271826,1,1,455.8820518,0.390219161,0,0,1.390219161,1
0,10,0.2,0,18,0,0.831880448,0,0.175303454,2143.773829,1,1,2258.169359,1,1,2258.169359,1,1,114.3955293,0.053361753,114.3955293,0.053361753,1.053361753,1.053361753
0,10,0.2,0,15,1,1.371485944,0,0.13781868,3243.104112,2,2,3257.105957,1,2,3257.105957,1,2,14.00184421,0.004317421,14.00184421,0.004317421,1.004317421,1.004317421
0,10,0.2,0,19,0,0.478571429,1,0.590440512,1585.472317,1,1,1732.910513,1,1,1732.910513,1,1,147.4381956,0.092993232,147.4381956,0.092993232,1.092993232,1.092993232
0,10,0.2,0,18,0,0.83055199,1,0.648976132,2100.593367,1,1,2398.942822,1,1,2398.942822,1,1,298.3494554,0.142031038,298.3494554,0.142031038,1.142031038,1.142031038
0,10,0.2,0,17,1,1.273752013,0,0.012256836,3692.70349,1,2,3692.70349,1,2,3692.70349,1,2,0,0,0,0,1,1
0,10,0.2,0,15,0,0.556405354,1,0.546280634,1251.073838,1,1,1775.073838,0,1,1260.980004,1,1,524,0.418840187,9.906165901,0.00791813,1.418840187,1.00791813
0,10,0.2,0,17,1,1.225755167,0,0.209577293,2124.882896,1,1,2124.882896,1,1,2124.882896,1,1,0,0,0,0,1,1
0,10,0.2,0,16,0,0.851224105,1,0.8915646,1540.734274,1,1,2114.796376,0,1,1540.734274,1,1,574.0621018,0.372589947,-2.27E-13,-1.48E-16,1.372589947,1
0,10,0.2,0,17,1,1.757936508,1,0.881269619,2340.240075,1,1,2409.319381,1,1,2409.319381,1,1,69.07930612,0.029518043,69.07930612,0.029518043,1.029518043,1.029518043
0,10,0.2,0,15,0,0.814388489,1,0.578634199,1852.739743,1,1,2138.63405,1,1,2138.63405,1,1,285.8943062,0.15430894,285.8943062,0.15430894,1.15430894,1.15430894
0,10,0.2,0,14,0,0.886091127,0,0.094004696,2302.439043,1,1,2303.56245,1,1,2303.56245,1,1,1.123406742,0.00048792,1.123406742,0.00048792,1.00048792,1.00048792
0,10,0.2,0,17,0,0.595,0,0.138800327,1892.550177,1,1,1947.750859,1,1,1947.750859,1,1,55.2006821,0.029167355,55.2006821,0.029167355,1.029167355,1.029167355
0,10,0.2,0,16,1,1.807971014,1,0.921605399,2498.382036,1,1,3002.681012,0,1,2517.598552,1,1,504.2989757,0.201850225,19.21651566,0.007691584,1.201850225,1.007691584
0,10,0.2,0,18,0,0.425352113,0,0.330484888,1561.171082,1,1,1787.585949,1,1,1622.530271,2,1,226.4148664,0.145028863,61.35918862,0.039303308,1.145028863,1.039303308
0,10,0.2,0,18,1,1.266568483,1,0.633844369,2360.140702,1,1,2560.267616,1,1,2560.267616,1,1,200.1269141,0.084794484,200.1269141,0.084794484,1.084794484,1.084794484
0,10,0.2,0,16,0,0.742280285,1,0.767551773,2142.906734,1,1,2315.650095,1,1,2315.650095,1,1,172.7433604,0.080611703,172.7433604,0.080611703,1.080611703,1.080611703
0,10,0.2,0,17,1,1.71297989,0,0.271443633,4242.381156,2,2,4341.797954,1,2,4288.773766,2,2,99.41679827,0.023434198,46.39261024,0.010935512,1.023434198,1.010935512
0,10,0.2,0,18,1,1.06940874,1,0.566131578,2403.310806,1,1,2682.021605,1,1,2682.021605,1,1,278.7107997,0.11596952,278.7107997,0.11596952,1.11596952,1.11596952
0,10,0.2,0,17,1,1.700892857,1,0.889210736,2055.936291,1,1,2642.865363,0,1,2084.005843,1,1,586.929072,0.285480185,28.06955225,0.013652929,1.285480185,1.013652929
0,10,0.2,0,17,1,1.705574913,1,0.611213935,2542.532096,1,1,2542.532096,1,1,2542.532096,1,1,7.48E-09,2.94E-12,7.48E-09,2.94E-12,1,1
0,10,0.2,0,17,0,0.280205656,1,0.963537172,857.9262084,1,1,1474.417932,0,1,859.9791284,1,1,616.4917231,0.718583623,2.052919936,0.002392886,1.718583623,1.002392886
0,10,0.2,0,18,0,0.306872038,1,0.797476585,1772.250589,1,1,2019.815313,0,1,1772.314413,1,1,247.5647238,0.139689458,0.063823857,3.60E-05,1.139689458,1.000036013
0,10,0.2,0,18,0,0.90736342,0,0.066430449,2340.0539,1,1,2447.83012,1,1,2447.83012,1,1,107.7762199,0.046057153,107.7762199,0.046057153,1.046057153,1.046057153
0,10,0.2,0,17,0,0.849056604,1,0.47141863,1688.651402,1,1,1907.541129,1,1,1907.541129,1,1,218.8897265,0.129623986,218.8897265,0.129623986,1.129623986,1.129623986
0,10,0.2,0,19,0,0.97632469,1,0.447128349,2584.092166,1,1,2763.059382,1,1,2763.059382,1,1,178.9672156,0.069257288,178.9672156,0.069257288,1.069257288,1.069257288
0,10,0.2,0,17,0,0.530973451,0,0.036947318,1090.447528,1,1,1090.447528,1,1,1090.447528,1,1,1.89E-09,1.74E-12,1.89E-09,1.74E-12,1,1
0,10,0.2,0,17,0,0.209985316,1,0.84864269,1395.39905,1,1,1813.665974,0,1,1398.124832,1,1,418.2669239,0.299747175,2.725782395,0.001953407,1.299747175,1.001953407
0,10,0.2,0,18,1,1.524720893,0,0.145714993,4429.702912,2,2,4638.942685,1,2,4494.921153,2,2,209.239773,0.047235622,65.21824168,0.014722938,1.047235622,1.014722938
0,10,0.2,0,16,0,0.630354957,1,0.651707109,1969.485073,1,1,2340.400655,0,1,1971.25047,1,1,370.9155825,0.188331248,1.765396997,0.000896375,1.188331248,1.000896375
0,10,0.2,0,17,1,1,1,0.829785927,1710.900464,1,1,1710.900464,1,1,1710.900464,1,1,0,0,0,0,1,1
0,10,0.2,0,15,1,2.010570825,0,0.215021152,4258.935076,2,2,4377.754781,1,2,4276.275576,2,2,118.8197049,0.027898924,17.34049937,0.004071558,1.027898924,1.004071558
0,10,0.2,0,17,1,1.226415094,0,0.062560104,3363.375606,2,2,3416.930821,1,2,3389.945385,2,2,53.55521473,0.015923055,26.56977935,0.007899736,1.015923055,1.007899736
0,10,0.2,0,16,0,0.744610282,1,0.610624507,1589.993108,1,1,1710.918365,1,1,1710.918365,1,1,120.9252567,0.07605395,120.9252567,0.07605395,1.07605395,1.07605395
0,10,0.2,0,18,1,1.465266559,1,0.99014125,2410.124653,1,1,2984.284807,0,1,2426.682309,1,1,574.1601534,0.238228406,16.55765592,0.006870041,1.238228406,1.006870041
0,10,0.2,0,19,1,1.053482587,1,0.773203722,2465.89136,1,1,2577.099533,1,1,2577.099533,1,1,111.2081734,0.04509857,111.2081734,0.04509857,1.04509857,1.04509857
0,10,0.2,0,18,0,0.994456763,1,0.756206937,2607.320557,1,1,3011.230157,1,1,3011.230157,1,1,403.9096003,0.154913672,403.9096003,0.154913672,1.154913672,1.154913672
0,10,0.2,0,18,0,0.505319149,1,0.674934434,1697.759714,1,1,2052.134005,0,1,1709.949552,1,1,354.3742912,0.208730534,12.1898383,0.007179955,1.208730534,1.007179955
0,10,0.2,0,18,0,0.64825046,1,0.711482977,1446.111273,1,1,1601.382238,1,1,1601.382238,1,1,155.2709643,0.107371381,155.2709643,0.107371381,1.107371381,1.107371381
0,10,0.2,0,16,0,0.65374677,1,0.367036923,1896.075322,1,1,2094.174481,1,1,2094.174481,1,1,198.0991584,0.104478528,198.0991584,0.104478528,1.104478528,1.104478528
0,10,0.2,0,16,0,0.92627824,0,0.097756486,2374.166515,1,1,2374.166515,1,1,2374.166515,1,1,-4.55E-13,-1.92E-16,-4.55E-13,-1.92E-16,1,1
0,10,0.2,0,18,0,0.089712919,0,0.256900067,1678.751375,1,1,1812.402425,0,1,1679.006184,1,1,133.65105,0.079613367,0.254808748,0.000151785,1.079613367,1.000151785
0,10,0.2,0,17,0,0.241424802,1,0.977060117,1564.934656,1,1,1932.598299,0,1,1566.385738,1,1,367.6636431,0.234938655,1.45108215,0.000927248,1.234938655,1.000927248
0,10,0.2,0,16,0,0.802981896,0,0.175662404,2454.407057,1,1,2526.540242,1,1,2526.540242,1,1,72.13318511,0.029389251,72.13318511,0.029389251,1.029389251,1.029389251
0,10,0.2,0,15,0,0.702868852,1,0.724076567,1272.43595,1,1,1858.484944,0,1,1305.879932,1,1,586.0489943,0.46057249,33.44398236,0.026283431,1.46057249,1.026283431
0,10,0.2,0,18,0,0.325552826,1,0.767437168,1717.828931,1,1,1987.361735,0,1,1720.135731,1,1,269.5328038,0.156903169,2.306800255,0.001342858,1.156903169,1.001342858
0,10,0.2,0,18,0,0.832935561,1,0.74570489,2263.494701,1,1,2579.335974,1,1,2579.335974,1,1,315.8412725,0.139537005,315.8412725,0.139537005,1.139537005,1.139537005
0,10,0.2,0,18,0,0.279711885,0,0.161949824,1735.528629,1,1,1919.28164,1,1,1749.973744,2,1,183.7530113,0.105877257,14.44511545,0.008323179,1.105877257,1.008323179
0,10,0.2,0,18,0,0.585094549,0,0.170432071,2110.527569,1,1,2162.31574,1,1,2162.31574,1,1,51.78817091,0.024538022,51.78817091,0.024538022,1.024538022,1.024538022
0,10,0.2,0,17,1,1.302521008,1,0.769452108,2170.954549,1,1,2170.954549,1,1,2170.954549,1,1,4.55E-13,2.09E-16,4.55E-13,2.09E-16,1,1
0,10,0.2,0,16,1,2.042553191,0,0.003214583,6295.41978,3,3,6376.922393,3,3,6376.922393,3,3,81.50261311,0.012946335,81.50261311,0.012946335,1.012946335,1.012946335
0,10,0.2,0,17,0,0.721915285,1,0.335825354,1425.808552,1,1,1567.646406,1,1,1567.646406,1,1,141.8378536,0.099478891,141.8378536,0.099478891,1.099478891,1.099478891
0,10,0.2,0,16,0,0.350073855,0,0.112481247,1459.364894,1,1,1597.155958,1,1,1597.155958,1,1,137.791064,0.094418514,137.791064,0.094418514,1.094418514,1.094418514
0,10,0.2,0,15,0,0.086757991,1,0.364671444,1320.528908,1,1,1368.686845,1,1,1321.456157,2,1,48.15793735,0.036468673,0.927249307,0.00070218,1.036468673,1.00070218
0,10,0.2,0,16,0,0.794676806,1,0.351499096,1457.310292,1,1,1578.678517,1,1,1578.678517,1,1,121.3682253,0.08328235,121.3682253,0.08328235,1.08328235,1.08328235
0,10,0.2,0,15,0,0.665418227,0,0.125984876,1974.045689,1,1,2006.143431,1,1,2006.143431,1,1,32.09774151,0.016259878,32.09774151,0.016259878,1.016259878,1.016259878
0,10,0.2,0,16,0,0.549488055,1,0.653096827,1357.607077,1,1,1583.71649,1,1,1583.71649,1,1,226.1094123,0.166549966,226.1094123,0.166549966,1.166549966,1.166549966
0,10,0.2,0,17,1,1.300699301,0,0.016762187,4448.87927,2,2,4485.399374,2,2,4485.399374,2,2,36.52010401,0.008208832,36.52010401,0.008208832,1.008208832,1.008208832
0,10,0.2,0,18,0,0.409975669,1,0.709422674,1793.044947,1,1,1926.335774,1,1,1926.335774,1,1,133.2908273,0.074337694,133.2908273,0.074337694,1.074337694,1.074337694
0,10,0.2,0,15,0,0.335911602,1,0.670895319,1913.676072,1,1,2183.287363,0,1,1917.6724,1,1,269.6112915,0.140886588,3.996328176,0.002088299,1.140886588,1.002088299
0,10,0.2,0,19,0,0.492997199,1,0.62939484,1627.465753,1,1,1787.170146,1,1,1787.170146,1,1,159.7043934,0.098130724,159.7043934,0.098130724,1.098130724,1.098130724
0,10,0.2,1,20,0,0.546255507,0,0.07856803,1171.13097,1,1,1171.13097,1,1,1171.13097,1,1,0,0,0,0,1,1
0,10,0.2,0,16,1,2.127982646,1,0.351922821,2499.683242,1,1,2593.070795,1,1,2593.070795,1,1,93.38755373,0.037359755,93.38755373,0.037359755,1.037359755,1.037359755
0,10,0.2,0,18,0,0.58974359,0,0.293303896,1945.523495,1,1,2054.185786,1,1,2054.185786,1,1,108.6622917,0.05585247,108.6622917,0.05585247,1.05585247,1.05585247
0,10,0.2,0,18,0,0.900562852,0,0.270130266,1580.980161,1,1,1580.980161,1,1,1580.980161,1,1,0,0,0,0,1,1
0,10,0.2,0,18,0,0.461975028,1,0.662242281,1958.154441,1,1,2152.231804,1,1,2152.231804,1,1,194.0773622,0.099112388,194.0773622,0.099112388,1.099112388,1.099112388
0,10,0.2,1,20,0,0.836218375,0,0.252918263,2036.901672,1,1,2148.433007,1,1,2148.433007,1,1,111.5313347,0.054755385,111.5313347,0.054755385,1.054755385,1.054755385
0,10,0.2,0,17,0,0.046894804,1,0.758537189,1579.911283,1,1,1605.084421,1,1,1580.576637,2,1,25.17313727,0.01593326,0.665353408,0.000421133,1.01593326,1.000421133
0,10,0.2,0,17,0,0.067282322,1,0.629099136,1519.626385,1,1,1676.132295,0,1,1520.328352,1,1,156.5059106,0.10298973,0.70196682,0.000461934,1.10298973,1.000461934
0,10,0.2,0,18,0,0.596795728,1,0.813030828,1775.612232,1,1,2102.460697,0,1,1775.612232,1,1,326.8484652,0.184076489,-4.55E-13,-2.56E-16,1.184076489,1
0,10,0.2,0,19,0,0.188445667,0,0.265411318,1485.441019,1,1,1505.965746,1,1,1505.965746,1,1,20.52472708,0.013817262,20.52472708,0.013817262,1.013817262,1.013817262
0,10,0.2,0,17,1,1.199391172,1,0.815386683,2197.760389,1,1,2740.25451,0,1,2218.182334,1,1,542.4941213,0.246839521,20.42194504,0.009292162,1.246839521,1.009292162
0,10,0.2,0,19,0,0.15960452,1,0.835967554,1437.977044,1,1,1934.043332,0,1,1438.81642,1,1,496.066288,0.344975109,0.839375878,0.00058372,1.344975109,1.00058372
0,10,0.2,0,17,1,1.293413174,1,0.66257139,1850.196824,1,1,1940.692564,1,1,1940.692564,1,1,90.49573927,0.048911412,90.49573927,0.048911412,1.048911412,1.048911412
0,10,0.2,0,17,0,0.008608321,0,0.05044799,1394.062187,1,2,1394.433031,1,1,1394.798317,2,1,0.370844322,0.000266017,0.736130587,0.000528047,1.000266017,1.000528047
0,10,0.2,0,15,1,1.434056761,1,0.876008382,2244.377206,1,1,2803.711792,0,1,2295.207942,1,1,559.3345861,0.249215945,50.83073573,0.022648036,1.249215945,1.022648036
0,10,0.2,0,18,0,0.424281984,1,0.733607408,1671.186567,1,1,1958.867968,0,1,1678.905941,1,1,287.6814009,0.172142002,7.719374702,0.004619098,1.172142002,1.004619098
0,10,0.2,0,17,0,0.306358382,0,0.287238583,1462.339522,1,1,1550.147177,1,1,1550.147177,1,1,87.80765478,0.060046011,87.80765478,0.060046011,1.060046011,1.060046011
0,10,0.2,0,14,0,0.3141542,1,0.962984565,1822.211102,1,1,2153.400693,0,1,1831.020408,1,1,331.1895911,0.181751495,8.80930602,0.004834405,1.181751495,1.004834405
0,10,0.2,0,17,0,0.799621928,1,0.529653097,1496.644496,1,1,1615.557238,1,1,1615.557238,1,1,118.9127428,0.079452898,118.9127428,0.079452898,1.079452898,1.079452898
0,10,0.2,0,18,1,1.303687636,1,0.582005301,1738.708745,1,1,1738.708745,1,1,1738.708745,1,1,0,0,0,0,1,1
0,10,0.2,1,20,0,0.435448578,1,0.716704049,2007.22845,1,1,2228.944197,1,1,2228.944197,1,1,221.7157472,0.110458651,221.7157472,0.110458651,1.110458651,1.110458651
0,10,0.2,0,18,0,0.82063306,1,0.72828376,2265.903954,1,1,2538.422316,1,1,2538.422316,1,1,272.5183622,0.120269159,272.5183622,0.120269159,1.120269159,1.120269159
0,10,0.2,0,17,0,0.410609037,1,0.468237419,1164.441897,1,1,1242.974933,1,1,1242.974933,1,1,78.53303636,0.067442641,78.53303636,0.067442641,1.067442641,1.067442641
0,10,0.2,0,17,0,0.427710843,1,0.584712827,1821.791803,1,1,1995.088936,1,1,1995.088936,1,1,173.2971331,0.095124554,173.2971331,0.095124554,1.095124554,1.095124554
0,10,0.2,0,16,0,0.272401434,1,0.468254533,1178.854185,1,1,1265.374287,1,1,1265.374287,1,1,86.52010156,0.073393387,86.52010156,0.073393387,1.073393387,1.073393387
0,10,0.2,0,17,0,0.4,1,0.783872852,1688.911811,1,1,2105.520788,0,1,1690.275339,1,1,416.6089773,0.24667302,1.363528613,0.000807342,1.24667302,1.000807342
0,10,0.2,0,17,0,0.502673797,0,0.107456567,1338.046177,1,1,1338.046177,1,1,1338.046177,1,1,1.89E-09,1.42E-12,1.89E-09,1.42E-12,1,1
0,10,0.2,0,18,1,1.186507937,1,0.935120132,1766.052357,1,1,2306.502113,0,1,1766.052357,1,1,540.4497562,0.306021367,0,0,1.306021367,1
0,10,0.2,0,18,0,0.023909986,1,0.481315816,1422.451435,1,2,1425.832522,1,1,1422.49983,2,1,3.381087742,0.002376944,0.048395394,3.40E-05,1.002376944,1.000034023
0,10,0.2,0,17,1,1.386075949,1,0.95513123,1875.752228,1,1,2483.913845,0,1,1900.479974,1,1,608.1616162,0.324222788,24.72774564,0.013182842,1.324222788,1.013182842
0,10,0.2,0,18,1,1.260707635,1,0.585463481,1976.995159,1,1,2146.230116,1,1,2146.230116,1,1,169.2349568,0.08560211,169.2349568,0.08560211,1.08560211,1.08560211
0,10,0.2,0,17,1,1.159675237,1,0.46531758,2408.947069,1,1,2631.671395,1,1,2631.671395,1,1,222.724326,0.092457127,222.724326,0.092457127,1.092457127,1.092457127
0,10,0.2,0,15,1,1.337700146,1,0.525274478,2477.555796,1,1,2743.455817,1,1,2743.455817,1,1,265.9000208,0.107323525,265.9000208,0.107323525,1.107323525,1.107323525
0,10,0.2,0,18,0,0.533333333,1,0.75984005,1559.402689,1,1,1966.264158,0,1,1565.027856,1,1,406.8614691,0.260908534,5.625166813,0.003607257,1.260908534,1.003607257
0,10,0.2,0,18,1,1.104089219,1,0.371518276,2532.611226,1,1,2666.608656,1,1,2666.608656,1,1,133.9974295,0.052908803,133.9974295,0.052908803,1.052908803,1.052908803
0,10,0.2,0,17,0,0.166666667,0,0.178253294,1438.193379,1,1,1510.361324,1,1,1440.47379,2,1,72.16794455,0.050179583,2.280410994,0.001585608,1.050179583,1.001585608
0,10,0.2,0,14,0,0.166077739,1,0.880945733,1722.207147,1,1,1887.43906,0,1,1722.679273,1,1,165.2319131,0.095941951,0.472125155,0.00027414,1.095941951,1.00027414
0,10,0.2,0,17,1,1.032702238,0,0.122049296,3009.003675,2,2,3080.911911,1,2,3065.35331,2,2,71.90823633,0.02389769,56.34963514,0.018727008,1.02389769,1.018727008
0,10,0.2,0,16,1,1.463461538,0,0.331306137,2098.524117,1,1,2138.63835,1,1,2138.63835,1,1,40.11423296,0.01911545,40.11423296,0.01911545,1.01911545,1.01911545
0,10,0.2,0,18,0,0.173989455,1,0.525590325,1173.004811,1,1,1199.531458,1,1,1199.531458,1,1,26.52664773,0.02261427,26.52664773,0.02261427,1.02261427,1.02261427
0,10,0.2,0,18,1,1.137795276,0,0.143260006,2425.186675,1,1,2425.186675,1,1,2425.186675,1,1,0,0,0,0,1,1
0,10,0.2,0,16,0,0.1271777,0,0.00883423,1163.063379,1,1,1202.809043,1,1,1202.809043,1,1,39.74566415,0.034173257,39.74566415,0.034173257,1.034173257,1.034173257
0,10,0.2,0,14,1,1.432659933,0,0.308577494,2272.39761,1,1,2329.617852,1,1,2329.617852,1,1,57.22024128,0.025180559,57.22024128,0.025180559,1.025180559,1.025180559
0,10,0.2,0,16,1,1.471385542,1,0.398413434,2562.710352,1,1,2617.448899,1,1,2617.448899,1,1,54.73854698,0.021359631,54.73854698,0.021359631,1.021359631,1.021359631
0,10,0.2,0,18,1,1.33033033,1,0.978898013,2402.39852,1,1,2926.036346,0,1,2402.39852,1,1,523.6378264,0.217964598,0,0,1.217964598,1
0,10,0.2,0,16,1,1.737676056,1,0.637014667,2478.414511,1,1,2933.127041,0,1,2482.528501,1,1,454.7125306,0.183469121,4.113989877,0.001659928,1.183469121,1.001659928
0,10,0.2,0,18,0,0.658703072,1,0.856815388,1468.020509,1,1,2099.292665,0,1,1503.181959,1,1,631.2721562,0.430015897,35.16145062,0.023951607,1.430015897,1.023951607
0,10,0.2,0,18,1,1.160649819,1,0.874468599,1889.645696,1,1,2483.351007,0,1,1904.593096,1,1,593.7053108,0.314188693,14.94739994,0.00791016,1.314188693,1.00791016
0,10,0.2,0,17,0,0.495881384,1,0.892281954,1423.674034,1,1,2059.44932,0,1,1424.411646,1,1,635.7752859,0.446573633,0.737612267,0.000518105,1.446573633,1.000518105
0,10,0.2,0,16,0,0.789954338,1,0.358837819,2293.01904,1,1,2497.089116,1,1,2497.089116,1,1,204.0700766,0.088996242,204.0700766,0.088996242,1.088996242,1.088996242
0,10,0.2,0,19,1,1.245439469,0,0.321860177,2122.263326,1,1,2126.534338,1,1,2126.534338,1,1,4.271011788,0.00201248,4.271011788,0.00201248,1.00201248,1.00201248
0,10,0.2,0,15,1,1.378881988,0,0.29399572,2357.622644,1,1,2357.622644,1,1,2357.622644,1,1,0,0,0,0,1,1
0,10,0.2,0,18,1,1.387453875,0,0.019316317,3532.968486,2,2,3776.040756,1,2,3603.233297,2,2,243.0722704,0.068801143,70.26481128,0.019888321,1.068801143,1.019888321
0,10,0.2,0,15,1,1.923595506,1,0.829052924,2234.830684,1,1,2806.401008,0,1,2259.670073,1,1,571.5703241,0.255755538,24.8393896,0.011114663,1.255755538,1.011114663
0,10,0.2,0,19,0,0.206117021,1,0.422926903,1539.993841,1,1,1635.489705,1,1,1545.431215,2,1,95.49586439,0.06201055,5.437374933,0.003530777,1.06201055,1.003530777
0,10,0.2,0,15,1,1.348005502,0,0.258646646,2580.281433,1,1,2669.285008,1,1,2669.285008,1,1,89.00357463,0.034493747,89.00357463,0.034493747,1.034493747,1.034493747
0,10,0.2,0,17,1,1.43567753,0,0.138851908,3902.978198,2,2,3909.168105,1,2,3909.168105,1,2,6.189906569,0.001585944,6.189906569,0.001585944,1.001585944,1.001585944
0,10,0.2,0,18,0,0.253148615,0,0.262178517,1642.759287,1,1,1774.022123,1,1,1661.875508,2,1,131.2628364,0.079903877,19.11622129,0.011636654,1.079903877,1.011636654
0,10,0.2,0,16,1,1.150579151,1,0.601678568,2486.815683,1,1,2828.87586,1,1,2828.87586,1,1,342.0601769,0.137549469,342.0601769,0.137549469,1.137549469,1.137549469
0,10,0.2,0,15,1,1.080745342,1,0.774621625,2059.096841,1,1,2154.216594,1,1,2154.216594,1,1,95.11975333,0.046194891,95.11975333,0.046194891,1.046194891,1.046194891
0,10,0.2,0,18,0,0.333333333,1,0.681697031,1438.123429,1,1,1538.84489,1,1,1538.84489,1,1,100.7214608,0.070036729,100.7214608,0.070036729,1.070036729,1.070036729
0,10,0.2,0,17,0,0.659498208,0,0.286943274,1436.146233,1,1,1558.378777,1,1,1558.378777,1,1,122.232544,0.085111489,122.232544,0.085111489,1.085111489,1.085111489
0,10,0.2,0,17,0,0.778225806,1,0.817512342,1450.099772,1,1,1494.831265,1,1,1494.831265,1,1,44.73149305,0.030847183,44.73149305,0.030847183,1.030847183,1.030847183
0,10,0.2,0,19,1,1.403071017,1,0.794842198,2058.485611,1,1,2059.941494,1,1,2059.941494,1,1,1.455883185,0.000707259,1.455883185,0.000707259,1.000707259,1.000707259
0,10,0.2,0,19,1,1.265432099,0,0.168172928,1781.326731,1,1,1810.790013,1,1,1810.790013,1,1,29.46328108,0.016540077,29.46328108,0.016540077,1.016540077,1.016540077
0,10,0.2,0,17,1,1.054176072,1,0.830802249,2635.031447,1,1,3109.383981,0,1,2675.500691,1,1,474.3525337,0.180017788,40.46924418,0.015358164,1.180017788,1.015358164
0,10,0.2,0,17,0,0.347408829,0,0.109474207,1185.242896,1,1,1185.242896,1,1,1185.242896,1,1,0,0,0,0,1,1
0,10,0.2,0,15,0,0.444968553,0,0.013496337,1442.395231,1,1,1454.50909,1,1,1454.50909,1,1,12.11385915,0.008398433,12.11385915,0.008398433,1.008398433,1.008398433
0,10,0.2,0,18,1,1.884955752,0,0.07692227,3930.330908,2,2,3934.459563,2,2,3934.459563,2,2,4.128655043,0.00105046,4.128655043,0.00105046,1.00105046,1.00105046
0,10,0.2,0,18,0,0.114485981,0,0.205843127,1723.925249,1,1,1807.917539,1,1,1724.70646,2,1,83.99229024,0.048721538,0.781211062,0.000453158,1.048721538,1.000453158
0,10,0.2,0,18,0,0.142857143,1,0.763434824,998.8982281,1,1,1076.507498,1,1,1076.507498,1,1,77.60926995,0.077694872,77.60926995,0.077694872,1.077694872,1.077694872
0,10,0.2,0,18,0,0.761976048,1,0.697696453,1773.39348,1,1,2111.206028,1,1,2111.206028,1,1,337.8125482,0.190489337,337.8125482,0.190489337,1.190489337,1.190489337
0,10,0.2,1,20,0,0.529711375,0,0.202379224,1417.720999,1,1,1530.960122,1,1,1530.960122,1,1,113.2391226,0.079874053,113.2391226,0.079874053,1.079874053,1.079874053
0,10,0.2,0,18,0,0.281990521,1,0.54594039,1754.209691,1,1,1975.452256,0,1,1758.585534,1,1,221.2425646,0.126120934,4.375843021,0.002494481,1.126120934,1.002494481
0,10,0.2,0,17,1,1,0,0.094689994,2283.327402,1,1,2283.327402,1,1,2283.327402,1,1,0,0,0,0,1,1
0,10,0.2,0,15,0,0.882666667,0,0.243565138,2093.092598,1,1,2210.601355,1,1,2210.601355,1,1,117.5087574,0.056141213,117.5087574,0.056141213,1.056141213,1.056141213
0,10,0.2,0,16,1,1.458199357,1,0.478776239,2344.615881,1,1,2557.801443,1,1,2557.801443,1,1,213.185562,0.090925581,213.185562,0.090925581,1.090925581,1.090925581
0,10,0.2,0,15,0,0.847919656,1,0.342839074,1908.849595,1,1,2136.846874,1,1,2136.846874,1,1,227.9972789,0.119442244,227.9972789,0.119442244,1.119442244,1.119442244
1,10,0.6,0,15,0,0.044776119,1,0.736187779,1207.428068,1,1,1598.464532,0,1,1207.498769,1,1,391.0364638,0.323859014,0.070701466,5.86E-05,1.323859014,1.000058555
1,10,0.6,0,16,0,0.107235142,1,0.833172645,1557.397364,1,1,1842.21126,0,1,1557.872923,1,1,284.8138956,0.182878116,0.47555889,0.000305355,1.182878116,1.000305355
1,10,0.6,0,18,0,0.106685633,1,0.636770427,1415.043056,1,1,1802.32655,0,1,1415.833028,1,1,387.2834937,0.273690254,0.78997179,0.000558267,1.273690254,1.000558267
1,10,0.6,0,18,1,1.16108453,0,0.241690062,2134.748778,1,1,2134.748778,1,1,2134.748778,1,1,0,0,0,0,1,1
1,10,0.6,0,19,0,0.861238532,1,0.543865249,2368.479984,1,1,2501.950905,1,1,2501.950905,1,1,133.4709218,0.056352987,133.4709218,0.056352987,1.056352987,1.056352987
1,10,0.6,0,17,0,0.220833333,0,0.256441479,1478.71095,1,1,1557.577236,1,1,1490.349547,2,1,78.86628588,0.053334484,11.63859734,0.007870772,1.053334484,1.007870772
1,10,0.6,0,16,0,0.636111111,1,0.725177743,1737.217219,1,1,2150.658121,0,1,1751.918406,1,1,413.4409022,0.237990332,14.70118702,0.008462492,1.237990332,1.008462492
1,10,0.6,0,19,0,0.652173913,1,0.524322074,1452.252598,1,1,1542.265288,1,1,1542.265288,1,1,90.01268993,0.061981428,90.01268993,0.061981428,1.061981428,1.061981428
1,10,0.6,0,16,0,0.399445215,1,0.954213131,1564.237081,1,1,1985.367981,0,1,1574.326696,1,1,421.1309002,0.269224471,10.08961517,0.006450183,1.269224471,1.006450183
1,10,0.6,0,14,1,1.343390805,1,0.762777917,2485.300018,1,1,2485.300018,1,1,2485.300018,1,1,0,0,0,0,1,1
1,10,0.6,0,18,1,1.532359081,1,0.354959086,1988.517672,1,1,2164.991363,1,1,2164.991363,1,1,176.4736913,0.088746353,176.4736913,0.088746353,1.088746353,1.088746353
1,10,0.6,0,16,1,1.249653259,1,0.981231517,2430.988274,1,1,2851.92037,0,1,2432.646635,1,1,420.9320953,0.173152664,1.658360403,0.000682175,1.173152664,1.000682175
1,10,0.6,0,19,0,0.276674938,1,0.598755216,1677.276334,1,1,1947.310368,0,1,1679.217831,1,1,270.0340335,0.160995554,1.941496377,0.001157529,1.160995554,1.001157529
1,10,0.6,0,16,0,0.303538175,0,0.131677596,1151.414297,1,1,1266.27004,1,1,1266.27004,1,1,114.855743,0.099751882,114.855743,0.099751882,1.099751882,1.099751882
1,10,0.6,0,17,0,0.778723404,0,0.168498424,1862.484985,1,1,1960.728579,1,1,1960.728579,1,1,98.24359478,0.052748664,98.24359478,0.052748664,1.052748664,1.052748664
1,10,0.6,0,17,0,0.13454075,1,0.680751495,1561.059974,1,1,1814.345059,0,1,1561.698281,1,1,253.2850844,0.162251988,0.638307139,0.000408893,1.162251988,1.000408893
1,10,0.6,0,16,0,0.452662722,0,0.060611095,1518.260534,1,1,1545.962571,1,1,1545.962571,1,1,27.70203741,0.018245905,27.70203741,0.018245905,1.018245905,1.018245905
1,10,0.6,0,18,0,0.94488189,1,0.518620326,2542.356448,1,1,2765.663169,1,1,2765.663169,1,1,223.3067202,0.087834544,223.3067202,0.087834544,1.087834544,1.087834544
1,10,0.6,0,18,0,0.907348243,0,0.134415414,1794.240926,1,1,1838.895666,1,1,1838.895666,1,1,44.65474006,0.024887817,44.65474006,0.024887817,1.024887817,1.024887817
1,10,0.6,0,18,0,0.545576408,1,0.656490902,1722.920391,1,1,1916.435215,1,1,1916.435215,1,1,193.514824,0.112317914,193.514824,0.112317914,1.112317914,1.112317914
1,10,0.6,0,16,0,0.720787208,0,0.057494144,2029.492845,1,1,2169.192208,1,1,2169.192208,1,1,139.699363,0.068834617,139.699363,0.068834617,1.068834617,1.068834617
1,10,0.6,0,18,0,0.515197568,1,0.952200623,1539.494334,1,1,2137.612926,0,1,1541.592797,1,1,598.1185927,0.388516268,2.098462699,0.001363086,1.388516268,1.001363086
1,10,0.6,0,18,1,1.162921348,0,0.196004843,2348.109123,1,1,2348.109123,1,1,2348.109123,1,1,0,0,0,0,1,1
1,10,0.6,0,16,0,0.450268817,1,0.358252137,1652.070782,1,1,1773.483395,1,1,1773.483395,1,1,121.412613,0.073491169,121.412613,0.073491169,1.073491169,1.073491169
1,10,0.6,0,18,0,0.552763819,1,0.801003719,1454.135543,1,1,1507.66363,1,1,1507.66363,1,1,53.5280866,0.036810933,53.5280866,0.036810933,1.036810933,1.036810933
1,10,0.6,0,18,1,1.310526316,1,0.389526089,2672.554773,1,1,2848.273836,1,1,2848.273836,1,1,175.7190632,0.065749471,175.7190632,0.065749471,1.065749471,1.065749471
1,10,0.6,0,15,0,0.706605223,0,0.312122868,1679.729384,1,1,1941.232143,1,1,1941.232143,1,1,261.5027585,0.155681481,261.5027585,0.155681481,1.155681481,1.155681481
1,10,0.6,0,17,0,0.94934334,1,0.838993112,1640.729101,1,1,2220.669229,0,1,1640.831591,1,1,579.9401284,0.353464888,0.102489986,6.25E-05,1.353464888,1.000062466
1,10,0.6,0,17,0,0.49852071,1,0.958655225,1527.873161,1,1,1955.864197,0,1,1542.948579,1,1,427.9910368,0.280122099,15.07541804,0.00986693,1.280122099,1.00986693
1,10,0.6,0,18,1,1.949579832,1,0.862151338,2396.183485,1,1,2933.685064,0,1,2396.413088,1,1,537.501579,0.224315701,0.229603567,9.58E-05,1.224315701,1.000095821
1,10,0.6,0,19,0,0.3625,1,0.333584364,1137.964507,1,1,1137.964507,1,1,1137.964507,1,1,0,0,0,0,1,1
1,10,0.6,0,18,0,0.964850615,1,0.470280717,1743.995201,1,1,1857.321211,1,1,1857.321211,1,1,113.3260102,0.064980689,113.3260102,0.064980689,1.064980689,1.064980689
1,10,0.6,1,20,0,0.425,0,0.277854113,2016.820057,1,1,2111.301936,1,1,2111.301936,1,1,94.48187902,0.046846955,94.48187902,0.046846955,1.046846955,1.046846955
1,10,0.6,0,18,0,0.866507747,1,0.759137379,2299.549921,1,1,2669.191346,1,1,2669.191346,1,1,369.6414248,0.160745119,369.6414248,0.160745119,1.160745119,1.160745119
1,10,0.6,0,16,1,1.510769231,1,0.477454367,2557.171009,1,1,2770.449244,1,1,2770.449244,1,1,213.2782358,0.083403978,213.2782358,0.083403978,1.083403978,1.083403978
1,10,0.6,0,17,0,0.226047904,1,0.375155224,1379.592558,1,1,1442.161863,1,1,1442.161863,1,1,62.56930532,0.045353467,62.56930532,0.045353467,1.045353467,1.045353467
1,10,0.6,0,14,0,0.594795539,1,0.546402209,1924.492804,1,1,2081.867718,1,1,2081.867718,1,1,157.3749149,0.081774748,157.3749149,0.081774748,1.081774748,1.081774748
1,10,0.6,0,18,0,0.062868369,0,0.074310971,1020.273377,2,1,1035.837878,1,1,1021.279901,2,1,15.56450063,0.015255226,1.006524317,0.000986524,1.015255226,1.000986524
1,10,0.6,0,17,0,0.894845361,0,0.278704049,1514.823016,1,1,1514.823016,1,1,1514.823016,1,1,0,0,0,0,1,1
1,10,0.6,0,17,1,1.545454545,1,0.925104382,2051.31585,1,1,2563.745944,0,1,2057.165069,1,1,512.4300938,0.249805555,5.849218491,0.002851447,1.249805555,1.002851447
1,10,0.6,0,16,1,1.422619048,1,0.50588757,2048.764407,1,1,2059.475883,1,1,2059.475883,1,1,10.71147573,0.005228261,10.71147573,0.005228261,1.005228261,1.005228261
1,10,0.6,0,17,0,0.210743802,1,0.334594658,1489.471786,1,1,1624.999042,1,1,1498.579518,2,1,135.5272567,0.090990147,9.107732739,0.00611474,1.090990147,1.00611474
1,10,0.6,0,19,0,0.828742515,1,0.997360665,2232.972433,1,1,2698.317817,0,1,2246.005233,1,1,465.3453835,0.208397281,13.03279986,0.005836525,1.208397281,1.005836525
1,10,0.6,0,17,0,0.678244973,1,0.82067435,1448.390629,1,1,1448.390629,1,1,1448.390629,1,1,0,0,0,0,1,1
1,10,0.6,0,16,0,0.570945946,1,0.693733243,1437.050948,1,1,1509.068364,1,1,1509.068364,1,1,72.01741598,0.050114727,72.01741598,0.050114727,1.050114727,1.050114727
1,10,0.6,0,17,1,1.281609195,1,0.410026012,2434.347287,1,1,2520.084216,1,1,2520.084216,1,1,85.73692838,0.035219678,85.73692838,0.035219678,1.035219678,1.035219678
1,10,0.6,0,17,0,0.94375,0,0.108413485,2244.536251,1,1,2244.536251,1,1,2244.536251,1,1,0,0,0,0,1,1
1,10,0.6,0,17,0,0.184795322,1,0.533013377,1739.559509,1,1,1963.095043,0,1,1741.232481,1,1,223.5355342,0.128501229,1.672972633,0.000961722,1.128501229,1.000961722
1,10,0.6,0,18,0,0.077235772,0,0.195389344,988.3142726,1,1,1015.516546,1,1,1015.516546,1,1,27.20227349,0.02752391,27.20227349,0.02752391,1.02752391,1.02752391
1,10,0.6,0,16,0,0.394250513,1,0.753388464,1091.801647,1,1,1679.576905,0,1,1097.204218,1,1,587.7752584,0.538353519,5.402570926,0.004948308,1.538353519,1.004948308
1,10,0.6,0,18,1,1.204545455,1,0.992159652,2497.950635,1,1,3014.248433,0,1,2497.950635,1,1,516.2977976,0.206688551,0,0,1.206688551,1
1,10,0.6,1,20,0,0.335830212,1,0.670778379,1701.393467,1,1,1899.438137,1,1,1732.654592,2,1,198.0446704,0.116401452,31.26112507,0.018373836,1.116401452,1.018373836
1,10,0.6,0,18,0,0.647859922,1,0.932274252,1370.603688,1,1,2041.60976,0,1,1370.631802,1,1,671.0060729,0.489569727,0.028113989,2.05E-05,1.489569727,1.000020512
1,10,0.6,0,18,0,0.099871959,0,0.227422929,1570.331261,1,1,1624.205696,1,1,1571.47327,2,1,53.87443495,0.034307688,1.142008994,0.000727241,1.034307688,1.000727241
1,10,0.6,0,19,1,1.669527897,1,0.438636188,2085.759492,1,1,2085.759492,1,1,2085.759492,1,1,0,0,0,0,1,1
1,10,0.6,0,19,0,0.32348367,1,0.592700038,1367.697296,1,1,1853.690164,0,1,1370.650423,1,1,485.9928683,0.355336572,2.953126825,0.002159196,1.355336572,1.002159196
1,10,0.6,0,16,0,0.566433566,1,0.339742948,1991.400246,1,1,2079.479641,1,1,2079.479641,1,1,88.07939505,0.044229881,88.07939505,0.044229881,1.044229881,1.044229881
1,10,0.6,0,15,0,0.573002755,1,0.769532223,1716.466975,1,1,2173.898835,0,1,1719.324462,1,1,457.4318594,0.266496161,2.85748706,0.001664749,1.266496161,1.001664749
1,10,0.6,0,18,1,1.214689266,1,0.557340323,2387.060157,1,1,2593.954625,1,1,2593.954625,1,1,206.8944683,0.086673337,206.8944683,0.086673337,1.086673337,1.086673337
1,10,0.6,0,18,0,0.184035477,1,0.459610812,1835.741814,1,1,1991.256151,0,1,1836.662977,1,1,155.5143368,0.084714711,0.921163121,0.000501793,1.084714711,1.000501793
1,10,0.6,0,16,0,0.756795422,0,0.245189311,1795.904151,1,1,2023.042762,1,1,2023.042762,1,1,227.138611,0.12647591,227.138611,0.12647591,1.12647591,1.12647591
1,10,0.6,0,16,1,1.327062229,0,0.180126608,2442.673524,1,1,2463.702817,1,1,2463.702817,1,1,21.02929313,0.00860913,21.02929313,0.00860913,1.00860913,1.00860913
1,10,0.6,0,17,0,0.911157025,1,0.640253181,1528.196587,1,1,1528.196587,1,1,1528.196587,1,1,0,0,0,0,1,1
1,10,0.6,0,19,1,1.41580756,1,0.459543325,2265.36576,1,1,2345.950831,1,1,2345.950831,1,1,80.5850708,0.035572653,80.5850708,0.035572653,1.035572653,1.035572653
1,10,0.6,0,19,0,0.931506849,0,0.241731278,1517.836523,1,1,1517.836523,1,1,1517.836523,1,1,0,0,0,0,1,1
1,10,0.6,0,16,0,0.512747875,1,0.683053154,1625.617646,1,1,1867.447477,1,1,1867.447477,1,1,241.8298306,0.148761814,241.8298306,0.148761814,1.148761814,1.148761814
1,10,0.6,0,16,0,0.063122924,0,0.031701406,1809.651821,1,1,1821.688296,1,1,1810.439975,2,1,12.03647523,0.006651266,0.788153701,0.000435528,1.006651266,1.000435528
1,10,0.6,0,17,1,1.700680272,1,0.439032989,1989.629709,1,1,1989.629709,1,1,1989.629709,1,1,0,0,0,0,1,1
1,10,0.6,0,16,0,0.061538462,0,0.144137236,1432.901925,1,1,1613.954844,0,1,1432.901925,1,1,181.0529188,0.12635402,0,0,1.12635402,1
1,10,0.6,0,19,0,0.75154321,1,0.491884496,1695.928786,1,1,1906.32322,1,1,1906.32322,1,1,210.3944336,0.124058531,210.3944336,0.124058531,1.124058531,1.124058531
1,10,0.6,0,18,1,1.109014675,1,0.650161325,1640.084499,1,1,1694.843238,1,1,1694.843238,1,1,54.75873878,0.033387755,54.75873878,0.033387755,1.033387755,1.033387755
1,10,0.6,0,18,0,0.967272727,0,0.043607487,1620.92586,1,1,1682.254272,1,1,1682.254272,1,1,61.32841166,0.037835421,61.32841166,0.037835421,1.037835421,1.037835421
1,10,0.6,0,15,0,0.484143763,1,0.363472512,1220.625753,1,1,1264.02905,1,1,1264.02905,1,1,43.40329703,0.035558235,43.40329703,0.035558235,1.035558235,1.035558235
1,10,0.6,0,17,0,0.919753086,1,0.627222902,1885.938418,1,1,2195.163112,1,1,2195.163112,1,1,309.2246943,0.163963304,309.2246943,0.163963304,1.163963304,1.163963304
1,10,0.6,0,17,0,0.951456311,1,0.62251665,1567.603346,1,1,1567.603346,1,1,1567.603346,1,1,3.76E-09,2.40E-12,3.76E-09,2.40E-12,1,1
1,10,0.6,0,16,1,1.548094374,1,0.50158454,2274.550557,1,1,2347.775944,1,1,2347.775944,1,1,73.22538718,0.032193343,73.22538718,0.032193343,1.032193343,1.032193343
1,10,0.6,0,16,0,0.324840764,1,0.365712905,1343.688632,1,1,1389.904213,1,1,1389.904213,1,1,46.21558042,0.034394561,46.21558042,0.034394561,1.034394561,1.034394561
1,10,0.6,0,16,1,1.583184258,0,0.149360323,4011.600953,2,2,4059.735991,1,2,4032.843679,2,2,48.13503808,0.01199896,21.24272649,0.005295324,1.01199896,1.005295324
1,10,0.6,0,17,1,1.663774403,1,0.341290772,2048.350896,1,1,2092.506091,1,1,2092.506091,1,1,44.15519557,0.021556461,44.15519557,0.021556461,1.021556461,1.021556461
1,10,0.6,0,18,1,1.393767705,1,0.48163406,2582.391779,1,1,2582.391779,1,1,2582.391779,1,1,0,0,0,0,1,1
1,10,0.6,0,18,0,0.435897436,1,0.646845294,1559.117089,1,1,1816.397011,1,1,1634.813709,2,1,257.2799222,0.165016421,75.69662016,0.048550953,1.165016421,1.048550953
1,10,0.6,0,16,1,1.183533448,0,0.132365595,3347.041696,2,2,3401.652761,1,2,3356.813628,2,2,54.6110652,0.016316219,9.771932616,0.002919573,1.016316219,1.002919573
1,10,0.6,0,16,0,0.246453901,1,0.832677535,1174.612725,1,1,1669.690948,0,1,1174.612725,1,1,495.0782229,0.421482087,0,0,1.421482087,1
1,10,0.6,0,19,0,0.622061483,1,0.641585573,1387.627522,1,1,1419.657931,1,1,1419.657931,1,1,32.03040899,0.023082858,32.03040899,0.023082858,1.023082858,1.023082858
1,10,0.6,0,17,0,0.057082452,0,0.253169462,949.586652,2,1,951.3665549,1,1,951.3665549,1,1,1.77990295,0.001874398,1.77990295,0.001874398,1.001874398,1.001874398
1,10,0.6,0,17,0,0.303157895,1,0.780277931,1075.136988,1,1,1075.136988,1,1,1075.136988,1,1,0,0,0,0,1,1
1,10,0.6,0,19,1,1.037931034,1,0.840240809,1824.820794,1,1,2017.944974,1,1,2017.944974,1,1,193.1241801,0.105831861,193.1241801,0.105831861,1.105831861,1.105831861
1,10,0.6,0,16,0,0.892857143,1,0.973971178,2344.930456,1,1,2876.177993,0,1,2355.314814,1,1,531.2475367,0.22655151,10.38435768,0.004428429,1.22655151,1.004428429
1,10,0.6,0,19,1,1.098748261,0,0.137641989,2255.606701,1,1,2255.606701,1,1,2255.606701,1,1,0,0,0,0,1,1
1,10,0.6,0,18,0,0.701873935,0,0.025119248,1494.147176,1,1,1494.147176,1,1,1494.147176,1,1,0,0,0,0,1,1
1,10,0.6,0,17,1,1.10320781,1,0.815640566,2262.320986,1,1,2484.525454,1,1,2484.525454,1,1,222.2044679,0.098219691,222.2044679,0.098219691,1.098219691,1.098219691
1,10,0.6,0,15,0,0.346756152,0,0.004632164,1899.24249,1,1,1973.464281,1,1,1973.464281,1,1,74.22179128,0.039079681,74.22179128,0.039079681,1.039079681,1.039079681
1,10,0.6,0,16,1,1.369747899,1,0.451512023,2175.171397,1,1,2175.171397,1,1,2175.171397,1,1,0,0,0,0,1,1
1,10,0.6,0,17,1,1.126262626,0,0.065965985,3224.734507,1,2,3224.734507,1,2,3224.734507,1,2,0,0,0,0,1,1
1,10,0.6,0,17,1,1.204260652,0,0.110820911,2603.382827,1,1,2647.466875,1,1,2647.466875,1,1,44.08404795,0.016933371,44.08404795,0.016933371,1.016933371,1.016933371
1,10,0.6,0,16,0,0.411384217,1,0.906281384,1679.069191,1,1,1874.922757,1,1,1874.922757,1,1,195.8535652,0.11664413,195.8535652,0.11664413,1.11664413,1.11664413
1,10,0.6,0,18,0,0.666666667,0,0.032017799,1358.943198,1,1,1751.38755,0,1,1358.943198,1,1,392.444352,0.288786428,0,0,1.288786428,1
1,10,0.6,0,18,0,0.301315789,1,0.561098018,1590.15829,1,1,1852.99582,0,1,1594.26152,1,1,262.8375302,0.165290168,4.103230241,0.002580391,1.165290168,1.002580391
1,10,0.6,0,16,0,0.521126761,1,0.364833588,1633.625565,1,1,1869.788233,1,1,1869.788233,1,1,236.1626683,0.144563524,236.1626683,0.144563524,1.144563524,1.144563524
1,10,0.6,0,17,0,0.429099877,1,0.358636943,1783.111067,1,1,1966.740996,1,1,1966.740996,1,1,183.6299287,0.102982889,183.6299287,0.102982889,1.102982889,1.102982889
1,10,0.6,0,19,0,0.204107831,0,0.034571304,1593.634798,1,1,1636.829129,1,1,1636.829129,1,1,43.19433049,0.027104284,43.19433049,0.027104284,1.027104284,1.027104284
1,10,0.6,0,18,0,0.423133236,0,0.150458917,1514.45107,1,1,1650.460437,1,1,1650.460437,1,1,136.0093667,0.0898077,136.0093667,0.0898077,1.0898077,1.0898077
1,10,0.6,0,16,1,1.047328244,1,0.668800622,2031.350007,1,1,2172.507165,1,1,2172.507165,1,1,141.1571581,0.069489334,141.1571581,0.069489334,1.069489334,1.069489334
1,10,0.6,0,17,0,0.861445783,0,0.14730873,1835.843108,1,1,1900.641437,1,1,1900.641437,1,1,64.79832915,0.035296224,64.79832915,0.035296224,1.035296224,1.035296224
1,10,0.6,0,18,1,1.355752212,1,0.453286277,2107.762789,1,1,2245.772322,1,1,2245.772322,1,1,138.0095329,0.065476786,138.0095329,0.065476786,1.065476786,1.065476786
1,10,0.6,0,17,0,0.43676815,0,0.007066592,1881.118588,1,1,1967.222423,1,1,1967.222423,1,1,86.10383507,0.045772678,86.10383507,0.045772678,1.045772678,1.045772678
1,10,0.6,0,17,0,0.709762533,0,0.297137224,1909.491472,1,1,2125.054655,1,1,2125.054655,1,1,215.5631824,0.112890361,215.5631824,0.112890361,1.112890361,1.112890361
1,10,0.6,0,16,1,1.423167849,1,0.333556344,1714.823743,1,1,1714.823743,1,1,1714.823743,1,1,0,0,0,0,1,1
1,10,0.6,0,18,0,0.850526316,1,0.488457373,2565.845563,1,1,2620.231343,1,1,2620.231343,1,1,54.38577932,0.021196046,54.38577932,0.021196046,1.021196046,1.021196046
1,10,0.6,0,19,1,1.33171521,1,0.81618036,2271.734551,1,1,2271.734551,1,1,2271.734551,1,1,0,0,0,0,1,1
1,10,0.6,0,17,1,1.74953271,0,0.328356496,2448.205987,1,1,2465.51541,1,1,2465.51541,1,1,17.30942229,0.007070248,17.30942229,0.007070248,1.007070248,1.007070248
1,10,0.6,1,20,0,0.860927152,0,0.086525712,1708.984155,1,1,1708.984155,1,1,1708.984155,1,1,3.76E-09,2.20E-12,3.76E-09,2.20E-12,1,1
1,10,0.6,0,19,1,1.185303514,1,0.648911502,2074.15108,1,1,2437.598946,1,1,2437.598946,1,1,363.4478657,0.175227287,363.4478657,0.175227287,1.175227287,1.175227287
1,10,0.6,0,15,0,0.403636364,1,0.386805532,1233.340152,1,1,1352.494122,1,1,1352.494122,1,1,119.1539703,0.096610793,119.1539703,0.096610793,1.096610793,1.096610793
1,10,0.6,0,16,1,1.285285285,1,0.443638475,2286.301015,1,1,2398.120409,1,1,2398.120409,1,1,111.8193938,0.04890843,111.8193938,0.04890843,1.04890843,1.04890843
1,10,0.6,0,16,0,0.634894992,1,0.573250014,1570.804058,1,1,1570.804058,1,1,1570.804058,1,1,3.76E-09,2.39E-12,3.76E-09,2.39E-12,1,1
1,10,0.6,0,16,1,1.299047619,0,0.190781752,3241.371435,1,2,3241.371435,1,2,3241.371435,1,2,9.09E-13,2.81E-16,9.09E-13,2.81E-16,1,1
1,10,0.6,0,18,0,0.600346021,1,0.813040743,1428.600129,1,1,2071.177523,0,1,1445.281758,1,1,642.5773937,0.449795139,16.6816289,0.011676906,1.449795139,1.011676906
1,10,0.6,0,19,0,0.147595357,1,0.751783367,1227.078668,1,1,1243.372797,1,1,1243.372797,1,1,16.29412849,0.013278797,16.29412849,0.013278797,1.013278797,1.013278797
1,10,0.6,0,16,0,0.812297735,1,0.837820874,1679.623318,1,1,2171.125309,0,1,1686.133485,1,1,491.5019913,0.292626321,6.510167469,0.003875969,1.292626321,1.003875969
1,10,0.6,0,18,0,0.35206422,1,0.502478385,1859.585727,1,1,2088.829859,1,1,1894.359783,2,1,229.2441327,0.123276991,34.77405614,0.018699894,1.123276991,1.018699894
1,10,0.6,0,17,0,0.204326923,0,0.024399786,1700.21556,1,1,1763.273136,1,1,1705.07674,2,1,63.05757627,0.037087989,4.86118019,0.002859155,1.037087989,1.002859155
1,10,0.6,0,18,0,0.416083916,1,0.731608614,1282.725287,1,1,1888.778824,0,1,1287.544369,1,1,606.0535369,0.472473368,4.819082083,0.003756909,1.472473368,1.003756909
1,10,0.6,0,18,0,0.147313692,0,0.18656895,1171.224234,1,1,1205.56979,1,1,1205.56979,1,1,34.34555604,0.029324492,34.34555604,0.029324492,1.029324492,1.029324492
1,10,0.6,0,15,0,0.217320261,1,0.512472956,1257.126389,1,1,1660.209636,0,1,1259.415595,1,1,403.0832469,0.320638601,2.289206447,0.001820984,1.320638601,1.001820984
1,10,0.6,0,17,1,2.042105263,1,0.648384315,2497.886997,1,1,2571.101122,1,1,2571.101122,1,1,73.21412559,0.029310423,73.21412559,0.029310423,1.029310423,1.029310423
1,10,0.6,0,18,0,0.690656566,0,0.24460091,1965.671027,1,1,2194.54271,1,1,2194.54271,1,1,228.8716834,0.116434378,228.8716834,0.116434378,1.116434378,1.116434378
1,10,0.6,0,17,0,0.268613139,1,0.881603027,1432.48545,1,1,1540.239699,1,1,1540.239699,1,1,107.7542488,0.07522188,107.7542488,0.07522188,1.07522188,1.07522188
1,10,0.6,0,18,1,1,1,0.729389883,2476.257431,1,1,2909.751829,0,1,2478.436156,1,1,433.4943975,0.175060312,2.178724798,0.000879846,1.175060312,1.000879846
1,10,0.6,0,19,1,1.071743929,1,0.638016649,2767.019376,1,1,3044.85668,1,1,3044.85668,1,1,277.8373044,0.100410321,277.8373044,0.100410321,1.100410321,1.100410321
1,10,0.6,0,15,0,0.113445378,1,0.610339964,1437.211259,1,1,1756.815154,0,1,1438.470017,1,1,319.6038948,0.222377812,1.258758419,0.000875834,1.222377812,1.000875834
1,10,0.6,0,18,0,0.321533923,1,0.673377825,1442.615239,1,1,1507.90169,1,1,1507.90169,1,1,65.28645119,0.045255623,65.28645119,0.045255623,1.045255623,1.045255623
1,10,0.6,0,19,0,0.101580135,0,0.119730175,1781.350033,1,1,1855.35585,1,1,1781.93296,2,1,74.00581758,0.041544793,0.582926821,0.000327239,1.041544793,1.000327239
1,10,0.6,0,19,0,0.261111111,1,0.85162334,1492.576201,1,1,1943.8219,0,1,1498.83513,1,1,451.2456986,0.302326741,6.25892834,0.004193373,1.302326741,1.004193373
1,10,0.6,0,17,1,1.639053254,0,0.180302207,3841.218329,2,2,3942.920789,1,2,3858.640909,2,2,101.7024598,0.026476615,17.42257996,0.004535691,1.026476615,1.004535691
1,10,0.6,0,18,0,0.978813559,1,0.652643634,2069.150839,1,1,2388.719873,1,1,2388.719873,1,1,319.5690333,0.154444532,319.5690333,0.154444532,1.154444532,1.154444532
1,10,0.6,0,17,0,0.338823529,1,0.61861104,997.6663071,1,1,1020.763906,1,1,1020.763906,1,1,23.09759931,0.023151628,23.09759931,0.023151628,1.023151628,1.023151628
1,10,0.6,0,16,0,0.113761468,1,0.807861665,1101.865434,1,1,1802.933791,0,1,1103.277505,1,1,701.0683568,0.636255876,1.412070957,0.001281528,1.636255876,1.001281528
1,10,0.6,0,16,1,1.206654991,1,0.6662006,2014.509192,1,1,2164.925626,1,1,2164.925626,1,1,150.4164338,0.074666541,150.4164338,0.074666541,1.074666541,1.074666541
1,10,0.6,0,18,0,0.97865353,0,0.077545564,3032.780089,2,2,3169.764322,1,2,3068.482686,2,2,136.9842325,0.045167875,35.70259664,0.011772234,1.045167875,1.011772234
1,10,0.6,0,17,0,0.052447552,1,0.672446834,1718.371003,1,1,1810.807378,0,1,1718.874083,1,1,92.43637506,0.053793025,0.503080784,0.000292766,1.053793025,1.000292766
1,10,0.6,0,19,0,0.332231405,1,0.76785558,1298.619857,1,1,1394.441314,1,1,1394.441314,1,1,95.82145675,0.073787149,95.82145675,0.073787149,1.073787149,1.073787149
1,10,0.6,0,19,0,0.499325236,0,0.167634765,1684.366221,1,1,1802.966438,1,1,1802.966438,1,1,118.6002167,0.07041237,118.6002167,0.07041237,1.07041237,1.07041237
1,10,0.6,0,17,0,0.529850746,1,0.869697004,1287.023253,1,1,1881.714274,0,1,1289.634922,1,1,594.6910211,0.462067037,2.611668555,0.002029232,1.462067037,1.002029232
1,10,0.6,0,16,0,0.249655172,1,0.755017332,1502.146606,1,1,1883.847495,0,1,1502.306762,1,1,381.7008892,0.254103619,0.160155395,0.000106618,1.254103619,1.000106618
1,10,0.6,0,17,1,1.572555205,1,0.855384008,2582.870379,1,1,2790.752326,1,1,2790.752326,1,1,207.881947,0.080484855,207.881947,0.080484855,1.080484855,1.080484855
1,10,0.6,0,17,0,0.50872093,0,0.200825395,1599.771507,1,1,1680.141211,1,1,1680.141211,1,1,80.36970344,0.050238239,80.36970344,0.050238239,1.050238239,1.050238239
1,10,0.6,0,17,0,0.659063625,0,0.252180556,2030.994847,1,1,2168.56498,1,1,2168.56498,1,1,137.5701328,0.067735343,137.5701328,0.067735343,1.067735343,1.067735343
1,10,0.6,0,17,0,0.053521127,1,0.701338405,1422.120906,1,1,1535.616489,0,1,1422.120906,1,1,113.4955828,0.079807267,0,0,1.079807267,1
1,10,0.6,0,18,0,0.82037037,1,0.475650813,1544.894031,1,1,1584.156528,1,1,1584.156528,1,1,39.26249704,0.025414363,39.26249704,0.025414363,1.025414363,1.025414363
1,10,0.6,0,18,0,0.154340836,1,0.601319178,1261.738768,1,1,1641.01664,0,1,1262.213881,1,1,379.2778722,0.300599365,0.475113227,0.000376554,1.300599365,1.000376554
1,10,0.6,0,16,1,1.642857143,1,0.884026049,1822.420046,1,1,2354.373972,0,1,1869.481467,1,1,531.9539259,0.291894246,47.0614202,0.025823586,1.291894246,1.025823586
1,10,0.6,0,16,0,0.2,1,0.603489491,1646.537326,1,1,1745.945118,1,1,1651.798094,2,1,99.40779169,0.060373846,5.260767355,0.003195049,1.060373846,1.003195049
1,10,0.6,0,18,1,1.093872229,1,0.338376673,2382.401267,1,1,2506.197543,1,1,2506.197543,1,1,123.7962761,0.051962815,123.7962761,0.051962815,1.051962815,1.051962815
1,10,0.6,0,18,1,1.021052632,1,0.72350154,1832.661104,1,1,1915.130991,1,1,1915.130991,1,1,82.46988655,0.045000075,82.46988655,0.045000075,1.045000075,1.045000075
1,10,0.6,0,18,0,0.714947856,0,0.288758041,2175.971962,1,1,2316.782067,1,1,2316.782067,1,1,140.8101056,0.06471136,140.8101056,0.06471136,1.06471136,1.06471136
1,10,0.6,0,16,0,0.253731343,0,0.268727871,1397.178402,1,1,1407.661646,1,1,1407.661646,1,1,10.48324404,0.007503154,10.48324404,0.007503154,1.007503154,1.007503154
1,10,0.6,0,17,0,0.956568947,1,0.426807899,2639.542656,1,1,2757.251232,1,1,2757.251232,1,1,117.708576,0.044594307,117.708576,0.044594307,1.044594307,1.044594307
1,10,0.6,0,16,0,0.125736739,0,0.29138915,1033.528913,1,1,1058.438973,1,1,1058.438973,1,1,24.91006031,0.024101948,24.91006031,0.024101948,1.024101948,1.024101948
1,10,0.6,0,16,0,0.359004739,1,0.377445927,1800.446525,1,1,1958.449002,1,1,1958.449002,1,1,158.0024768,0.087757384,158.0024768,0.087757384,1.087757384,1.087757384
1,10,0.6,0,17,0,0.442067736,1,0.487658012,1256.376636,1,1,1414.500827,1,1,1414.500827,1,1,158.124191,0.125857316,158.124191,0.125857316,1.125857316,1.125857316
1,10,0.6,0,17,0,0.081300813,1,0.631278269,1235.037566,1,1,1634.244745,0,1,1235.216769,1,1,399.2071792,0.323234847,0.179202613,0.000145099,1.323234847,1.000145099
1,10,0.6,0,17,0,0.107843137,0,0.084397088,1234.064461,1,2,1255.182223,1,1,1255.182223,1,1,21.11776163,0.017112365,21.11776163,0.017112365,1.017112365,1.017112365
1,10,0.6,0,16,0,0.304979253,0,0.168306436,1076.582339,1,1,1076.582339,1,1,1076.582339,1,1,0,0,0,0,1,1
1,10,0.6,0,16,0,0.150870406,0,0.265709579,1048.708569,1,1,1096.070058,1,1,1096.070058,1,1,47.36148963,0.045161727,47.36148963,0.045161727,1.045161727,1.045161727
1,10,0.6,0,18,1,1.439209726,1,0.910345594,2481.331628,1,1,3054.466344,0,1,2515.976802,1,1,573.1347158,0.230978685,34.64517373,0.013962331,1.230978685,1.013962331
1,10,0.6,0,17,1,1.189718482,1,0.441894586,2605.175272,1,1,2910.160656,1,1,2910.160656,1,1,304.9853838,0.117069046,304.9853838,0.117069046,1.117069046,1.117069046
1,10,0.6,0,17,0,0.923880597,1,0.483193675,1949.273763,1,1,1972.305689,1,1,1972.305689,1,1,23.0319263,0.011815645,23.0319263,0.011815645,1.011815645,1.011815645
1,10,0.6,0,16,1,1.204022989,0,0.175689454,2324.299618,1,1,2355.341469,1,1,2355.341469,1,1,31.04185144,0.013355357,31.04185144,0.013355357,1.013355357,1.013355357
1,10,0.6,0,18,0,0.743559719,1,0.926546462,2184.1917,1,1,2613.852413,0,1,2188.427571,1,1,429.6607136,0.196713829,4.235870967,0.001939331,1.196713829,1.001939331
1,10,0.6,0,19,1,1.638115632,0,0.251894955,2088.511277,1,1,2088.511277,1,1,2088.511277,1,1,0,0,0,0,1,1
1,10,0.6,0,16,1,1.5,0,0.10938741,2123.360741,1,1,2123.360741,1,1,2123.360741,1,1,0,0,0,0,1,1
1,10,0.6,0,19,0,0.203791469,1,0.364162787,1301.308897,1,1,1416.25866,1,1,1416.25866,1,1,114.9497626,0.088333956,114.9497626,0.088333956,1.088333956,1.088333956
1,10,0.6,0,16,0,0.038596491,0,0.183372962,1141.418256,1,1,1143.324345,1,1,1143.324345,1,1,1.906088726,0.00166993,1.906088726,0.00166993,1.00166993,1.00166993
1,10,0.6,0,16,1,1.747767857,1,0.384518961,2118.025554,1,1,2154.521259,1,1,2154.521259,1,1,36.49570492,0.017231003,36.49570492,0.017231003,1.017231003,1.017231003
1,10,0.6,0,16,0,0.373248408,0,0.273373995,1686.779944,1,1,1858.02187,1,1,1731.565333,2,1,171.2419259,0.101520015,44.78538937,0.026550819,1.101520015,1.026550819
1,10,0.6,0,16,1,1.572202166,0,0.248676815,3923.026969,1,2,3923.026969,1,2,3923.026969,1,2,0,0,0,0,1,1
1,10,0.6,0,16,0,0.839694656,0,0.279372716,1495.103923,1,1,1642.274785,1,1,1642.274785,1,1,147.1708624,0.098435206,147.1708624,0.098435206,1.098435206,1.098435206
1,10,0.6,0,19,0,0.666666667,1,0.868987531,1374.54698,1,1,2042.691221,0,1,1384.249787,1,1,668.1442408,0.486083233,9.702806851,0.007058912,1.486083233,1.007058912
1,10,0.6,0,17,1,1.017486339,1,0.856650432,2683.180632,1,1,3116.063913,1,1,3116.063913,1,1,432.8832808,0.161332143,432.8832808,0.161332143,1.161332143,1.161332143
1,10,0.6,0,15,0,0.420948617,1,0.87902202,1139.843417,1,1,1697.605662,0,1,1145.322728,1,1,557.7622455,0.489332339,5.479311188,0.004807074,1.489332339,1.004807074
1,50,0.8,0,10,0,0.280811232,0,0.320032071,1340.552004,1,1,1397.599231,1,1,1397.599231,1,1,57.04722669,0.042555027,57.04722669,0.042555027,1.042555027,1.042555027
1,50,0.8,0,11,0,0.329927007,1,0.481919563,1457.931071,1,1,1660.926048,1,1,1492.479891,2,1,202.9949779,0.139234963,34.54882066,0.023697156,1.139234963,1.023697156
1,50,0.8,0,10,0,0.256480218,1,0.802189034,1518.534866,1,1,1779.637784,0,1,1518.676469,1,1,261.1029183,0.171943973,0.141603637,9.33E-05,1.171943973,1.00009325
1,50,0.8,0,10,0,0.266975309,0,0.156279365,1359.535667,1,1,1488.721917,1,1,1488.721917,1,1,129.1862495,0.095022332,129.1862495,0.095022332,1.095022332,1.095022332
1,50,0.8,0,10,1,1.203065134,0,0.013565841,3065.205972,2,2,3180.97721,1,2,3091.509378,2,2,115.7712373,0.037769481,26.30340596,0.008581285,1.037769481,1.008581285
1,50,0.8,0,11,0,0.493079585,1,0.840969939,1359.048333,1,1,1986.721646,0,1,1359.048333,1,1,627.673313,0.461847675,1.36E-07,1.00E-10,1.461847675,1
1,50,0.8,0,9,1,1.148377125,1,0.974232806,2051.349947,1,1,2496.763517,0,1,2084.9079,1,1,445.41357,0.217131928,33.5579527,0.01635896,1.217131928,1.01635896
1,50,0.8,0,9,1,1.803964758,0,0.20104077,3798.68906,2,2,3994.385889,1,2,3798.68906,2,2,195.6968289,0.051516938,4.55E-13,1.20E-16,1.051516938,1
1,50,0.8,0,11,0,0.447174447,1,0.81667374,1008.928255,1,1,1648.471954,0,1,1008.928255,1,1,639.5436996,0.63388422,0,0,1.63388422,1
1,50,0.8,0,10,0,0.955686854,0,0.227390379,1978.419254,1,1,2069.450406,1,1,2069.450406,1,1,91.03115169,0.046012063,91.03115169,0.046012063,1.046012063,1.046012063
1,50,0.8,0,11,0,0.412645591,1,0.971657953,1328.666571,1,1,1786.125364,0,1,1328.666571,1,1,457.458793,0.344299167,2.27E-13,1.71E-16,1.344299167,1
1,50,0.8,0,12,1,1.165034965,1,0.415393762,2342.553448,1,1,2536.953401,1,1,2536.953401,1,1,194.3999537,0.082986347,194.3999537,0.082986347,1.082986347,1.082986347
1,50,0.8,0,10,0,0.715231788,1,0.707600373,1587.441418,1,1,1623.803698,1,1,1623.803698,1,1,36.36227996,0.022906218,36.36227996,0.022906218,1.022906218,1.022906218
1,50,0.8,0,11,0,0.855045872,0,0.048229604,2524.903926,2,2,2612.597812,1,2,2524.903926,2,2,87.6938859,0.034731573,0,0,1.034731573,1
1,50,0.8,0,9,0,0.253424658,1,0.527003646,1510.38476,1,1,1757.701669,0,1,1510.773942,1,1,247.3169093,0.163744309,0.389182486,0.000257671,1.163744309,1.000257671
1,50,0.8,0,9,0,0.622685185,1,0.536471312,1154.95822,1,1,1154.95822,1,1,1154.95822,1,1,0,0,0,0,1,1
1,50,0.8,0,10,0,0.556574924,0,0.077216936,1541.754691,1,1,1630.226124,1,1,1630.226124,1,1,88.47143247,0.057383599,88.47143247,0.057383599,1.057383599,1.057383599
1,50,0.8,0,10,1,1.229532164,1,0.798419748,2269.755416,1,1,2699.423072,0,1,2289.188574,1,1,429.6676561,0.189301302,19.43315787,0.008561785,1.189301302,1.008561785
1,50,0.8,0,11,0,0.776536313,0,0.01460714,3060.6295,2,2,3148.767578,1,2,3062.839798,2,2,88.13807791,0.028797369,2.210297992,0.000722171,1.028797369,1.000722171
1,50,0.8,0,12,0,0.643369176,0,0.273847722,1428.821816,1,1,1510.099053,1,1,1510.099053,1,1,81.27723717,0.056884096,81.27723717,0.056884096,1.056884096,1.056884096
1,50,0.8,0,10,0,0.4,1,0.555514162,1729.15399,1,1,1994.145579,1,1,1785.946524,2,1,264.9915892,0.153249272,56.79253443,0.032844116,1.153249272,1.032844116
1,50,0.8,0,9,0,0.553475936,1,0.647148392,1735.869911,1,1,2048.012431,0,1,1735.869911,1,1,312.1425202,0.179819074,1.74E-07,1.00E-10,1.179819074,1
1,50,0.8,0,9,0,0.139841689,1,0.892564743,1531.288885,1,1,1708.176376,0,1,1531.721279,1,1,176.8874915,0.115515428,0.432394367,0.000282373,1.115515428,1.000282373
1,50,0.8,0,8,1,1.328767123,1,0.411082091,2284.34138,1,1,2633.670781,0,1,2291.552751,1,1,349.3294014,0.152923466,7.211371651,0.003156871,1.152923466,1.003156871
1,50,0.8,0,9,1,1.469500924,1,0.75145809,2107.60129,1,1,2565.338858,0,1,2107.60129,1,1,457.7375686,0.217184138,0,0,1.217184138,1
1,50,0.8,0,10,0,0.641114983,1,0.342541602,2087.471236,1,1,2271.528721,1,1,2271.528721,1,1,184.0574847,0.088172465,184.0574847,0.088172465,1.088172465,1.088172465
1,50,0.8,0,9,0,0.181364393,1,0.786438417,1230.075236,1,1,1790.340696,0,1,1230.752656,1,1,560.2654601,0.455472514,0.677420429,0.000550715,1.455472514,1.000550715
1,50,0.8,0,13,0,0.989561587,1,0.639560815,1566.318031,1,1,1713.585688,1,1,1713.585688,1,1,147.2676573,0.094021555,147.2676573,0.094021555,1.094021555,1.094021555
1,50,0.8,0,10,1,1.347985348,1,0.582922395,2062.742725,1,1,2096.587282,1,1,2096.587282,1,1,33.84455688,0.016407551,33.84455688,0.016407551,1.016407551,1.016407551
1,50,0.8,0,8,1,1.562992126,0,0.181261365,3660.608727,2,2,3669.467059,1,2,3665.490637,2,2,8.858332172,0.002419907,4.881909431,0.001333633,1.002419907,1.001333633
1,50,0.8,0,12,1,1.171465969,0,0.115125763,2457.334451,1,1,2489.212195,1,1,2489.212195,1,1,31.87774415,0.012972489,31.87774415,0.012972489,1.012972489,1.012972489
1,50,0.8,0,11,0,0.25813449,1,0.667478544,1029.834597,1,1,1032.653417,1,1,1032.653417,1,1,2.818819347,0.002737157,2.818819347,0.002737157,1.002737157,1.002737157
1,50,0.8,0,10,0,0.129290618,0,0.21625445,1762.735523,1,1,1858.71626,1,1,1765.134608,2,1,95.98073741,0.05444988,2.399085554,0.001361001,1.05444988,1.001361001
1,50,0.8,0,11,0,0.710948905,0,0.163384313,1742.463326,1,1,1931.538138,1,1,1931.538138,1,1,189.0748126,0.108510067,189.0748126,0.108510067,1.108510067,1.108510067
1,50,0.8,0,10,0,0.400437637,1,0.913521565,1079.146889,1,1,1770.078794,0,1,1079.146889,1,1,690.9319057,0.640257515,2.27E-13,2.11E-16,1.640257515,1
1,50,0.8,0,10,0,0.128440367,1,0.921990308,893.2340642,1,1,1635.707253,0,1,898.7482113,1,1,742.4731889,0.831219071,5.514147078,0.006173239,1.831219071,1.006173239
1,50,0.8,0,8,0,0.573820396,0,0.211076549,1551.766267,1,1,1645.011753,1,1,1645.011753,1,1,93.24548665,0.060089904,93.24548665,0.060089904,1.060089904,1.060089904
1,50,0.8,0,9,0,0.834920635,1,0.705879097,1737.036167,1,1,2220.252853,0,1,1737.398917,1,1,483.2166856,0.278184585,0.362749575,0.000208832,1.278184585,1.000208832
1,50,0.8,0,12,0,0.966608084,1,0.770274169,1715.105722,1,1,2283.909504,0,1,1733.994801,1,1,568.8037821,0.331643569,18.88907957,0.011013362,1.331643569,1.011013362
1,50,0.8,0,10,0,0.975031211,1,0.95722736,2354.072299,1,1,2890.233413,0,1,2359.605027,1,1,536.1611138,0.227758983,5.532728321,0.00235028,1.227758983,1.00235028
1,50,0.8,0,9,1,1.350917431,0,0.241902936,1736.22516,1,1,1745.936666,1,1,1745.936666,1,1,9.711505907,0.00559346,9.711505907,0.00559346,1.00559346,1.00559346
1,50,0.8,0,12,1,1.331536388,1,0.656299497,2641.008335,1,1,2886.997253,1,1,2886.997253,1,1,245.9889185,0.093142046,245.9889185,0.093142046,1.093142046,1.093142046
1,50,0.8,0,11,0,0.0625,0,0.265707717,1155.633056,1,1,1201.766964,1,1,1201.766964,1,1,46.1339084,0.039920897,46.1339084,0.039920897,1.039920897,1.039920897
1,50,0.8,0,10,0,0.464454976,1,0.773334208,1879.756582,1,1,2192.387595,0,1,1879.756582,1,1,312.6310128,0.166314626,0,0,1.166314626,1
1,50,0.8,0,9,0,0.291836735,1,0.633731344,1043.990196,1,1,1630.876275,0,1,1049.264727,1,1,586.8860784,0.562156695,5.274530656,0.00505228,1.562156695,1.00505228
1,50,0.8,0,9,0,0.13118527,0,0.068594983,1753.313122,1,1,1790.68946,1,1,1754.641838,2,1,37.37633758,0.021317549,1.328716171,0.000757832,1.021317549,1.000757832
1,50,0.8,0,10,1,1.381021898,0,0.212112856,2480.055506,1,1,2512.288325,1,1,2512.288325,1,1,32.23281912,0.012996814,32.23281912,0.012996814,1.012996814,1.012996814
1,50,0.8,0,11,0,0.403361345,1,0.5377163,1803.476452,1,1,2124.36649,0,1,1810.848874,1,1,320.8900378,0.177928599,7.372422112,0.004087895,1.177928599,1.004087895
1,50,0.8,0,8,1,1.486238532,1,0.506635912,2157.130117,1,1,2393.500392,1,1,2393.500392,1,1,236.3702751,0.109576271,236.3702751,0.109576271,1.109576271,1.109576271
1,50,0.8,0,10,0,0.274480712,1,0.940604722,1406.306402,1,1,1859.296926,0,1,1410.005543,1,1,452.990524,0.322113675,3.699140317,0.002630394,1.322113675,1.002630394
1,50,0.8,0,10,0,0.24494382,1,0.56764689,945.01076,1,1,1568.998527,0,1,946.2188703,1,1,623.9877671,0.660296997,1.20811033,0.001278409,1.660296997,1.001278409
1,50,0.8,0,10,0,0.617680827,0,0.202260361,2086.480509,1,1,2196.861805,1,1,2196.861805,1,1,110.3812961,0.052903104,110.3812961,0.052903104,1.052903104,1.052903104
1,50,0.8,0,11,0,0.327228327,1,0.840596928,1727.178317,1,1,2068.133787,0,1,1734.709287,1,1,340.9554704,0.197406062,7.530970224,0.004360274,1.197406062,1.004360274
1,50,0.8,0,11,0,0.328151986,1,0.827054417,1244.269272,1,1,1786.711728,0,1,1244.269272,1,1,542.4424556,0.435952625,0,0,1.435952625,1
1,50,0.8,0,9,0,0.411650485,0,0.265282483,1177.13299,1,1,1242.075597,1,1,1242.075597,1,1,64.94260699,0.055170153,64.94260699,0.055170153,1.055170153,1.055170153
1,50,0.8,0,9,1,2.301662708,1,0.94514771,2418.909071,1,1,2898.350905,0,1,2418.909071,1,1,479.4418339,0.198205811,0,0,1.198205811,1
1,50,0.8,0,10,1,1.291139241,1,0.713318705,2463.411811,1,1,2670.158944,1,1,2670.158944,1,1,206.7471326,0.08392715,206.7471326,0.08392715,1.08392715,1.08392715
1,50,0.8,0,11,1,1.415053763,1,0.619780134,1881.544603,1,1,2066.677879,1,1,2066.677879,1,1,185.1332767,0.098394307,185.1332767,0.098394307,1.098394307,1.098394307
1,50,0.8,0,10,1,1.162790698,1,0.481283071,1643.922281,1,1,1643.922281,1,1,1643.922281,1,1,0,0,0,0,1,1
1,50,0.8,0,10,1,1.180967239,0,0.179851009,2145.320708,1,1,2155.51136,1,1,2155.51136,1,1,10.19065202,0.004750177,10.19065202,0.004750177,1.004750177,1.004750177
1,50,0.8,0,9,0,0.481781377,1,0.505888397,1663.259673,1,1,1947.459964,0,1,1663.546136,1,1,284.2002907,0.170869465,0.286462149,0.000172229,1.170869465,1.000172229
1,50,0.8,0,9,0,0.416206262,1,0.838458736,1192.72319,1,1,1493.9415,0,1,1192.72319,1,1,301.2183101,0.252546704,0,0,1.252546704,1
1,50,0.8,0,10,0,0.844155844,1,0.423127579,1550.85723,1,1,1733.56454,1,1,1733.56454,1,1,182.7073102,0.117810529,182.7073102,0.117810529,1.117810529,1.117810529
1,50,0.8,0,10,1,1.615238095,1,0.578471692,2223.69641,1,1,2460.710711,1,1,2460.710711,1,1,237.014301,0.106585728,237.014301,0.106585728,1.106585728,1.106585728
1,50,0.8,0,9,1,1.177489177,1,0.866250622,1609.662027,1,1,2102.887571,0,1,1609.662027,1,1,493.2255439,0.306415593,0,0,1.306415593,1
1,50,0.8,0,10,1,1.231800766,1,0.512287776,1853.57769,1,1,2091.759027,1,1,2091.759027,1,1,238.1813368,0.128498168,238.1813368,0.128498168,1.128498168,1.128498168
1,50,0.8,0,9,1,1.633684211,0,0.198165024,3614.810794,1,2,3614.810794,1,2,3614.810794,1,2,0,0,0,0,1,1
1,50,0.8,0,10,0,0.366037736,1,0.922248446,1703.838727,1,1,1984.5171,0,1,1703.838727,1,1,280.6783731,0.164732946,0,0,1.164732946,1
1,50,0.8,0,10,1,1.109489051,1,0.785281418,2196.365418,1,1,2376.437035,1,1,2376.437035,1,1,180.0716164,0.081986183,180.0716164,0.081986183,1.081986183,1.081986183
1,50,0.8,0,12,0,0.608695652,1,0.440172198,1413.404909,1,1,1534.274429,1,1,1534.274429,1,1,120.8695206,0.085516556,120.8695206,0.085516556,1.085516556,1.085516556
1,50,0.8,0,11,0,0.109447005,1,0.787502871,1746.735217,1,1,1884.260897,0,1,1746.811121,1,1,137.5256805,0.078732987,0.075904139,4.35E-05,1.078732987,1.000043455
1,50,0.8,0,9,0,0.680803571,1,0.762217854,1240.007902,1,1,1857.230474,0,1,1240.007902,1,1,617.2225725,0.497756967,0,0,1.497756967,1
1,50,0.8,0,11,0,0.640316206,0,0.107552987,1853.102599,1,1,1961.737153,1,1,1961.737153,1,1,108.6345543,0.058623065,108.6345543,0.058623065,1.058623065,1.058623065
1,50,0.8,0,9,0,0.819805195,0,0.122486301,1695.6148,1,1,1789.349572,1,1,1789.349572,1,1,93.73477241,0.0552807,93.73477241,0.0552807,1.0552807,1.0552807
1,50,0.8,0,9,1,1.722371968,0,0.132144329,1681.824759,1,1,1681.824759,1,1,1681.824759,1,1,0,0,0,0,1,1
1,50,0.8,0,10,1,1.292114695,1,0.56096573,2064.170921,1,1,2294.200152,1,1,2294.200152,1,1,230.0292314,0.111439043,230.0292314,0.111439043,1.111439043,1.111439043
1,50,0.8,0,11,0,0.321428571,0,0.174905315,1203.742294,1,1,1290.2825,1,1,1290.2825,1,1,86.54020656,0.071892636,86.54020656,0.071892636,1.071892636,1.071892636
1,50,0.8,0,9,0,0.159118727,1,0.921793165,1655.565148,1,1,1794.659192,0,1,1655.608663,1,1,139.0940443,0.08401605,0.043515842,2.63E-05,1.08401605,1.000026285
1,50,0.8,0,10,0,0.864217252,0,0.02330684,1731.54875,1,1,1804.03886,1,1,1804.03886,1,1,72.49010988,0.041864319,72.49010988,0.041864319,1.041864319,1.041864319
1,50,0.8,0,11,0,0.872937294,0,0.045358755,1708.18556,1,1,1708.18556,1,1,1708.18556,1,1,2.27E-13,1.33E-16,2.27E-13,1.33E-16,1,1
1,50,0.8,0,11,0,0.677760968,0,0.109046633,1650.177337,1,1,1750.130185,1,1,1750.130185,1,1,99.95284737,0.060570973,99.95284737,0.060570973,1.060570973,1.060570973
1,50,0.8,0,11,1,1.660958904,0,0.264437515,2469.436236,1,1,2523.612675,1,1,2523.612675,1,1,54.17643823,0.021938788,54.17643823,0.021938788,1.021938788,1.021938788
1,50,0.8,0,11,1,1.64344942,0,0.138217249,4513.94813,2,2,4612.256422,1,2,4513.94813,2,2,98.30829164,0.021778782,0,0,1.021778782,1
1,50,0.8,0,10,0,0.407317073,1,0.89283418,969.4984623,1,1,1611.462656,0,1,979.2439585,1,1,641.9641934,0.662161126,9.745496134,0.010052101,1.662161126,1.010052101
1,50,0.8,0,8,1,1.294642857,0,0.313055549,1713.939943,1,1,1713.939943,1,1,1713.939943,1,1,0,0,0,0,1,1
1,50,0.8,0,10,0,0.510548523,1,0.496629041,1612.776675,1,1,1975.781422,0,1,1623.292642,1,1,363.0047469,0.225080603,10.5159672,0.006520411,1.225080603,1.006520411
1,50,0.8,0,9,1,1.002642008,0,0.101847852,2249.60561,1,1,2279.542335,1,1,2279.542335,1,1,29.93672549,0.013307544,29.93672549,0.013307544,1.013307544,1.013307544
1,50,0.8,0,11,1,1.451237263,0,0.250793855,2618.650263,1,1,2650.436288,1,1,2650.436288,1,1,31.78602474,0.012138324,31.78602474,0.012138324,1.012138324,1.012138324
1,50,0.8,0,11,0,0.625340599,0,0.216070323,1781.703843,1,1,1865.206668,1,1,1865.206668,1,1,83.50282565,0.046866838,83.50282565,0.046866838,1.046866838,1.046866838
1,50,0.8,0,11,1,1.387190684,0,0.187155233,2527.048167,1,1,2539.655647,1,1,2539.655647,1,1,12.6074796,0.004989014,12.6074796,0.004989014,1.004989014,1.004989014
1,50,0.8,0,8,0,0.307926829,0,0.117925522,1380.185256,1,1,1538.485476,1,1,1538.485476,1,1,158.3002204,0.114694908,158.3002204,0.114694908,1.114694908,1.114694908
1,50,0.8,0,10,1,1.53820598,0,0.058778788,4226.265602,2,2,4367.064538,1,2,4226.265602,2,2,140.7989365,0.033315212,1.82E-12,4.30E-16,1.033315212,1
1,50,0.8,0,9,0,0.230524642,0,0.140451192,1294.670879,1,1,1371.420256,1,1,1299.098801,2,1,76.74937721,0.059280994,4.427921748,0.003420114,1.059280994,1.003420114
1,50,0.8,0,9,0,0.56119403,0,0.069946786,1565.519537,1,1,1686.921184,1,1,1686.921184,1,1,121.4016468,0.077547194,121.4016468,0.077547194,1.077547194,1.077547194
1,50,0.8,0,11,1,1.194805195,0,0.228630512,1619.917614,1,1,1619.917614,1,1,1619.917614,1,1,0,0,0,0,1,1
1,50,0.8,0,9,0,0.770653514,0,0.238734696,2116.076889,1,1,2179.245519,1,1,2179.245519,1,1,63.16862935,0.029851765,63.16862935,0.029851765,1.029851765,1.029851765
1,50,0.8,0,9,0,0.755258126,0,0.233529906,1468.792703,1,1,1468.792703,1,1,1468.792703,1,1,0,0,0,0,1,1
1,50,0.8,0,11,1,1.698275862,0,0.103208137,3633.299725,2,2,3689.983235,1,2,3633.299725,2,2,56.6835102,0.01560111,0,0,1.01560111,1
1,50,0.8,0,10,1,1.564338235,0,0.133048495,3903.069001,2,2,3914.023761,1,2,3914.023761,1,2,10.95476043,0.002806704,10.95476043,0.002806704,1.002806704,1.002806704
1,50,0.8,0,10,1,1.894366197,0,0.293477872,2129.696267,1,1,2129.696267,1,1,2129.696267,1,1,0,0,0,0,1,1
1,50,0.8,0,11,1,1.557894737,0,0.094540326,4056.73038,2,2,4060.018483,1,2,4060.018483,1,2,3.288103838,0.000810531,3.288103838,0.000810531,1.000810531,1.000810531
1,50,0.8,0,9,0,0.346206897,0,0.072430366,1546.338692,1,1,1698.957803,1,1,1571.99086,2,1,152.6191113,0.098697079,25.65216821,0.016588971,1.098697079,1.016588971
1,50,0.8,0,9,0,0.975935829,0,0.075303493,2199.314026,1,1,2199.787171,1,1,2199.787171,1,1,0.473144501,0.000215133,0.473144501,0.000215133,1.000215133,1.000215133
1,50,0.8,0,7,0,0.763458401,0,0.084774555,1619.978083,1,1,1779.849143,1,1,1779.849143,1,1,159.8710598,0.098687175,159.8710598,0.098687175,1.098687175,1.098687175
1,50,0.8,0,11,1,1.05609493,0,0.304308933,2801.670424,1,1,2909.760413,1,1,2909.760413,1,1,108.0899893,0.038580551,108.0899893,0.038580551,1.038580551,1.038580551
1,50,0.8,0,9,0,0.543478261,0,0.015672942,1330.254725,1,1,1353.562392,1,1,1353.562392,1,1,23.30766668,0.017521206,23.30766668,0.017521206,1.017521206,1.017521206
1,50,0.8,0,10,0,0.253138075,0,0.15000081,1042.388316,1,1,1091.081205,1,1,1091.081205,1,1,48.69288894,0.046712812,48.69288894,0.046712812,1.046712812,1.046712812
1,50,0.8,0,11,0,0.785216179,0,0.195349324,1887.936344,1,1,2104.582669,1,1,2104.582669,1,1,216.6463249,0.114752982,216.6463249,0.114752982,1.114752982,1.114752982
1,50,0.8,0,10,0,0.606490872,0,0.153058077,1258.021041,1,1,1382.912352,1,1,1382.912352,1,1,124.8913114,0.099276012,124.8913114,0.099276012,1.099276012,1.099276012
1,50,0.8,0,10,0,0.668421053,0,0.28484827,1450.488655,1,1,1508.842328,1,1,1508.842328,1,1,58.35367239,0.040230354,58.35367239,0.040230354,1.040230354,1.040230354
1,50,0.8,0,10,0,0.051282051,0,0.312580831,1562.168524,1,1,1745.689335,0,1,1562.186777,1,1,183.5208111,0.117478241,0.018253029,1.17E-05,1.117478241,1.000011684
1,50,0.8,0,12,0,0.251196172,0,0.048006968,928.9172496,1,1,945.3710871,1,1,945.3710871,1,1,16.45383749,0.017712921,16.45383749,0.017712921,1.017712921,1.017712921
1,50,0.8,0,10,0,0.870242215,0,0.305442738,1664.985659,1,1,1722.702511,1,1,1722.702511,1,1,57.71685264,0.034665075,57.71685264,0.034665075,1.034665075,1.034665075
1,50,0.8,0,9,0,0.751190476,0,0.245420132,2160.704083,1,1,2267.897729,1,1,2267.897729,1,1,107.193646,0.049610517,107.193646,0.049610517,1.049610517,1.049610517
1,50,0.8,0,9,1,1.621832359,0,0.112720065,3805.297419,2,2,3877.010797,1,2,3807.555069,2,2,71.71337886,0.01884567,2.257650617,0.000593292,1.01884567,1.000593292
1,50,0.8,0,12,0,0.689280868,0,0.043461572,2900.792964,2,2,2956.168257,1,2,2922.11329,2,2,55.37529371,0.019089709,21.32032631,0.007349827,1.019089709,1.007349827
1,50,0.8,0,11,0,0.405612245,0,0.070810042,1708.635803,1,1,1874.945106,1,1,1874.945106,1,1,166.3093035,0.097334554,166.3093035,0.097334554,1.097334554,1.097334554
1,50,0.8,0,10,1,1.191522763,0,0.115239707,2121.335129,1,1,2121.335129,1,1,2121.335129,1,1,0,0,0,0,1,1
1,50,0.8,0,9,0,0.07678245,0,0.192889705,1100.871625,1,1,1102.477419,1,1,1102.477419,1,1,1.605794115,0.001458657,1.605794115,0.001458657,1.001458657,1.001458657
1,50,0.8,0,9,0,0.985443959,0,0.110715346,2036.877811,1,1,2146.142536,1,1,2146.142536,1,1,109.2647249,0.05364324,109.2647249,0.05364324,1.05364324,1.05364324
1,50,0.8,0,9,0,0.731800766,0,0.315596616,1400.939625,1,1,1552.849885,1,1,1552.849885,1,1,151.9102593,0.108434551,151.9102593,0.108434551,1.108434551,1.108434551
1,50,0.8,0,8,0,0.232441472,0,0.219219086,1234.027862,1,1,1284.015693,1,1,1240.419194,2,1,49.98783158,0.040507863,6.391332873,0.005179245,1.040507863,1.005179245
1,50,0.8,0,9,1,1.749469214,0,0.15583489,3771.144179,2,2,3975.352555,1,2,3831.589363,2,2,204.2083764,0.054150244,60.44518443,0.016028341,1.054150244,1.016028341
1,50,0.8,0,11,0,0.486516854,0,0.134313968,1993.395446,1,1,2138.978081,1,1,2138.978081,1,1,145.5826357,0.073032491,145.5826357,0.073032491,1.073032491,1.073032491
1,50,0.8,0,10,0,0.541076487,0,0.251102635,1655.937381,1,1,1823.821904,1,1,1823.821904,1,1,167.8845231,0.101383377,167.8845231,0.101383377,1.101383377,1.101383377
1,50,0.8,0,10,0,0.930946292,0,0.149814801,2235.759732,1,1,2285.243869,1,1,2285.243869,1,1,49.48413665,0.02213303,49.48413665,0.02213303,1.02213303,1.02213303
1,50,0.8,0,10,0,0.195079086,0,0.058983594,1168.982062,1,1,1191.926893,1,1,1191.926893,1,1,22.94483137,0.019628044,22.94483137,0.019628044,1.019628044,1.019628044
1,50,0.8,0,9,0,0.704791345,0,0.241100068,1660.287277,1,1,1832.441822,1,1,1832.441822,1,1,172.1545451,0.103689613,172.1545451,0.103689613,1.103689613,1.103689613
1,50,0.8,0,11,1,1.447328244,0,0.296630897,2460.67993,1,1,2565.125134,1,1,2565.125134,1,1,104.4452037,0.042445668,104.4452037,0.042445668,1.042445668,1.042445668
1,50,0.8,0,10,0,0.226548673,0,0.247456471,1168.137881,1,1,1256.441674,1,1,1256.441674,1,1,88.30379213,0.075593638,88.30379213,0.075593638,1.075593638,1.075593638
1,50,0.8,0,11,0,0.462277092,0,0.024648436,1634.413031,1,1,1698.938784,1,1,1698.938784,1,1,64.52575288,0.039479465,64.52575288,0.039479465,1.039479465,1.039479465
1,50,0.8,0,10,0,0.187250996,0,0.204217214,1032.127587,1,1,1079.349269,1,1,1079.349269,1,1,47.22168261,0.045751788,47.22168261,0.045751788,1.045751788,1.045751788
1,50,0.8,0,10,1,1.32751938,0,0.047104615,3219.97091,1,2,3219.97091,1,2,3219.97091,1,2,0,0,0,0,1,1
1,50,0.8,0,11,0,0.592814371,0,0.277325148,1599.547603,1,1,1741.916781,1,1,1741.916781,1,1,142.3691775,0.089005902,142.3691775,0.089005902,1.089005902,1.089005902
1,50,0.8,0,10,0,0.929881338,0,0.158929846,2618.894809,1,1,2623.648801,1,1,2623.648801,1,1,4.753992255,0.001815267,4.753992255,0.001815267,1.001815267,1.001815267
1,50,0.8,0,10,0,0.465378422,0,0.28612089,1425.36945,1,1,1591.969584,1,1,1591.969584,1,1,166.6001336,0.116882071,166.6001336,0.116882071,1.116882071,1.116882071
1,50,0.8,0,11,0,0.830769231,0,0.106360479,1645.904458,1,1,1689.078493,1,1,1689.078493,1,1,43.17403483,0.026231191,43.17403483,0.026231191,1.026231191,1.026231191
1,50,0.8,0,9,1,1.704626335,0,0.004692819,4266.915589,1,2,4276.950724,1,2,4276.950724,1,2,10.03513582,0.002351848,10.03513582,0.002351848,1.002351848,1.002351848
1,50,0.8,0,11,0,0.902578797,0,0.042951452,1959.566833,1,1,2038.915228,1,1,2038.915228,1,1,79.34839507,0.040492824,79.34839507,0.040492824,1.040492824,1.040492824
1,50,0.8,0,11,0,0.931428571,0,0.302419662,1585.506087,1,1,1672.499593,1,1,1672.499593,1,1,86.99350585,0.054867973,86.99350585,0.054867973,1.054867973,1.054867973
1,50,0.8,0,10,0,0.005444646,0,0.319978752,1102.019855,1,1,1102.15299,1,1,1102.722252,2,1,0.133134871,0.00012081,0.702396952,0.000637372,1.00012081,1.000637372
1,50,0.8,0,11,0,0.724960254,0,0.083921422,1607.147676,1,1,1789.694792,1,1,1789.694792,1,1,182.547116,0.113584532,182.547116,0.113584532,1.113584532,1.113584532
1,50,0.8,0,8,0,0.103554869,0,0.224712687,1301.791462,1,1,1562.403088,0,1,1301.791462,1,1,260.611626,0.200194604,0,0,1.200194604,1
1,50,0.8,0,10,1,1.594642857,0,0.117768061,4114.866595,2,2,4240.658205,1,2,4143.152382,2,2,125.7916101,0.030570034,28.28578695,0.006874047,1.030570034,1.006874047
1,50,0.8,0,10,1,1.14559387,0,0.174343286,1808.72333,1,1,1810.550076,1,1,1810.550076,1,1,1.826746772,0.001009965,1.826746772,0.001009965,1.001009965,1.001009965
1,50,0.8,0,9,0,0.182926829,0,0.065920881,1171.984414,1,1,1226.158836,1,1,1176.575021,2,1,54.1744217,0.046224524,4.590607025,0.003916952,1.046224524,1.003916952
1,50,0.8,0,9,0,0.975039002,0,0.046208222,3148.278127,2,2,3191.040367,1,2,3161.688007,2,2,42.76223966,0.013582739,13.4098803,0.004259433,1.013582739,1.004259433
1,50,0.8,0,9,0,0.499401198,0,0.195249429,1877.739967,1,1,2047.414697,1,1,2047.414697,1,1,169.6747296,0.090361143,169.6747296,0.090361143,1.090361143,1.090361143
1,50,0.8,0,10,0,0.584710744,0,0.06432988,1790.810264,2,2,1830.550108,1,2,1793.358929,2,2,39.7398439,0.022190985,2.548664746,0.001423191,1.022190985,1.001423191
1,50,0.8,0,8,1,1.058558559,0,0.114239153,1514.104387,1,1,1525.245298,1,1,1525.245298,1,1,11.14091073,0.007358086,11.14091073,0.007358086,1.007358086,1.007358086
1,50,0.8,0,12,1,1.590200445,0,0.021089428,3357.044464,2,2,3444.441057,1,2,3367.30203,2,2,87.39659291,0.026033791,10.25756615,0.003055535,1.026033791,1.003055535
1,50,0.8,0,12,0,0.207207207,0,0.256032539,1589.94409,1,1,1825.970566,0,1,1590.876194,1,1,236.0264765,0.148449545,0.932103825,0.000586249,1.148449545,1.000586249
1,50,0.8,0,10,0,0.403486924,0,0.102892789,1751.519325,1,1,1859.030622,1,1,1859.030622,1,1,107.5112969,0.061381736,107.5112969,0.061381736,1.061381736,1.061381736
1,50,0.8,0,9,0,0.123020706,0,0.040893999,1654.717737,1,1,1821.163352,0,1,1655.85332,1,1,166.4456142,0.100588524,1.135582485,0.00068627,1.100588524,1.00068627
1,50,0.8,0,10,1,1.059431525,0,0.324233744,2343.057384,1,1,2552.548157,1,1,2552.548157,1,1,209.4907731,0.089409152,209.4907731,0.089409152,1.089409152,1.089409152
1,50,0.8,0,10,1,1.682730924,0,0.32465328,2180.752528,1,1,2251.097073,1,1,2251.097073,1,1,70.34454535,0.032257005,70.34454535,0.032257005,1.032257005,1.032257005
1,50,0.8,0,12,0,0.32605042,0,0.25845121,1274.610682,1,1,1390.562765,1,1,1390.562765,1,1,115.9520835,0.090970588,115.9520835,0.090970588,1.090970588,1.090970588
1,50,0.8,0,11,0,0.160686427,0,0.193831548,1303.661275,1,1,1349.923918,1,1,1349.923918,1,1,46.26264299,0.035486705,46.26264299,0.035486705,1.035486705,1.035486705
1,50,0.8,0,9,0,0.348726115,0,0.259231557,1344.266301,1,1,1517.14729,1,1,1517.14729,1,1,172.8809882,0.128606206,172.8809882,0.128606206,1.128606206,1.128606206
1,50,0.8,0,10,0,0.911727617,0,0.282263694,2242.166418,1,1,2358.894628,1,1,2358.894628,1,1,116.7282093,0.052060457,116.7282093,0.052060457,1.052060457,1.052060457
1,50,0.8,0,9,1,1.463302752,0,0.177340154,2480.150944,1,1,2519.558482,1,1,2519.558482,1,1,39.40753827,0.015889169,39.40753827,0.015889169,1.015889169,1.015889169
1,50,0.8,0,11,0,0.9392,0,0.25530695,1844.944256,1,1,1844.944256,1,1,1844.944256,1,1,0,0,0,0,1,1
1,50,0.8,0,10,0,0.9375,0,0.274951991,1932.81531,1,1,2062.607416,1,1,2062.607416,1,1,129.7921058,0.067151841,129.7921058,0.067151841,1.067151841,1.067151841
1,50,0.8,0,11,0,0.329545455,0,0.324432194,1495.711537,1,1,1579.661347,1,1,1579.661347,1,1,83.94980999,0.056127006,83.94980999,0.056127006,1.056127006,1.056127006
1,50,0.8,0,10,1,1.248945148,0,0.326485828,2379.574242,1,1,2592.516561,1,1,2592.516561,1,1,212.9423191,0.089487571,212.9423191,0.089487571,1.089487571,1.089487571
1,50,0.8,0,11,0,0.827160494,0,0.307076165,1585.898895,1,1,1787.072672,1,1,1787.072672,1,1,201.1737773,0.126851578,201.1737773,0.126851578,1.126851578,1.126851578
1,50,0.8,0,10,0,0.056367432,0,0.09965956,963.3012558,1,1,975.727005,1,1,975.727005,1,1,12.42574917,0.012899131,12.42574917,0.012899131,1.012899131,1.012899131
1,50,0.8,0,11,0,0.074183976,0,0.172132737,1352.241223,1,1,1369.99081,1,1,1352.50977,2,1,17.74958673,0.013126051,0.268546412,0.000198594,1.013126051,1.000198594
1,50,0.8,0,9,1,1.478873239,0,0.268958349,2251.677314,1,1,2306.263475,1,1,2251.677314,1,1,54.58616142,0.024242444,0,0,1.024242444,1
1,50,0.8,0,9,0,0.690607735,0,0.025602709,1807.515087,1,1,1939.887533,1,1,1939.887533,1,1,132.3724458,0.07323449,132.3724458,0.07323449,1.07323449,1.07323449
1,50,0.8,0,11,0,0.797448166,0,0.186127931,1692.169371,1,1,1860.399578,1,1,1860.399578,1,1,168.2302065,0.099416884,168.2302065,0.099416884,1.099416884,1.099416884
1,50,0.8,0,13,0,0.837520938,0,0.220353795,1683.636951,1,1,1782.42415,1,1,1782.42415,1,1,98.78719921,0.058674882,98.78719921,0.058674882,1.058674882,1.058674882
1,50,0.8,0,9,0,0.73964497,0,0.064283947,1748.038886,1,1,1792.771269,1,1,1792.771269,1,1,44.73238335,0.025590039,44.73238335,0.025590039,1.025590039,1.025590039
1,50,0.8,0,9,0,0.627352572,0,0.075373621,1921.700006,1,1,2065.313068,1,1,2065.313068,1,1,143.6130621,0.0747323,143.6130621,0.0747323,1.0747323,1.0747323
1,50,0.8,0,12,0,0.982318271,0,0.156373974,1563.928024,1,1,1714.56312,1,1,1714.56312,1,1,150.6350963,0.096318433,150.6350963,0.096318433,1.096318433,1.096318433
1,50,0.8,0,9,0,0.922509225,0,0.199358394,1585.389428,1,1,1740.081737,1,1,1740.081737,1,1,154.6923087,0.097573698,154.6923087,0.097573698,1.097573698,1.097573698
1,50,0.8,0,10,0,0.822368421,0,0.129715801,1656.799754,1,1,1686.721122,1,1,1686.721122,1,1,29.92136789,0.018059737,29.92136789,0.018059737,1.018059737,1.018059737
1,50,0.8,0,8,1,1.207729469,0,0.018626107,2466.835955,2,2,2563.126472,1,2,2480.863952,2,2,96.29051682,0.039034017,14.0279972,0.005686636,1.039034017,1.005686636
1,50,0.8,0,8,0,0.768049155,0,0.215348181,1682.526852,1,1,1991.214694,0,1,1686.198665,1,1,308.6878418,0.183466815,3.671813405,0.002182321,1.183466815,1.002182321
1,50,0.8,0,8,0,0.737463127,0,0.028645937,1732.312493,1,1,1825.06765,1,1,1825.06765,1,1,92.75515677,0.053544125,92.75515677,0.053544125,1.053544125,1.053544125
1,50,0.8,0,10,0,0.691562932,0,0.237282858,1824.731258,1,1,1939.312515,1,1,1939.312515,1,1,114.5812569,0.062793497,114.5812569,0.062793497,1.062793497,1.062793497
1,50,0.8,0,8,0,0.857632933,0,0.005654905,1580.164275,1,1,1580.164275,1,1,1580.164275,1,1,0,0,0,0,1,1
1,50,0.8,0,9,0,0.64516129,0,0.131585214,1889.304047,1,1,2006.310332,1,1,2006.310332,1,1,117.0062849,0.061930892,117.0062849,0.061930892,1.061930892,1.061930892
1,50,0.8,0,11,0,0.662251656,0,0.067369075,1869.726797,1,1,1913.785338,1,1,1869.726797,1,1,44.05854099,0.02356416,0,0,1.02356416,1
1,50,0.8,0,11,0,0.831946755,0,0.009427153,2705.347918,2,2,2711.624065,1,2,2711.624065,1,2,6.276147378,0.002319904,6.276147378,0.002319904,1.002319904,1.002319904
1,50,0.8,0,9,0,0.884955752,0,0.32472489,1609.487374,1,1,1848.253399,1,1,1848.253399,1,1,238.7660255,0.148349114,238.7660255,0.148349114,1.148349114,1.148349114
1,50,0.8,0,9,0,0.834724541,0,0.069994404,2532.651157,1,2,2556.00984,1,2,2556.00984,1,2,23.35868278,0.009223016,23.35868278,0.009223016,1.009223016,1.009223016
1,50,0.8,0,11,0,0.961538462,0,0.331778227,1598.144585,1,1,1644.130651,1,1,1644.130651,1,1,45.98606656,0.02877466,45.98606656,0.02877466,1.02877466,1.02877466
1,50,0.8,0,10,1,1.118568233,0,0.239899867,1543.196524,1,1,1544.037571,1,1,1544.037571,1,1,0.841047007,0.000545003,0.841047007,0.000545003,1.000545003,1.000545003
1,50,0.8,0,10,0,0.865051903,0,0.159541996,1614.509292,1,1,1614.509292,1,1,1614.509292,1,1,0,0,0,0,1,1
1,50,0.8,0,10,0,0.764525994,0,0.321378052,1739.277844,1,1,1910.392483,1,1,1910.392483,1,1,171.1146396,0.098382579,171.1146396,0.098382579,1.098382579,1.098382579
1,50,0.8,0,12,0,0.69735007,0,0.218910861,1817.446242,1,1,1968.894872,1,1,1817.494673,1,1,151.44863,0.083330459,0.048430435,2.66E-05,1.083330459,1.000026648
1,50,0.8,0,10,0,0.644329897,0,0.306418627,1883.455804,1,1,2157.979387,1,1,2157.979387,1,1,274.5235832,0.145755256,274.5235832,0.145755256,1.145755256,1.145755256
1,50,0.8,0,10,0,0.761035008,0,0.229644269,1701.066629,1,1,1880.674951,1,1,1880.674951,1,1,179.6083219,0.105585707,179.6083219,0.105585707,1.105585707,1.105585707
1,50,0.8,0,11,0,0.651041667,0,0.075583488,1886.366338,1,1,1994.544552,1,1,1994.544552,1,1,108.1782136,0.057347405,108.1782136,0.057347405,1.057347405,1.057347405
1,50,0.8,0,8,0,0.621890547,0,0.143750607,1916.004014,1,1,2015.004013,1,1,2015.004013,1,1,98.99999874,0.051670037,98.99999874,0.051670037,1.051670037,1.051670037
1,50,0.8,0,11,1,1.10864745,0,0.213847894,1550.710133,1,1,1550.710133,1,1,1550.710133,1,1,0,0,0,0,1,1
1,50,0.8,0,10,1,1.014198783,0,0.175617761,1599.154281,1,1,1599.154281,1,1,1599.154281,1,1,0,0,0,0,1,1
1,50,0.8,0,11,0,0.796178344,0,0.069218657,1717.260129,1,1,1717.260129,1,1,1717.260129,1,1,2.27E-13,1.32E-16,2.27E-13,1.32E-16,1,1
1,50,0.8,0,13,0,0.936329588,0,0.216928862,1643.316601,1,1,1692.746102,1,1,1692.746102,1,1,49.42950125,0.03007911,49.42950125,0.03007911,1.03007911,1.03007911
1,50,0.8,0,12,0,0.756429652,0,0.122167112,1762.52035,1,1,1799.932408,1,1,1799.932408,1,1,37.41205759,0.021226454,37.41205759,0.021226454,1.021226454,1.021226454
1,50,0.8,0,9,0,0.826446281,0,0.107153444,1652.866105,1,1,1755.54488,1,1,1755.54488,1,1,102.6787747,0.062121653,102.6787747,0.062121653,1.062121653,1.062121653
1,50,0.8,0,9,0,0.881834215,0,0.002292298,2623.477403,2,2,2674.34895,1,2,2623.477403,2,2,50.87154747,0.019390885,0,0,1.019390885,1
1,50,0.8,0,11,0,0.619578686,0,0.212630963,1937.366318,1,1,2109.080458,1,1,2109.080458,1,1,171.7141397,0.088632768,171.7141397,0.088632768,1.088632768,1.088632768
1,50,0.8,0,12,0,0.602409639,0,0.264504264,1968.409403,1,1,2232.984365,1,1,2232.984365,1,1,264.574962,0.134410536,264.574962,0.134410536,1.134410536,1.134410536
1,50,0.8,0,9,0,0.690607735,0,0.053766287,1814.244579,1,1,1961.982555,1,1,1961.982555,1,1,147.737976,0.081432227,147.737976,0.081432227,1.081432227,1.081432227
1,50,0.8,0,10,0,0.693481276,0,0.150697162,1804.637109,1,1,1868.389113,1,1,1868.389113,1,1,63.75200337,0.035326772,63.75200337,0.035326772,1.035326772,1.035326772
1,50,0.8,0,12,0,0.550660793,0,0.1107065,2095.951372,1,1,2177.913919,1,1,2177.913919,1,1,81.96254712,0.039105176,81.96254712,0.039105176,1.039105176,1.039105176
1,50,0.8,0,11,0,0.683060109,0,0.064207514,1827.344091,1,1,1886.653783,1,1,1886.653783,1,1,59.30969251,0.032456773,59.30969251,0.032456773,1.032456773,1.032456773
1,50,0.8,0,9,0,0.663129973,0,0.281111502,1837.906139,1,1,2122.160662,1,1,2122.160662,1,1,284.2545226,0.154662154,284.2545226,0.154662154,1.154662154,1.154662154
1,50,0.8,0,9,0,0.764525994,0,0.106636579,1737.858489,1,1,1840.824275,1,1,1737.989951,1,1,102.9657856,0.059248659,0.131461145,7.56E-05,1.059248659,1.000075645
1,50,0.8,0,13,1,1.118568233,0,0.198310912,1562.482904,1,1,1562.482904,1,1,1562.482904,1,1,0,0,0,0,1,1
1,50,0.8,0,10,0,0.789889415,0,0.018822321,1689.253473,1,1,1775.667776,1,1,1775.667776,1,1,86.4143031,0.051155321,86.4143031,0.051155321,1.051155321,1.051155321
1,50,0.8,0,10,0,0.844594595,0,0.283190988,1627.650991,1,1,1916.100264,1,1,1916.100264,1,1,288.449273,0.177218135,288.449273,0.177218135,1.177218135,1.177218135
1,50,0.8,0,12,0,0.636942675,0,0.126973393,1893.542883,1,1,2145.455111,1,1,1901.72255,1,1,251.9122277,0.133037509,8.17966744,0.004319769,1.133037509,1.004319769
1,50,0.8,0,9,0,0.802568218,0,0.24584441,1696.386939,1,1,1774.568876,1,1,1774.568876,1,1,78.18193705,0.046087325,78.18193705,0.046087325,1.046087325,1.046087325
1,50,0.8,0,9,0,0.865051903,0,0.122028618,1637.372086,1,1,1731.885536,1,1,1731.885536,1,1,94.51345005,0.057722646,94.51345005,0.057722646,1.057722646,1.057722646
1,50,0.8,0,12,0,0.961538462,0,0.223361001,1619.160579,1,1,1619.160579,1,1,1619.160579,1,1,0,0,0,0,1,1
1,50,0.8,0,10,0,0.802568218,0,0.04272991,1703.474105,1,1,1716.947971,1,1,1703.474105,1,1,13.4738651,0.007909639,2.27E-13,1.33E-16,1.007909639,1
1,50,0.8,0,9,1,1.057082452,0,0.270387952,1521.43152,1,1,1585.959125,1,1,1585.959125,1,1,64.52760501,0.042412428,64.52760501,0.042412428,1.042412428,1.042412428
1,50,0.8,0,9,0,0.700280112,0,0.068997113,1801.255682,1,1,1844.293173,1,1,1844.293173,1,1,43.03749147,0.02389305,43.03749147,0.02389305,1.02389305,1.02389305
1,50,0.8,0,9,0,0.707213579,0,0.298640971,1776.379067,1,1,2119.959135,0,1,1776.379067,1,1,343.5800689,0.193415964,0,0,1.193415964,1
1,50,0.8,0,10,0,0.716332378,0,0.302762878,1775.052103,1,1,2001.958606,1,1,2001.958606,1,1,226.9065029,0.127830897,226.9065029,0.127830897,1.127830897,1.127830897
1,50,0.8,0,12,0,0.647668394,0,0.289842565,1884.817567,1,1,2073.203244,1,1,2073.203244,1,1,188.3856772,0.099949025,188.3856772,0.099949025,1.099949025,1.099949025
1,50,0.8,0,12,0,0.686813187,0,0.230064106,1835.487338,1,1,1989.66775,1,1,1835.513725,1,1,154.1804123,0.083999714,0.026386846,1.44E-05,1.083999714,1.000014376
1,50,0.8,0,9,0,0.892857143,0,0.252966225,1646.12635,1,1,1683.461832,1,1,1683.461832,1,1,37.33548155,0.022680812,37.33548155,0.022680812,1.022680812,1.022680812
1,50,0.8,0,11,0,0.816993464,0,0.305374928,1681.057281,1,1,1804.237992,1,1,1804.237992,1,1,123.1807114,0.073275737,123.1807114,0.073275737,1.073275737,1.073275737
1,50,0.8,0,12,0,0.713266762,0,0.127543845,1807.986703,1,1,1840.3491,1,1,1840.3491,1,1,32.36239636,0.017899687,32.36239636,0.017899687,1.017899687,1.017899687
1,50,0.8,0,9,1,1.086956522,0,0.261647523,1616.94023,1,1,1661.982601,1,1,1661.982601,1,1,45.04237049,0.027856546,45.04237049,0.027856546,1.027856546,1.027856546
1,50,0.8,0,10,1,1.061571125,0,0.245887817,1631.188955,1,1,1631.188955,1,1,1631.188955,1,1,0,0,0,0,1,1
1,50,0.8,0,9,1,1.035196687,0,0.153720078,1607.08416,1,1,1607.08416,1,1,1607.08416,1,1,-2.27E-13,-1.41E-16,-2.27E-13,-1.41E-16,1,1
1,50,0.8,0,11,0,0.639386189,0,0.009961155,1901.937142,1,1,2011.599832,1,1,1901.937142,1,1,109.6626903,0.05765842,0,0,1.05765842,1
1,50,0.8,0,10,0,0.689655172,0,0.088585387,1791.221024,1,1,1905.519353,1,1,1905.519353,1,1,114.2983291,0.063810288,114.2983291,0.063810288,1.063810288,1.063810288
1,50,0.8,0,9,0,0.982318271,0,0.051468633,2464.000263,1,2,2464.000263,1,2,2464.000263,1,2,0,0,0,0,1,1
1,50,0.8,0,9,0,0.946969697,0,0.238546251,1611.258526,1,1,1641.799011,1,1,1641.799011,1,1,30.54048486,0.018954429,30.54048486,0.018954429,1.018954429,1.018954429
1,50,0.8,0,11,1,1.043841336,0,0.03954062,2507.518269,2,2,2524.562146,1,2,2515.362729,2,2,17.04387653,0.00679711,7.844459772,0.003128376,1.00679711,1.003128376
1,50,0.8,0,13,0,0.699300699,0,0.103432916,1804.652392,1,1,1954.551743,1,1,1954.551743,1,1,149.8993514,0.083062728,149.8993514,0.083062728,1.083062728,1.083062728
1,50,0.8,0,10,1,1.063829787,0,0.194542909,1535.528819,1,1,1535.528819,1,1,1535.528819,1,1,0,0,0,0,1,1
1,50,0.8,0,11,0,0.740740741,0,0.011882647,1749.442432,1,1,1798.11007,1,1,1798.11007,1,1,48.66763797,0.027818942,48.66763797,0.027818942,1.027818942,1.027818942
1,50,0.8,0,9,0,0.659630607,0,0.03066163,1866.026976,1,1,1918.067926,1,1,1918.067926,1,1,52.04094999,0.027888638,52.04094999,0.027888638,1.027888638,1.027888638
1,50,0.8,0,9,0,0.778816199,0,0.012709313,1671.586302,1,1,1818.63288,1,1,1818.63288,1,1,147.0465772,0.087968283,147.0465772,0.087968283,1.087968283,1.087968283
1,50,0.8,0,11,0,0.672043011,0,0.152201841,1836.806131,1,1,1970.273004,1,1,1970.273004,1,1,133.466873,0.072662471,133.466873,0.072662471,1.072662471,1.072662471
1,50,0.8,0,10,0,0.904159132,0,0.308043584,1641.482144,1,1,1766.613805,1,1,1766.613805,1,1,125.1316617,0.0762309,125.1316617,0.0762309,1.0762309,1.0762309
1,50,0.8,0,8,0,0.980392157,0,0.314790054,1565.088169,1,1,1565.088169,1,1,1565.088169,1,1,0,0,0,0,1,1
1,50,0.8,0,8,0,0.965250965,0,0.076110931,1559.477929,1,1,1637.557208,1,1,1637.557208,1,1,78.07927932,0.050067576,78.07927932,0.050067576,1.050067576,1.050067576
1,50,0.8,0,11,0,0.690607735,0,0.060402887,1816.981656,1,1,1888.920048,1,1,1888.920048,1,1,71.93839221,0.03959225,71.93839221,0.03959225,1.03959225,1.03959225
1,50,0.8,0,9,1,1,0,0.150383211,2538.509526,1,2,2538.509526,1,2,2538.509526,1,2,0,0,0,0,1,1
1,50,0.8,0,9,0,0.621118012,0,0.151523401,1928.691934,1,1,2190.978999,1,1,2190.978999,1,1,262.2870651,0.135992203,262.2870651,0.135992203,1.135992203,1.135992203
1,50,0.8,0,10,0,0.748502994,0,0.040032172,1724.421155,1,1,1840.916864,1,1,1840.916864,1,1,116.4957095,0.067556414,116.4957095,0.067556414,1.067556414,1.067556414
1,50,0.8,0,11,0,0.84317032,0,0.082096392,1670.610804,1,1,1686.132083,1,1,1686.132083,1,1,15.52127843,0.009290781,15.52127843,0.009290781,1.009290781,1.009290781
1,50,0.8,0,10,0,0.922509225,0,0.312661733,1602.10748,1,1,1796.69247,1,1,1796.69247,1,1,194.5849891,0.12145564,194.5849891,0.12145564,1.12145564,1.12145564
1,50,0.8,0,10,0,0.716332378,0,0.182055912,1773.776147,1,1,1941.736391,1,1,1941.736391,1,1,167.960244,0.094690778,167.960244,0.094690778,1.094690778,1.094690778
1,50,0.8,0,10,1,1.096491228,0,0.223487909,1509.7568,1,1,1529.216259,1,1,1529.216259,1,1,19.45945925,0.012889135,19.45945925,0.012889135,1.012889135,1.012889135
1,50,0.8,0,10,0,0.606060606,0,0.206776372,1973.772074,1,1,2069.416433,1,1,2069.416433,1,1,95.64435967,0.048457652,95.64435967,0.048457652,1.048457652,1.048457652
1,50,0.8,0,9,0,0.99009901,0,0.253294555,1552.288951,1,1,1719.66711,1,1,1719.66711,1,1,167.3781582,0.107826676,167.3781582,0.107826676,1.107826676,1.107826676
1,50,0.8,0,9,0,0.950570342,0,0.291621319,1582.203076,1,1,1748.733466,1,1,1748.733466,1,1,166.5303896,0.105252222,166.5303896,0.105252222,1.105252222,1.105252222
1,50,0.8,0,8,0,0.628930818,0,0.244266549,1906.308384,1,1,2171.630888,1,1,1912.668668,1,1,265.3225045,0.139181313,6.360284825,0.003336441,1.139181313,1.003336441
1,50,0.8,0,7,0,0.872600349,0,0.277601824,1656.183381,1,1,1753.164396,1,1,1753.164396,1,1,96.98101422,0.05855693,96.98101422,0.05855693,1.05855693,1.05855693
1,50,0.8,0,9,0,0.69735007,0,0.314941913,1802.399408,1,1,2034.708978,1,1,2034.708978,1,1,232.3095694,0.128889062,232.3095694,0.128889062,1.128889062,1.128889062
1,50,0.8,0,9,0,0.548245614,0,0.093363471,2105.842233,1,1,2165.794607,1,1,2165.794607,1,1,59.95237427,0.028469547,59.95237427,0.028469547,1.028469547,1.028469547
1,50,0.8,0,11,0,0.737463127,0,0.073732581,1751.295773,1,1,1787.722714,1,1,1787.722714,1,1,36.42694082,0.020799994,36.42694082,0.020799994,1.020799994,1.020799994
1,50,0.8,0,10,0,0.737463127,0,0.21527292,1762.248737,1,1,1923.170545,1,1,1923.170545,1,1,160.921808,0.091316172,160.921808,0.091316172,1.091316172,1.091316172
1,50,0.8,0,10,0,0.765696784,0,0.255695054,1725.841392,1,1,1924.348426,1,1,1924.348426,1,1,198.5070339,0.115020439,198.5070339,0.115020439,1.115020439,1.115020439
1,50,0.8,0,11,0,0.874125874,0,0.176007203,1667.119642,1,1,1697.398545,1,1,1697.398545,1,1,30.27890343,0.018162406,30.27890343,0.018162406,1.018162406,1.018162406
1,50,0.8,0,8,0,0.585480094,0,0.153391013,2008.42261,1,1,2116.776495,1,1,2116.776495,1,1,108.3538854,0.053949744,108.3538854,0.053949744,1.053949744,1.053949744
1,50,0.8,0,9,1,1.133786848,0,0.129130834,2446.923384,1,2,2446.923384,1,2,2446.923384,1,2,0,0,0,0,1,1
1,50,0.8,0,9,0,0.844594595,0,0.101605645,1634.636498,1,1,1774.394898,1,1,1774.394898,1,1,139.7583993,0.085498152,139.7583993,0.085498152,1.085498152,1.085498152
1,50,0.8,0,8,0,0.8,0,0.318664541,1656.610767,1,1,1888.832451,1,1,1888.832451,1,1,232.2216836,0.140178784,232.2216836,0.140178784,1.140178784,1.140178784
1,50,0.8,0,10,1,1.035196687,0,0.070962606,2553.070571,2,2,2582.964741,1,2,2557.082769,2,2,29.89417028,0.011709105,4.012198257,0.001571519,1.011709105,1.001571519
1,50,0.8,0,10,0,0.965250965,0,0.07411873,2609.937801,2,2,2691.384769,1,2,2613.433771,2,2,81.44696727,0.031206478,3.495969322,0.001339484,1.031206478,1.001339484
1,50,0.8,0,8,1,1.154734411,0,0.170738262,1463.608258,1,1,1463.608258,1,1,1463.608258,1,1,0,0,0,0,1,1
1,50,0.8,0,10,0,0.740740741,0,0.078878203,1743.099468,1,1,1807.566099,1,1,1807.566099,1,1,64.46663155,0.036983909,64.46663155,0.036983909,1.036983909,1.036983909
1,50,0.8,0,10,0,0.881834215,0,0.100911805,2598.955489,2,1,2667.409074,1,2,2631.070719,2,2,68.45358484,0.026338883,32.11522999,0.012356976,1.026338883,1.012356976
1,50,0.8,0,9,0,0.912408759,0,0.112102902,1601.623664,1,1,1673.469443,1,1,1673.469443,1,1,71.84577928,0.044858091,71.84577928,0.044858091,1.044858091,1.044858091
1,50,0.8,0,8,0,0.627352572,0,0.013988659,1916.815486,1,1,1978.543667,1,1,1978.543667,1,1,61.72818113,0.032203507,61.72818113,0.032203507,1.032203507,1.032203507
1,50,0.8,0,11,0,0.729927007,0,0.282736209,1787.291319,1,1,1920.444269,1,1,1920.444269,1,1,133.1529492,0.074499858,133.1529492,0.074499858,1.074499858,1.074499858
1,50,0.8,0,10,0,0.706214689,0,0.314082996,1799.322886,1,1,1890.509326,1,1,1890.509326,1,1,91.18643918,0.050678197,91.18643918,0.050678197,1.050678197,1.050678197
1,50,0.8,0,10,0,0.621118012,0,0.29512355,1945.685491,1,1,2071.844132,1,1,2071.844132,1,1,126.1586407,0.064840202,126.1586407,0.064840202,1.064840202,1.064840202
1,50,0.8,0,11,0,0.745156483,0,0.089038925,1768.558908,1,1,1768.558908,1,1,1768.558908,1,1,0,0,0,0,1,1
1,50,0.8,0,11,0,0.688705234,0,0.303365648,1830.864062,1,1,2027.204085,1,1,2027.204085,1,1,196.3400229,0.107238995,196.3400229,0.107238995,1.107238995,1.107238995
0,50,0.2,0,12,0,0.950570342,0,0.082328451,1619.478151,1,1,1653.681495,1,1,1653.681495,1,1,34.20334393,0.021119979,34.20334393,0.021119979,1.021119979,1.021119979
0,50,0.2,0,11,0,0.651890482,1,0.550741374,1862.68327,1,1,2218.804739,0,1,1870.06069,1,1,356.1214689,0.191187345,7.377419852,0.003960641,1.191187345,1.003960641
0,50,0.2,0,9,0,0.619578686,1,0.517998685,1935.074512,1,1,2291.496017,0,1,1935.661475,1,1,356.4215055,0.184190068,0.586962925,0.000303328,1.184190068,1.000303328
0,50,0.2,0,10,0,0.611246944,1,0.495441063,1958.474511,1,1,2194.744981,1,1,2194.744981,1,1,236.2704699,0.120640054,236.2704699,0.120640054,1.120640054,1.120640054
0,50,0.2,0,8,1,1,1,0.508672609,1570.695974,1,1,1570.695974,1,1,1570.695974,1,1,0,0,0,0,1,1
0,50,0.2,0,11,0,0.854700855,1,0.338898456,1648.648969,1,1,1840.757525,1,1,1840.757525,1,1,192.1085557,0.116524839,192.1085557,0.116524839,1.116524839,1.116524839
0,50,0.2,0,10,0,0.618046972,1,0.400310487,1941.531636,1,1,2033.674943,1,1,2033.674943,1,1,92.1433068,0.047459081,92.1433068,0.047459081,1.047459081,1.047459081
0,50,0.2,0,9,0,0.838926174,1,0.489913034,1703.221857,1,1,1773.566285,1,1,1773.566285,1,1,70.34442802,0.041300802,70.34442802,0.041300802,1.041300802,1.041300802
0,50,0.2,0,10,1,1.096491228,1,0.344131124,1623.79068,1,1,1623.79068,1,1,1623.79068,1,1,0,0,0,0,1,1
0,50,0.2,0,10,0,0.954198473,1,0.441628932,1573.344742,1,1,1761.445162,1,1,1761.445162,1,1,188.10042,0.119554485,188.10042,0.119554485,1.119554485,1.119554485
0,50,0.2,0,9,1,1.037344398,1,0.641903215,1573.002073,1,1,1727.890763,1,1,1727.890763,1,1,154.8886902,0.098466933,154.8886902,0.098466933,1.098466933,1.098466933
0,50,0.2,0,11,1,1.136363636,1,0.573569118,1570.023416,1,1,1630.608701,1,1,1630.608701,1,1,60.58528478,0.038588778,60.58528478,0.038588778,1.038588778,1.038588778
0,50,0.2,0,8,0,0.822368421,1,0.457098618,1639.362165,1,1,2071.072663,0,1,1652.002137,1,1,431.7104976,0.263340528,12.6399714,0.007710298,1.263340528,1.007710298
0,50,0.2,0,9,1,1.030927835,1,0.45177247,1609.776505,1,1,1858.759681,1,1,1858.759681,1,1,248.983177,0.154669407,248.983177,0.154669407,1.154669407,1.154669407
0,50,0.2,0,11,1,1.096491228,1,0.35523646,1529.216259,1,1,1616.965621,1,1,1616.965621,1,1,87.749362,0.057381918,87.749362,0.057381918,1.057381918,1.057381918
0,50,0.2,0,8,0,0.64516129,1,0.850725644,1878.782914,1,1,2266.500636,0,1,1887.014771,1,1,387.7177222,0.20636643,8.231857559,0.004381484,1.20636643,1.004381484
0,50,0.2,0,9,0,0.81300813,1,0.593989468,1688.769685,1,1,1688.769685,1,1,1688.769685,1,1,0,0,0,0,1,1
0,50,0.2,0,9,1,1.057082452,1,0.647283632,1555.541427,1,1,1640.720545,1,1,1640.720545,1,1,85.17911795,0.054758502,85.17911795,0.054758502,1.054758502,1.054758502
0,50,0.2,0,11,0,0.561167228,1,0.415481675,2060.478833,1,1,2284.720273,1,1,2284.720273,1,1,224.2414402,0.108829771,224.2414402,0.108829771,1.108829771,1.108829771
0,50,0.2,0,9,0,0.730994152,1,0.407482815,1750.352796,1,1,2139.97061,0,1,1750.352796,1,1,389.6178137,0.222593876,0,0,1.222593876,1
0,50,0.2,0,11,0,0.676589986,1,0.53895882,1836.907239,1,1,1959.314842,1,1,1959.314842,1,1,122.4076025,0.066637879,122.4076025,0.066637879,1.066637879,1.066637879
0,50,0.2,0,9,0,0.606796117,1,0.493859855,1960.20384,1,1,2295.898007,0,1,1960.221616,1,1,335.6941665,0.171254723,0.017776106,9.07E-06,1.171254723,1.000009068
0,50,0.2,0,10,0,0.749625187,1,0.549503513,1746.650735,1,1,1944.187156,1,1,1944.187156,1,1,197.5364214,0.113094403,197.5364214,0.113094403,1.113094403,1.113094403
0,50,0.2,0,9,0,0.548245614,1,0.415176147,2108.475064,1,1,2288.084043,1,1,2288.084043,1,1,179.6089792,0.085184303,179.6089792,0.085184303,1.085184303,1.085184303
0,50,0.2,0,10,0,0.818330606,1,0.655232817,1699.275247,1,1,1891.587802,1,1,1891.587802,1,1,192.3125547,0.113173281,192.3125547,0.113173281,1.113173281,1.113173281
0,50,0.2,0,10,0,0.64516129,1,0.53928282,1892.168158,1,1,2147.094491,1,1,2147.094491,1,1,254.9263333,0.134727102,254.9263333,0.134727102,1.134727102,1.134727102
0,50,0.2,0,10,0,0.627352572,1,0.408377791,1917.499147,1,1,2224.051423,1,1,2224.051423,1,1,306.5522765,0.15987088,306.5522765,0.15987088,1.15987088,1.15987088
0,50,0.2,0,11,0,0.899280576,1,0.522260186,1658.783264,1,1,1790.922942,1,1,1790.922942,1,1,132.1396775,0.079660604,132.1396775,0.079660604,1.079660604,1.079660604
0,50,0.2,0,11,0,0.686813187,1,0.353356304,1840.636512,1,1,2000.043952,1,1,2000.043952,1,1,159.4074396,0.086604519,159.4074396,0.086604519,1.086604519,1.086604519
0,50,0.2,0,9,1,1.138952164,1,0.561036318,1583.494345,1,1,1583.494345,1,1,1583.494345,1,1,0,0,0,0,1,1
0,50,0.2,0,9,1,1.118568233,0,0.185096359,1515.654325,1,1,1515.654325,1,1,1515.654325,1,1,0,0,0,0,1,1
0,50,0.2,0,9,0,0.702247191,0,0.258336581,1795.750666,1,1,1958.348264,1,1,1958.348264,1,1,162.5975976,0.090545754,162.5975976,0.090545754,1.090545754,1.090545754
0,50,0.2,0,9,1,1.141552511,0,0.106094192,2475.50352,2,1,2475.50352,1,2,2475.50352,1,2,0,0,0,0,1,1
0,50,0.2,0,8,0,0.594530321,0,0.218584203,1992.63074,1,1,2079.73516,1,1,2079.73516,1,1,87.10442057,0.043713278,87.10442057,0.043713278,1.043713278,1.043713278
0,50,0.2,0,10,1,1.091703057,0,0.061059574,2569.266142,2,2,2656.729705,1,2,2569.507016,2,2,87.46356382,0.034042236,0.240874336,9.38E-05,1.034042236,1.000093752
0,50,0.2,0,12,0,0.693481276,0,0.299902087,1832.833387,1,1,1979.835194,1,1,1979.835194,1,1,147.001807,0.080204675,147.001807,0.080204675,1.080204675,1.080204675
0,50,0.2,0,11,0,0.775193798,0,0.291913827,1744.198737,1,1,1856.0695,1,1,1856.0695,1,1,111.8707627,0.064138771,111.8707627,0.064138771,1.064138771,1.064138771
0,50,0.2,0,9,0,0.897666068,0,0.183727523,1627.690576,1,1,1807.501829,1,1,1807.501829,1,1,179.8112531,0.110470169,179.8112531,0.110470169,1.110470169,1.110470169
0,50,0.2,0,9,0,0.718390805,0,0.115305369,1785.617496,1,1,1906.385309,1,1,1906.385309,1,1,120.7678135,0.067633641,120.7678135,0.067633641,1.067633641,1.067633641
0,50,0.2,0,10,0,0.683994528,0,0.100720613,1832.54841,1,1,1938.758139,1,1,1938.758139,1,1,106.2097282,0.057957393,106.2097282,0.057957393,1.057957393,1.057957393
0,50,0.2,0,9,1,1.063829787,0,0.161009406,1548.463958,1,1,1561.334051,1,1,1561.334051,1,1,12.87009288,0.008311522,12.87009288,0.008311522,1.008311522,1.008311522
0,50,0.2,0,10,0,0.823723229,0,0.060957154,1676.996609,1,1,1676.996609,1,1,1676.996609,1,1,0,0,0,0,1,1
0,50,0.2,0,10,1,1.222493888,0,0.00828055,1495.052268,1,1,1495.052268,1,1,1495.052268,1,1,0,0,0,0,1,1
0,50,0.2,0,9,0,0.534188034,0,0.275575329,2148.732645,1,1,2272.19782,1,1,2272.19782,1,1,123.4651751,0.057459533,123.4651751,0.057459533,1.057459533,1.057459533
0,50,0.2,0,10,0,0.644329897,0,0.008222017,1893.220158,1,1,1956.502575,1,1,1956.502575,1,1,63.28241702,0.03342581,63.28241702,0.03342581,1.03342581,1.03342581
0,50,0.2,0,10,0,0.939849624,0,0.062142058,1587.748443,1,1,1587.748443,1,1,1587.748443,1,1,0,0,0,0,1,1
0,50,0.2,0,10,0,0.88028169,0,0.258326916,1649.194348,1,1,1706.885231,1,1,1706.885231,1,1,57.69088298,0.034981252,57.69088298,0.034981252,1.034981252,1.034981252
0,50,0.2,0,9,0,0.610500611,0,0.141252456,1961.695339,1,1,2043.21158,1,1,2043.21158,1,1,81.5162407,0.041553976,81.5162407,0.041553976,1.041553976,1.041553976
0,50,0.2,0,10,0,0.917431193,0,0.04936324,1580.246995,1,1,1580.246995,1,1,1580.246995,1,1,2.99E-08,1.89E-11,2.99E-08,1.89E-11,1,1
0,50,0.2,0,8,1,1.388888889,0,0.094519361,1454.162776,1,1,1458.440767,1,1,1458.440767,1,1,4.277991597,0.002941893,4.277991597,0.002941893,1.002941893,1.002941893
0,50,0.2,0,10,0,0.829187396,0,0.288634481,1668.942301,1,1,1815.226244,1,1,1815.226244,1,1,146.2839425,0.087650689,146.2839425,0.087650689,1.087650689,1.087650689
0,50,0.2,0,9,1,1.17370892,0,0.121124585,1493.575106,1,1,1493.575106,1,1,1493.575106,1,1,0,0,0,0,1,1
0,50,0.2,0,10,0,0.900900901,0,0.07890715,1585.389428,1,1,1632.48932,1,1,1632.48932,1,1,47.0998918,0.029708721,47.0998918,0.029708721,1.029708721,1.029708721
0,50,0.2,0,8,0,0.766871166,0,0.063047812,1684.018987,1,1,1900.006682,1,1,1900.006682,1,1,215.987695,0.12825728,215.987695,0.12825728,1.12825728,1.12825728
0,50,0.2,0,9,0,0.841750842,0,0.24338921,1687.322962,1,1,1771.597964,1,1,1771.597964,1,1,84.27500182,0.049945982,84.27500182,0.049945982,1.049945982,1.049945982
0,50,0.2,0,11,0,0.667556742,0,0.128685504,1854.055063,1,1,1967.603039,1,1,1967.603039,1,1,113.5479754,0.061243044,113.5479754,0.061243044,1.061243044,1.061243044
0,50,0.2,0,9,1,1.154734411,0,0.055485666,1499.542025,1,1,1499.542025,1,1,1499.542025,1,1,0,0,0,0,1,1
0,50,0.2,0,11,0,0.688705234,0,0.244704139,1830.864062,1,1,1960.923706,1,1,1840.512252,1,1,130.0596438,0.071037302,9.648189892,0.005269747,1.071037302,1.005269747
0,50,0.2,0,10,0,0.711237553,0,0.294658542,1796.19279,1,1,1870.857844,1,1,1870.857844,1,1,74.6650546,0.041568508,74.6650546,0.041568508,1.041568508,1.041568508
0,50,0.2,0,9,0,0.68119891,0,0.326215849,1818.85569,1,1,1985.01764,1,1,1985.01764,1,1,166.1619507,0.091355214,166.1619507,0.091355214,1.091355214,1.091355214
0,50,0.2,0,9,0,0.587544066,0,0.100567033,2009.539998,1,1,2105.311479,1,1,2105.311479,1,1,95.77148131,0.04765841,95.77148131,0.04765841,1.04765841,1.04765841
0,50,0.2,0,8,0,0.914076782,0,0.041028795,1583.204566,1,1,1679.993152,1,1,1679.993152,1,1,96.78858626,0.061134605,96.78858626,0.061134605,1.061134605,1.061134605
0,50,0.2,0,10,0,0.819672131,0,0.011090767,1688.310079,1,1,1688.310079,1,1,1688.310079,1,1,0,0,0,0,1,1
0,50,0.2,0,11,0,0.636942675,0,0.312256648,1903.685742,1,1,2077.921177,1,1,2077.921177,1,1,174.2354348,0.091525314,174.2354348,0.091525314,1.091525314,1.091525314
0,50,0.2,0,10,1,1.012145749,0,0.047051898,2524.059361,1,2,2524.059361,1,2,2524.059361,1,2,0,0,0,0,1,1
0,50,0.2,0,8,0,0.875656743,0,0.108688671,1623.547662,1,1,1623.547662,1,1,1623.547662,1,1,0,0,0,0,1,1
0,50,0.2,0,12,0,0.996015936,0,0.106895535,2597.898123,2,2,2627.944074,1,2,2608.121467,2,2,30.04595114,0.011565485,10.22334417,0.003935237,1.011565485,1.003935237
0,10,0.2,1,44,0,0.703816794,0,0.060461782,2670.692538,2,2,2742.371615,1,2,2670.692538,2,2,71.67907776,0.026839135,0,0,1.026839135,1
0,10,0.2,1,45,0,0.6695747,1,0.671584719,2252.951443,1,1,2546.037843,1,1,2546.037843,1,1,293.0864004,0.130089977,293.0864004,0.130089977,1.130089977,1.130089977
0,10,0.2,1,47,0,0.9371293,1,0.456504756,2416.54581,1,1,2604.264476,1,1,2604.264476,1,1,187.7186663,0.077680574,187.7186663,0.077680574,1.077680574,1.077680574
0,10,0.2,1,48,0,0.672413793,0,0.026293605,2986.007418,2,2,3100.527982,1,2,2993.875942,2,2,114.5205635,0.038352404,7.868523471,0.002635132,1.038352404,1.002635132
0,10,0.2,1,52,0,0.346278317,0,0.301869884,1972.467154,1,1,2070.831183,1,1,2070.831183,1,1,98.36402858,0.049868526,98.36402858,0.049868526,1.049868526,1.049868526
0,10,0.2,1,51,0,0.697568389,0,0.195055571,1692.357718,1,1,1784.358046,1,1,1784.358046,1,1,92.0003279,0.054362223,92.0003279,0.054362223,1.054362223,1.054362223
0,10,0.2,1,50,1,1.045502646,0,0.04972469,4898.230102,2,2,5026.463942,1,2,4900.837259,2,2,128.2338398,0.026179628,2.607157418,0.000532265,1.026179628,1.000532265
0,10,0.2,1,50,0,0.027554535,1,0.949675718,1742.706479,1,1,1951.089752,0,1,1743.134557,1,1,208.3832735,0.11957451,0.428078844,0.00024564,1.11957451,1.00024564
0,10,0.2,1,45,0,0.657725322,1,0.42187735,2277.496283,1,1,2435.088305,1,1,2435.088305,1,1,157.5920228,0.069195293,157.5920228,0.069195293,1.069195293,1.069195293
0,10,0.2,1,48,1,1.143780291,1,0.429141447,2077.600333,1,1,2142.76251,1,1,2142.76251,1,1,65.16217786,0.031364155,65.16217786,0.031364155,1.031364155,1.031364155
0,10,0.2,1,47,0,0.1994003,1,0.699567962,1370.728852,1,1,1431.297442,1,1,1431.297442,1,1,60.56858989,0.044187142,60.56858989,0.044187142,1.044187142,1.044187142
0,10,0.2,1,46,1,1.272268908,1,0.916726781,2158.26434,1,1,2324.912868,1,1,2324.912868,1,1,166.6485276,0.077214141,166.6485276,0.077214141,1.077214141,1.077214141
0,10,0.2,1,50,0,0.549626467,1,0.770998683,2167.218793,1,1,2486.459226,1,1,2486.459226,1,1,319.2404327,0.147304201,319.2404327,0.147304201,1.147304201,1.147304201
0,10,0.2,1,50,0,0.357643759,1,0.346355206,1536.304976,1,1,1724.2298,1,1,1724.2298,1,1,187.9248236,0.122322603,187.9248236,0.122322603,1.122322603,1.122322603
0,10,0.2,1,54,0,0.15047619,1,0.404461807,1087.223157,1,1,1126.421544,1,1,1126.421544,1,1,39.19838696,0.036053672,39.19838696,0.036053672,1.036053672,1.036053672
0,10,0.2,1,51,0,0.64738806,1,0.864298464,1448.306268,1,1,1520.519256,1,1,1520.519256,1,1,72.21298834,0.049860302,72.21298834,0.049860302,1.049860302,1.049860302
0,10,0.2,1,52,0,0.974063401,1,0.443200059,2081.682312,1,1,2292.5219,1,1,2292.5219,1,1,210.8395886,0.101283269,210.8395886,0.101283269,1.101283269,1.101283269
0,10,0.2,1,48,1,1.099883856,1,0.94628748,2682.787168,1,1,3168.019782,0,1,2682.787168,1,1,485.2326138,0.180868844,2.68E-07,1.00E-10,1.180868844,1
0,10,0.2,1,49,0,0.623188406,0,0.167959524,1569.138009,1,1,1610.871068,1,1,1610.871068,1,1,41.73305875,0.026596168,41.73305875,0.026596168,1.026596168,1.026596168
0,10,0.2,1,46,0,0.96812749,1,0.352445086,2225.930024,1,1,2357.742864,1,1,2357.742864,1,1,131.8128398,0.059216974,131.8128398,0.059216974,1.059216974,1.059216974
0,10,0.2,1,52,0,0.160063391,0,0.314322439,1285.011965,1,1,1387.139867,1,1,1387.139867,1,1,102.1279017,0.079476226,102.1279017,0.079476226,1.079476226,1.079476226
0,10,0.2,1,48,0,0.919791667,0,0.25134396,2695.339161,1,1,2769.0732,1,1,2769.0732,1,1,73.73403895,0.027356126,73.73403895,0.027356126,1.027356126,1.027356126
0,10,0.2,1,49,0,0.848451327,1,0.983951611,2446.385061,1,1,2887.126439,0,1,2446.385061,1,1,440.7413776,0.180160264,2.45E-07,1.00E-10,1.180160264,1
0,10,0.2,1,47,0,0.624172185,0,0.313898718,1521.529408,1,1,1633.563115,1,1,1633.563115,1,1,112.0337073,0.073632298,112.0337073,0.073632298,1.073632298,1.073632298
0,10,0.2,1,51,0,0.90248566,1,0.555901831,1622.911166,1,1,1811.180052,1,1,1811.180052,1,1,188.2688858,0.116006895,188.2688858,0.116006895,1.116006895,1.116006895
0,10,0.2,1,50,1,1.079491256,0,0.021393543,3594.560521,2,2,3598.453708,2,2,3598.453708,2,2,3.893186791,0.001083077,3.893186791,0.001083077,1.001083077,1.001083077
0,10,0.2,1,45,0,0.543307087,1,0.564614869,1781.393293,1,1,1984.968443,1,1,1984.968443,1,1,203.5751497,0.11427861,203.5751497,0.11427861,1.11427861,1.11427861
0,10,0.2,1,49,1,1.417832168,0,0.304878597,2263.400629,1,1,2271.120936,1,1,2271.120936,1,1,7.720306983,0.003410933,7.720306983,0.003410933,1.003410933,1.003410933
0,10,0.2,1,50,0,0.738598443,0,0.032925244,3660.786363,2,2,3721.071173,1,2,3665.902645,2,2,60.28481007,0.016467721,5.116281624,0.001397591,1.016467721,1.001397591
0,10,0.2,1,49,0,0.527083333,1,0.554453817,2197.392197,1,1,2416.582635,1,1,2416.582635,1,1,219.1904374,0.099750257,219.1904374,0.099750257,1.099750257,1.099750257
0,10,0.2,1,50,0,0.14994233,1,0.506778561,1754.994142,1,1,1872.695924,1,1,1757.217216,2,1,117.7017818,0.067066766,2.223073811,0.001266713,1.067066766,1.001266713
0,10,0.2,1,53,0,0.088319088,0,0.099735692,1410.983605,1,1,1468.732573,1,1,1411.770332,2,1,57.74896808,0.040928164,0.786726641,0.000557573,1.040928164,1.000557573
0,10,0.2,1,50,0,0.509068924,0,0.253892771,1892.254313,1,1,2002.653126,1,1,1892.254314,1,1,110.3988124,0.058342482,1.89E-07,1.00E-10,1.058342482,1
0,10,0.2,1,48,1,1.54723127,1,0.394139252,2518.895901,1,1,2590.610843,1,1,2590.610843,1,1,71.71494218,0.028470784,71.71494218,0.028470784,1.028470784,1.028470784
0,10,0.2,1,50,0,0.679096045,1,0.487518463,2197.416974,1,1,2393.007442,1,1,2393.007442,1,1,195.5904674,0.089009264,195.5904674,0.089009264,1.089009264,1.089009264
0,10,0.2,1,48,0,0.911717496,0,0.243784751,1833.039468,1,1,1899.094788,1,1,1899.094788,1,1,66.05532061,0.036035951,66.05532061,0.036035951,1.036035951,1.036035951
0,10,0.2,1,53,0,0.554195804,1,0.648443653,1414.014476,1,1,1521.729614,1,1,1521.729614,1,1,107.7151386,0.076176829,107.7151386,0.076176829,1.076176829,1.076176829
0,10,0.2,1,51,0,0.23059867,1,0.552143607,1854.141395,1,1,2008.683552,1,1,1864.742242,2,1,154.5421578,0.083349716,10.60084728,0.005717389,1.083349716,1.005717389
0,10,0.2,1,49,1,1.262162162,1,0.531050978,2556.63844,1,1,2792.706042,1,1,2792.706042,1,1,236.0676021,0.092335153,236.0676021,0.092335153,1.092335153,1.092335153
0,10,0.2,1,47,1,1.170731707,0,0.248202701,2302.636789,1,1,2397.517264,1,1,2397.517264,1,1,94.88047518,0.041205142,94.88047518,0.041205142,1.041205142,1.041205142
0,10,0.2,1,49,0,0.788819876,1,0.573816385,2524.093383,1,1,2767.326126,1,1,2767.326126,1,1,243.2327428,0.096364399,243.2327428,0.096364399,1.096364399,1.096364399
0,10,0.2,1,52,1,1.743068392,0,0.256790886,4357.260067,2,2,4457.679007,1,2,4363.72313,2,2,100.4189401,0.02304635,6.463063253,0.001483286,1.02304635,1.001483286
0,10,0.2,1,52,0,0.890909091,0,0.003671391,3720.432406,2,2,3981.345356,1,2,3723.065534,2,2,260.9129496,0.070129738,2.63312803,0.000707748,1.070129738,1.000707748
0,10,0.2,1,51,0,0.816029144,1,0.700824359,1593.353787,1,1,1593.353787,1,1,1593.353787,1,1,0,0,0,0,1,1
0,10,0.2,1,52,0,0.707207207,1,0.981947253,2236.337967,1,1,2697.760568,0,1,2236.554924,1,1,461.4226008,0.206329548,0.216957563,9.70E-05,1.206329548,1.000097015
0,10,0.2,1,49,0,0.724669604,0,0.170536845,2304.26394,1,1,2346.88235,1,1,2346.88235,1,1,42.61841067,0.018495455,42.61841067,0.018495455,1.018495455,1.018495455
0,10,0.2,1,45,1,1.114021572,1,0.573341946,2121.032606,1,1,2272.440233,1,1,2272.440233,1,1,151.4076264,0.071383922,151.4076264,0.071383922,1.071383922,1.071383922
0,10,0.2,1,51,0,0.344428365,0,0.311762313,1490.678217,1,1,1649.092626,1,1,1649.092626,1,1,158.4144088,0.106270023,158.4144088,0.106270023,1.106270023,1.106270023
0,10,0.2,1,50,0,0.332386364,1,0.588401879,1503.990594,1,1,1668.178099,1,1,1668.178099,1,1,164.1875047,0.109167907,164.1875047,0.109167907,1.109167907,1.109167907
0,10,0.2,1,52,0,0.018599562,0,0.169279834,1828.329071,1,1,1833.758782,1,1,1828.328668,2,1,5.429710675,0.002969767,-0.00040367,-2.21E-07,1.002969767,0.999999779
0,10,0.2,1,46,0,0.646496815,1,0.836813117,2287.206044,1,1,2638.720123,1,1,2638.720123,1,1,351.514079,0.153687107,351.514079,0.153687107,1.153687107,1.153687107
0,10,0.2,1,48,0,0.485010707,1,0.966069797,2099.703948,1,1,2473.387835,0,1,2100.443481,1,1,373.6838862,0.177969797,0.739533134,0.000352208,1.177969797,1.000352208
0,10,0.2,1,48,0,0.797188755,1,0.653966975,1511.432567,1,1,1515.078377,1,1,1515.078377,1,1,3.645810307,0.002412155,3.645810307,0.002412155,1.002412155,1.002412155
0,10,0.2,1,50,1,1.168758717,1,0.722501057,2383.598594,1,1,2595.391982,1,1,2595.391982,1,1,211.7933882,0.088854469,211.7933882,0.088854469,1.088854469,1.088854469
0,10,0.2,1,46,1,1.261494253,0,0.09473332,4236.15739,2,2,4396.356294,1,2,4244.463614,2,2,160.1989042,0.037817033,8.306223984,0.001960792,1.037817033,1.001960792
0,10,0.2,1,46,0,0.913978495,1,0.386791527,2612.729715,1,1,2748.765652,1,1,2748.765652,1,1,136.0359371,0.052066594,136.0359371,0.052066594,1.052066594,1.052066594
0,10,0.2,1,48,0,0.721533258,0,0.028869013,3584.44375,2,2,3682.697977,1,2,3594.45083,2,2,98.25422669,0.02741129,10.00707946,0.002791808,1.02741129,1.002791808
0,10,0.2,1,51,1,1.039426523,1,0.787657029,1837.521064,1,1,1870.926754,1,1,1870.926754,1,1,33.40568988,0.018179759,33.40568988,0.018179759,1.018179759,1.018179759
0,10,0.2,1,48,0,0.857142857,1,0.689901644,2425.219345,1,1,2753.276162,1,1,2753.276162,1,1,328.0568175,0.135268927,328.0568175,0.135268927,1.135268927,1.135268927
0,10,0.2,1,49,0,0.137744035,0,0.24024591,1862.354205,1,1,1934.910531,1,1,1865.184133,2,1,72.55632582,0.038959466,2.829927711,0.001519543,1.038959466,1.001519543
0,10,0.2,1,48,0,0.02787068,1,0.766594532,1794.72519,1,1,1952.305094,0,1,1794.730256,1,1,157.5799041,0.08780169,0.005065645,2.82E-06,1.08780169,1.000002823
0,10,0.2,1,51,1,1.069007264,0,0.183365787,2546.57656,1,1,2567.538701,1,1,2567.538701,1,1,20.96214064,0.008231498,20.96214064,0.008231498,1.008231498,1.008231498
0,10,0.2,1,51,1,1.279549719,0,0.02457938,3389.924752,2,2,3562.787515,1,2,3403.790276,2,2,172.8627631,0.050993097,13.86552448,0.004090216,1.050993097,1.004090216
0,10,0.2,1,48,0,0.991578947,1,0.468403879,2778.059711,1,1,2964.765933,1,1,2964.765933,1,1,186.7062223,0.067207419,186.7062223,0.067207419,1.067207419,1.067207419
0,10,0.2,1,53,0,0.750294464,0,0.098939376,2187.06165,1,1,2187.06165,1,1,2187.06165,1,1,0,0,0,0,1,1
0,10,0.2,1,51,1,1.374749499,1,0.936689879,2001.083907,1,1,2630.130012,0,1,2002.036584,1,1,629.0461052,0.314352688,0.952676998,0.00047608,1.314352688,1.00047608
0,10,0.2,1,51,0,0.182124789,1,0.636581975,1221.898534,1,1,1266.538211,1,1,1266.538211,1,1,44.63967621,0.036533047,44.63967621,0.036533047,1.036533047,1.036533047
0,10,0.2,1,51,0,0.219554031,0,0.155377659,1218.143455,1,1,1290.288559,1,1,1290.288559,1,1,72.14510434,0.059225458,72.14510434,0.059225458,1.059225458,1.059225458
0,10,0.2,1,54,0,0.202868852,1,0.98151361,1080.167763,1,1,1961.98234,0,1,1080.167763,1,1,881.8145774,0.816368168,1.08E-07,1.00E-10,1.816368168,1
0,10,0.2,1,45,0,0.008025682,0,0.184725303,1246.062148,1,1,1254.851016,1,1,1254.851016,1,1,8.788867334,0.007053314,8.788867334,0.007053314,1.007053314,1.007053314
0,10,0.2,1,51,0,0.814268143,1,0.391129629,2187.884311,1,1,2351.566529,1,1,2351.566529,1,1,163.6822177,0.074813013,163.6822177,0.074813013,1.074813013,1.074813013
0,10,0.2,1,46,0,0.311145511,1,0.530813385,1379.681339,1,1,1565.108359,1,1,1565.108359,1,1,185.42702,0.13439844,185.42702,0.13439844,1.13439844,1.13439844
0,10,0.2,1,49,0,0.946774194,1,0.894369424,1871.089468,1,1,2109.67541,1,1,2109.67541,1,1,238.5859415,0.127511776,238.5859415,0.127511776,1.127511776,1.127511776
0,10,0.2,1,52,0,0.029572837,1,0.656982437,1826.809987,1,1,1920.173155,0,1,1826.819945,1,1,93.36316851,0.051107214,0.009957866,5.45E-06,1.051107214,1.000005451
0,10,0.2,1,51,0,0.231316726,1,0.743218399,1186.138949,1,1,1243.035011,1,1,1243.035011,1,1,56.89606202,0.047967451,56.89606202,0.047967451,1.047967451,1.047967451
0,10,0.2,1,51,0,0.381526104,1,0.502714216,1194.214487,1,1,1194.214487,1,1,1194.214487,1,1,0,0,0,0,1,1
0,10,0.2,1,49,1,1.259887006,1,0.808183117,2458.860939,1,1,2751.922193,1,1,2751.922193,1,1,293.0612537,0.119185778,293.0612537,0.119185778,1.119185778,1.119185778
0,10,0.2,1,50,0,0.016025641,1,0.379396379,1872.242859,1,1,1910.051897,0,1,1872.242859,1,1,37.80903774,0.020194516,0,0,1.020194516,1
0,10,0.2,1,50,0,0.914183552,0,0.319273942,2369.570341,1,1,2496.171621,1,1,2496.171621,1,1,126.6012806,0.053427948,126.6012806,0.053427948,1.053427948,1.053427948
0,10,0.2,1,48,1,1.723404255,1,0.43389897,2394.2667,1,1,2459.3785,1,1,2459.3785,1,1,65.11180048,0.027194882,65.11180048,0.027194882,1.027194882,1.027194882
0,10,0.2,1,52,0,0.075351213,1,0.835183041,1571.217996,1,1,1933.743046,0,1,1571.108777,1,1,362.5250501,0.230728677,-0.109219125,-6.95E-05,1.230728677,0.999930488
0,10,0.2,1,51,0,0.948766603,1,0.482079401,1692.656884,1,1,1761.513581,1,1,1761.513581,1,1,68.85669727,0.040679655,68.85669727,0.040679655,1.040679655,1.040679655
0,10,0.2,1,47,1,1.045180723,1,0.816403553,2097.884516,1,1,2394.210168,1,1,2394.210168,1,1,296.3256523,0.141249745,296.3256523,0.141249745,1.141249745,1.141249745
0,10,0.2,1,52,0,0.001508296,1,0.527352737,1326.002159,1,1,1327.000754,1,1,1326.003032,2,1,0.998595508,0.000753087,0.000873572,6.59E-07,1.000753087,1.000000659
0,10,0.2,1,51,0,0.592631579,1,0.700157193,2241.099292,1,1,2565.879472,1,1,2565.879472,1,1,324.7801803,0.144920032,324.7801803,0.144920032,1.144920032,1.144920032
0,10,0.2,1,52,1,1.012987013,1,0.653218591,2325.164433,1,1,2660.163951,1,1,2660.163951,1,1,334.9995187,0.144075625,334.9995187,0.144075625,1.144075625,1.144075625
0,10,0.2,1,55,1,1.414258189,1,0.781856963,2091.794666,1,1,2091.794666,1,1,2091.794666,1,1,0,0,0,0,1,1
0,10,0.2,1,48,1,1.107554417,1,0.640713997,2480.183524,1,1,2723.397431,1,1,2723.397431,1,1,243.2139067,0.098062867,243.2139067,0.098062867,1.098062867,1.098062867
0,10,0.2,1,50,0,0.189655172,0,0.27234332,1890.910682,1,1,1992.58454,1,1,1896.44524,2,1,101.6738584,0.053769784,5.534558253,0.002926927,1.053769784,1.002926927
0,10,0.2,1,51,0,0.922209696,1,0.450251659,2510.524285,1,1,2696.835773,1,1,2696.835773,1,1,186.3114884,0.074212183,186.3114884,0.074212183,1.074212183,1.074212183
0,10,0.2,1,51,1,1.491365777,1,0.35267246,2532.077083,1,1,2596.797955,1,1,2596.797955,1,1,64.72087167,0.025560388,64.72087167,0.025560388,1.025560388,1.025560388
0,10,0.2,1,47,0,0.373972603,1,0.435128517,1583.869641,1,1,1796.736054,1,1,1796.736054,1,1,212.8664131,0.134396422,212.8664131,0.134396422,1.134396422,1.134396422
0,10,0.2,1,47,0,0.850068776,0,0.138467067,2020.088609,1,1,2039.384443,1,1,2039.384443,1,1,19.29583466,0.009551974,19.29583466,0.009551974,1.009551974,1.009551974
0,10,0.2,1,49,0,0.125819135,1,0.687538882,1539.866686,1,1,1613.339805,1,1,1541.482796,2,1,73.47311942,0.047713948,1.616110105,0.001049513,1.047713948,1.001049513
0,10,0.2,1,50,0,0.192493947,0,0.10555995,1685.531983,1,1,1767.394038,1,1,1691.803639,2,1,81.86205476,0.048567488,6.2716562,0.003720876,1.048567488,1.003720876
0,10,0.2,1,47,0,0.221122112,1,0.514758115,1864.582937,1,1,2020.157967,1,1,1873.743713,2,1,155.5750297,0.083436905,9.160775743,0.004913043,1.083436905,1.004913043
1,10,0.6,1,46,0,0.316846986,0,0.300102429,1383.742426,1,1,1485.192545,1,1,1485.192545,1,1,101.4501194,0.073315754,101.4501194,0.073315754,1.073315754,1.073315754
1,10,0.6,1,53,1,1.036893204,0,0.149191608,2809.107076,2,2,2907.429257,1,2,2809.835844,2,2,98.3221807,0.035001222,0.72876838,0.000259431,1.035001222,1.000259431
1,10,0.6,1,50,1,1.055284553,1,0.501110612,1967.953835,1,1,2033.034718,1,1,2033.034718,1,1,65.08088242,0.03307033,65.08088242,0.03307033,1.03307033,1.03307033
1,10,0.6,1,49,0,0.062068966,1,0.40827801,1164.082074,1,1,1173.528495,1,1,1173.528495,1,1,9.446421017,0.00811491,9.446421017,0.00811491,1.00811491,1.00811491
1,10,0.6,1,49,1,1.139695712,1,0.62997934,2359.031717,1,1,2546.635609,1,1,2546.635609,1,1,187.6038921,0.079525803,187.6038921,0.079525803,1.079525803,1.079525803
1,10,0.6,1,45,1,1.543828265,0,0.104695542,4067.800675,2,2,4183.046812,1,2,4069.077911,2,2,115.246137,0.028331314,1.277236048,0.000313987,1.028331314,1.000313987
1,10,0.6,1,51,1,1.153937947,1,0.657317194,2700.296992,1,1,3009.723847,1,1,3009.723847,1,1,309.4268549,0.114589934,309.4268549,0.114589934,1.114589934,1.114589934
1,10,0.6,1,48,0,0.820512821,1,0.436715635,2399.642657,1,1,2594.910466,1,1,2594.910466,1,1,195.2678093,0.081373703,195.2678093,0.081373703,1.081373703,1.081373703
1,10,0.6,1,51,1,1.832669323,0,0.135254831,4301.147204,2,2,4361.761211,2,2,4361.761211,2,2,60.61400737,0.014092521,60.61400737,0.014092521,1.014092521,1.014092521
1,10,0.6,1,54,1,1.03803681,0,0.259182223,2482.311052,1,1,2538.908123,1,1,2482.393844,1,1,56.59707037,0.022800152,0.082791593,3.34E-05,1.022800152,1.000033353
1,10,0.6,1,51,0,0.254927727,0,0.149777338,1581.475292,1,1,1656.374176,1,1,1656.374176,1,1,74.89888428,0.047360136,74.89888428,0.047360136,1.047360136,1.047360136
1,10,0.6,1,53,0,0.653160454,1,0.881225075,1588.977747,1,1,1722.556576,1,1,1722.556576,1,1,133.5788282,0.08406589,133.5788282,0.08406589,1.08406589,1.08406589
1,10,0.6,1,47,1,1.333333333,1,0.413463223,2236.502263,1,1,2356.089325,1,1,2356.089325,1,1,119.587062,0.053470575,119.587062,0.053470575,1.053470575,1.053470575
1,10,0.6,1,49,0,0.868306802,1,0.914282265,1963.775486,1,1,2208.143213,1,1,2208.143213,1,1,244.3677269,0.124437711,244.3677269,0.124437711,1.124437711,1.124437711
1,10,0.6,1,47,0,0.415852334,1,0.549989273,2008.350854,1,1,2224.998401,1,1,2224.998401,1,1,216.6475472,0.107873356,216.6475472,0.107873356,1.107873356,1.107873356
1,10,0.6,1,46,0,0.00610998,0,0.27019439,982.0894645,1,1,982.624938,1,1,982.624938,1,1,0.535473535,0.000545239,0.535473535,0.000545239,1.000545239,1.000545239
1,10,0.6,1,51,0,0.700996678,1,0.487533464,2264.777194,1,1,2476.668478,1,1,2476.668478,1,1,211.8912844,0.093559439,211.8912844,0.093559439,1.093559439,1.093559439
1,10,0.6,1,50,0,0.357664234,0,0.220952031,1243.237585,1,1,1295.755211,1,1,1295.755211,1,1,52.51762569,0.04224263,52.51762569,0.04224263,1.04224263,1.04224263
1,10,0.6,1,42,0,0.317979198,0,0.167316362,1434.682794,1,1,1561.047906,1,1,1561.047906,1,1,126.3651121,0.088078781,126.3651121,0.088078781,1.088078781,1.088078781
1,10,0.6,1,48,0,0.902759527,1,0.855452851,2165.296998,1,1,2345.748721,1,1,2345.748721,1,1,180.4517232,0.083338093,180.4517232,0.083338093,1.083338093,1.083338093
1,10,0.6,1,51,0,0.898230088,1,0.910458998,1952.53978,1,1,2519.911137,0,1,1952.53978,1,1,567.3713568,0.290581202,1.95E-07,1.00E-10,1.290581202,1
1,10,0.6,1,50,1,1.05982906,1,0.746054165,2190.864088,1,1,2484.058815,1,1,2484.058815,1,1,293.1947263,0.133826068,293.1947263,0.133826068,1.133826068,1.133826068
1,10,0.6,1,51,0,0.671662125,1,0.657958496,1847.614943,1,1,2096.425518,1,1,2096.425518,1,1,248.8105754,0.134665817,248.8105754,0.134665817,1.134665817,1.134665817
1,10,0.6,1,48,0,0.326708075,1,0.40752463,1705.828909,1,1,1906.994717,1,1,1737.324745,2,1,201.165808,0.117928479,31.4958365,0.018463655,1.117928479,1.018463655
1,10,0.6,1,49,0,0.067307692,1,0.424920536,1460.121224,1,1,1502.810169,1,1,1461.223596,2,1,42.68894557,0.029236576,1.102372656,0.000754987,1.029236576,1.000754987
1,10,0.6,1,48,0,0.682126697,1,0.511090787,2196.705034,1,1,2417.200485,1,1,2417.200485,1,1,220.4954509,0.100375539,220.4954509,0.100375539,1.100375539,1.100375539
1,10,0.6,1,45,0,0.951965066,1,0.855395798,2620.313583,1,1,3061.736129,1,1,3061.736129,1,1,441.422546,0.168461725,441.422546,0.168461725,1.168461725,1.168461725
1,10,0.6,1,46,0,0.80785124,0,0.009981501,2387.121445,2,2,2518.236446,2,2,2518.236446,2,2,131.115001,0.054925987,131.115001,0.054925987,1.054925987,1.054925987
1,10,0.6,1,46,1,1.347560976,1,0.791194171,1957.04493,1,1,1957.04493,1,1,1957.04493,1,1,0,0,0,0,1,1
1,10,0.6,1,52,0,0.274099884,1,0.897653087,1792.418143,1,1,2104.536421,0,1,1792.418143,1,1,312.118278,0.174132514,4.55E-13,2.54E-16,1.174132514,1
1,10,0.6,1,46,0,0.391124871,1,0.720783142,2093.858359,1,1,2324.074669,1,1,2150.936458,2,1,230.2163095,0.109948368,57.0780981,0.02725977,1.109948368,1.02725977
1,10,0.6,1,50,0,0.492805755,1,0.521229861,1886.636359,1,1,2123.436272,1,1,2123.436272,1,1,236.7999131,0.125514338,236.7999131,0.125514338,1.125514338,1.125514338
1,10,0.6,1,44,0,0.050870147,1,0.551166001,1496.298832,1,1,1520.819305,1,1,1496.831524,2,1,24.52047285,0.016387417,0.532692264,0.000356007,1.016387417,1.000356007
1,10,0.6,1,52,0,0.960307298,0,0.199916047,2290.883228,1,1,2292.356229,1,1,2292.356229,1,1,1.473001821,0.000642984,1.473001821,0.000642984,1.000642984,1.000642984
1,10,0.6,1,52,1,1.370184255,1,0.784988895,2266.471804,1,1,2386.763562,1,1,2386.763562,1,1,120.2917578,0.053074456,120.2917578,0.053074456,1.053074456,1.053074456
1,10,0.6,1,51,1,1.100113766,1,0.436347672,2745.751662,1,1,2914.693083,1,1,2914.693083,1,1,168.9414212,0.061528296,168.9414212,0.061528296,1.061528296,1.061528296
1,10,0.6,1,51,1,1.061313869,1,0.971697222,2159.723883,1,1,2732.093478,0,1,2159.723883,1,1,572.369595,0.265019802,0,0,1.265019802,1
1,10,0.6,1,55,0,0.731767614,1,0.435081349,2081.472002,1,1,2286.007166,1,1,2286.007166,1,1,204.5351642,0.098264672,204.5351642,0.098264672,1.098264672,1.098264672
1,10,0.6,1,48,0,0.74522293,1,0.89274131,2407.864098,1,1,2829.891693,0,1,2407.864098,1,1,422.0275953,0.175270521,2.41E-07,1.00E-10,1.175270521,1
1,10,0.6,1,49,0,0.218222722,1,0.614497231,1823.928615,1,1,1953.072122,1,1,1831.739194,2,1,129.1435072,0.070805132,7.810578959,0.004282283,1.070805132,1.004282283
1,10,0.6,1,54,1,1.253246753,0,0.143538208,4606.92748,2,2,4696.561794,1,2,4607.865939,2,2,89.63431335,0.019456419,0.938458847,0.000203706,1.019456419,1.000203706
1,10,0.6,1,51,0,0.302752294,0,0.123567896,1203.965966,1,1,1266.940868,1,1,1266.940868,1,1,62.97490184,0.052306214,62.97490184,0.052306214,1.052306214,1.052306214
1,10,0.6,1,50,0,0.478813559,0,0.227472451,1205.365429,1,1,1216.371651,1,1,1216.371651,1,1,11.00622225,0.009131025,11.00622225,0.009131025,1.009131025,1.009131025
1,10,0.6,1,45,0,0.937313433,1,0.349347048,1970.959048,1,1,2100.417275,1,1,2100.417275,1,1,129.4582267,0.06568286,129.4582267,0.06568286,1.06568286,1.06568286
1,10,0.6,1,52,1,1.678756477,1,0.391549386,2553.88824,1,1,2626.110813,1,1,2626.110813,1,1,72.22257298,0.028279457,72.22257298,0.028279457,1.028279457,1.028279457
1,10,0.6,1,52,1,1.173913043,1,0.806286742,1779.059914,1,1,1825.627306,1,1,1825.627306,1,1,46.56739148,0.02617528,46.56739148,0.02617528,1.02617528,1.02617528
1,10,0.6,1,50,0,0.994059406,1,0.351589424,1678.395337,1,1,1678.395337,1,1,1678.395337,1,1,0,0,0,0,1,1
1,10,0.6,1,49,0,0.189681335,1,0.334171535,1351.637537,1,1,1427.536971,1,1,1427.536971,1,1,75.89943429,0.056153689,75.89943429,0.056153689,1.056153689,1.056153689
1,10,0.6,1,49,0,0.799168975,1,0.469493713,1935.036691,1,1,2205.517136,1,1,2205.517136,1,1,270.4804446,0.139780525,270.4804446,0.139780525,1.139780525,1.139780525
1,10,0.6,1,53,1,1.297520661,1,0.623152045,2576.78322,1,1,2830.68918,1,1,2830.68918,1,1,253.9059598,0.098536019,253.9059598,0.098536019,1.098536019,1.098536019
1,10,0.6,1,48,0,0.745901639,1,0.896577196,2197.659978,1,1,2658.448709,0,1,2197.659978,1,1,460.7887311,0.209672441,2.20E-07,1.00E-10,1.209672441,1
1,10,0.6,1,53,0,0.64380531,1,0.727471997,2193.72221,1,1,2548.291673,1,1,2548.291673,1,1,354.569463,0.161629153,354.569463,0.161629153,1.161629153,1.161629153
1,10,0.6,1,50,0,0.201540436,1,0.512090526,1594.330575,1,1,1692.712523,1,1,1602.261152,2,1,98.38194783,0.061707371,7.930576651,0.004974236,1.061707371,1.004974236
1,10,0.6,1,50,0,0.131994261,1,0.339120923,1409.624738,1,1,1484.392689,1,1,1412.307528,2,1,74.76795075,0.053041032,2.682790175,0.001903195,1.053041032,1.001903195
1,10,0.6,1,47,0,0.647773279,1,0.486657132,1384.151707,1,1,1459.94751,1,1,1459.94751,1,1,75.79580236,0.054759751,75.79580236,0.054759751,1.054759751,1.054759751
1,10,0.6,1,46,0,0.723484848,1,0.530196499,1485.257227,1,1,1531.034219,1,1,1531.034219,1,1,45.77699234,0.030820919,45.77699234,0.030820919,1.030820919,1.030820919
1,10,0.6,1,50,0,0.704359673,1,0.93726482,1884.313628,1,1,2078.356306,1,1,2078.356306,1,1,194.0426781,0.102977909,194.0426781,0.102977909,1.102977909,1.102977909
1,10,0.6,1,47,0,0.14683153,0,0.004228995,1313.566238,1,1,1347.745486,1,1,1347.745486,1,1,34.17924828,0.026020194,34.17924828,0.026020194,1.026020194,1.026020194
1,10,0.6,1,44,0,0.027202073,0,0.252945229,1544.661088,1,1,1550.248051,1,1,1544.670929,2,1,5.586963678,0.003616951,0.009840974,6.37E-06,1.003616951,1.000006371
1,10,0.6,1,50,1,1.431888545,0,0.294287515,2497.412648,1,1,2518.26007,1,1,2518.26007,1,1,20.84742192,0.008347608,20.84742192,0.008347608,1.008347608,1.008347608
1,10,0.6,1,46,0,0.280846063,1,0.759398487,1775.929784,1,1,2011.473372,1,1,1795.163236,2,1,235.5435881,0.132631138,19.23345184,0.010830074,1.132631138,1.010830074
1,10,0.6,1,46,0,0.415632754,1,0.345563531,1769.180493,1,1,1935.725434,1,1,1935.725434,1,1,166.5449411,0.094136772,166.5449411,0.094136772,1.094136772,1.094136772
1,10,0.6,1,51,0,0.843301435,1,0.695093932,2278.059652,1,1,2610.990122,1,1,2610.990122,1,1,332.9304707,0.146146511,332.9304707,0.146146511,1.146146511,1.146146511
1,10,0.6,1,49,1,1.201481481,1,0.778916131,2293.373017,1,1,2467.799285,1,1,2467.799285,1,1,174.4262681,0.07605665,174.4262681,0.07605665,1.07605665,1.07605665
1,10,0.6,1,52,0,0.478540773,1,0.544730491,2089.229847,1,1,2313.066074,1,1,2313.066074,1,1,223.8362269,0.107138153,223.8362269,0.107138153,1.107138153,1.107138153
1,10,0.6,1,51,0,0.320163488,0,0.295723112,1561.582938,1,1,1715.135552,1,1,1715.135552,1,1,153.5526139,0.098331386,153.5526139,0.098331386,1.098331386,1.098331386
1,10,0.6,1,47,0,0.960479042,1,0.914563794,2429.50873,1,1,2791.774586,1,1,2791.774586,1,1,362.2658558,0.149110745,362.2658558,0.149110745,1.149110745,1.149110745
1,10,0.6,1,49,0,0.054054054,0,0.231345877,1260.918249,1,1,1272.71374,1,1,1272.71374,1,1,11.7954916,0.009354684,11.7954916,0.009354684,1.009354684,1.009354684
1,10,0.6,1,52,0,0.084946237,1,0.523925531,1866.987059,1,1,1946.450546,1,1,1867.832741,2,1,79.46348661,0.04256242,0.845681191,0.000452966,1.04256242,1.000452966
1,10,0.6,1,52,0,0.598540146,1,0.483311143,2270.896047,1,1,2475.251407,1,1,2475.251407,1,1,204.3553596,0.089988866,204.3553596,0.089988866,1.089988866,1.089988866
1,10,0.6,1,52,0,0.644230769,0,0.262686198,1596.95004,1,1,1703.502024,1,1,1703.502024,1,1,106.5519835,0.066722177,106.5519835,0.066722177,1.066722177,1.066722177
1,10,0.6,1,48,1,1.336162988,1,0.920341757,2199.664576,1,1,2341.206327,1,1,2341.206327,1,1,141.5417503,0.06434697,141.5417503,0.06434697,1.06434697,1.06434697
1,10,0.6,1,49,1,1.253481894,1,0.729691837,2492.042164,1,1,2833.44706,1,1,2833.44706,1,1,341.4048961,0.136998042,341.4048961,0.136998042,1.136998042,1.136998042
1,10,0.6,1,51,1,1.105367793,0,0.284824628,2870.268536,2,1,2870.268536,1,2,2870.268536,1,2,0,0,0,0,1,1
1,10,0.6,1,53,1,1.089005236,0,0.165761425,4084.34232,2,2,4127.281094,1,2,4092.83601,2,2,42.93877351,0.01051302,8.49368974,0.002079573,1.01051302,1.002079573
1,10,0.6,1,50,1,1.268595041,1,0.480687387,2525.693646,1,1,2721.59238,1,1,2721.59238,1,1,195.8987342,0.07756235,195.8987342,0.07756235,1.07756235,1.07756235
1,10,0.6,1,51,0,0.544008484,0,0.227676825,2176.578841,1,1,2290.611865,1,1,2176.578841,1,1,114.0330243,0.052390946,0,0,1.052390946,1
1,10,0.6,1,47,0,0.219858156,1,0.480908587,1454.588422,1,1,1577.889536,1,1,1577.889536,1,1,123.3011147,0.084767012,123.3011147,0.084767012,1.084767012,1.084767012
1,10,0.6,1,52,0,0.244746601,1,0.382484253,1672.678892,1,1,1844.940663,1,1,1685.091178,2,1,172.2617711,0.102985559,12.41228606,0.007420603,1.102985559,1.007420603
1,10,0.6,1,51,0,0.366137566,0,0.087283909,2024.476058,1,1,2056.956663,1,1,2024.476058,1,1,32.48060488,0.016043956,0,0,1.016043956,1
1,10,0.6,1,48,0,0.841004184,1,0.636434721,1991.799506,1,1,2139.921015,1,1,2139.921015,1,1,148.1215088,0.074365672,148.1215088,0.074365672,1.074365672,1.074365672
1,10,0.6,1,55,0,0.947530864,1,0.826744949,1941.435428,1,1,2126.377028,1,1,2126.377028,1,1,184.9416002,0.095260238,184.9416002,0.095260238,1.095260238,1.095260238
1,10,0.6,1,50,0,0.266756032,0,0.044609582,1554.342283,1,1,1590.788257,1,1,1590.788257,1,1,36.44597429,0.023447843,36.44597429,0.023447843,1.023447843,1.023447843
1,10,0.6,1,47,0,0.865831843,0,0.086022016,2671.164154,2,2,2803.343277,1,2,2685.848728,2,2,132.1791228,0.049483714,14.68457416,0.005497444,1.049483714,1.005497444
1,10,0.6,1,50,0,0.907749077,1,0.883155732,2299.822888,1,1,2603.499196,1,1,2603.499196,1,1,303.6763086,0.132043346,303.6763086,0.132043346,1.132043346,1.132043346
1,10,0.6,1,48,1,1.079439252,0,0.20719924,3438.943448,1,2,3438.943448,1,2,3438.943448,1,2,0,0,0,0,1,1
1,10,0.6,1,49,0,0.961335677,0,0.046502143,3020.717766,2,2,3253.15421,1,2,3048.062526,2,2,232.436444,0.076947422,27.34476051,0.009052405,1.076947422,1.009052405
1,10,0.6,1,49,0,0.155747837,1,0.866461362,1640.133425,1,1,1984.28262,0,1,1640.89031,1,1,344.1491949,0.209829999,0.75688482,0.000461478,1.209829999,1.000461478
1,10,0.6,1,54,0,0.247440273,0,0.197997097,1237.088898,1,1,1306.949693,1,1,1306.949693,1,1,69.86079484,0.056471928,69.86079484,0.056471928,1.056471928,1.056471928
1,10,0.6,1,49,1,1.128,1,0.846975323,2069.181953,1,1,2292.435423,1,1,2292.435423,1,1,223.2534706,0.107894557,223.2534706,0.107894557,1.107894557,1.107894557
1,10,0.6,1,44,0,0.444576877,1,0.543805578,1860.44508,1,1,2074.132567,1,1,2074.132567,1,1,213.6874869,0.114858261,213.6874869,0.114858261,1.114858261,1.114858261
1,10,0.6,1,50,0,0.331406551,0,0.266923726,1181.457311,1,1,1216.289608,1,1,1216.289608,1,1,34.8322964,0.029482484,34.8322964,0.029482484,1.029482484,1.029482484
1,10,0.6,1,53,1,1.205479452,1,0.62035288,2056.004062,1,1,2282.788154,1,1,2282.788154,1,1,226.7840922,0.110303329,226.7840922,0.110303329,1.110303329,1.110303329
1,10,0.6,1,47,0,0.601801802,1,0.749653159,1437.653527,1,1,1493.903508,1,1,1493.903508,1,1,56.24998076,0.039126243,56.24998076,0.039126243,1.039126243,1.039126243
1,10,0.6,1,51,0,0.907504363,1,0.572846592,1733.671746,1,1,1857.853686,1,1,1857.853686,1,1,124.1819403,0.071629442,124.1819403,0.071629442,1.071629442,1.071629442
1,10,0.6,1,50,0,0.879063719,0,0.256696581,2156.754889,1,1,2233.056481,1,1,2233.056481,1,1,76.3015922,0.035377962,76.3015922,0.035377962,1.035377962,1.035377962
1,10,0.6,1,48,0,0.181122449,0,0.035811454,1597.603515,1,1,1657.954031,1,1,1603.313976,2,1,60.35051667,0.037775653,5.710461373,0.003574392,1.037775653,1.003574392
